Source,Target,Type,Weight
7606,113947,Undirected,3
23891,188704,Undirected,3
188704,191045,Undirected,3
188704,252281,Undirected,3
90234,91954,Undirected,5
90234,137841,Undirected,3
90234,161956,Undirected,3
90234,265988,Undirected,9
90234,266576,Undirected,3
90234,378413,Undirected,3
90234,383523,Undirected,3
91954,137841,Undirected,5
91954,161956,Undirected,3
91954,265988,Undirected,7
91954,266576,Undirected,4
91954,378413,Undirected,3
91954,383523,Undirected,3
137841,161956,Undirected,3
137841,265988,Undirected,3
137841,266576,Undirected,3
137841,378413,Undirected,3
137841,383523,Undirected,3
161956,265988,Undirected,4
161956,266576,Undirected,6
161956,378413,Undirected,3
161956,383523,Undirected,3
237769,265988,Undirected,3
265988,266576,Undirected,3
265988,378413,Undirected,3
265988,383523,Undirected,3
266576,378413,Undirected,3
266576,383523,Undirected,3
378413,383523,Undirected,3
42432,270483,Undirected,11
42432,376841,Undirected,10
142710,199039,Undirected,3
142710,390254,Undirected,3
199039,390254,Undirected,3
270483,376841,Undirected,10
92164,112257,Undirected,3
42117,188704,Undirected,3
139197,352805,Undirected,3
76214,147868,Undirected,3
76214,275736,Undirected,5
147868,275736,Undirected,3
121148,198904,Undirected,5
181075,326594,Undirected,3
6844,352534,Undirected,3
146643,188704,Undirected,6
42502,72785,Undirected,4
42502,103256,Undirected,5
42502,112257,Undirected,8
42502,150845,Undirected,8
42502,233697,Undirected,5
42502,337898,Undirected,8
42502,381994,Undirected,5
72785,103256,Undirected,3
72785,112257,Undirected,3
72785,150845,Undirected,4
72785,233697,Undirected,4
72785,337898,Undirected,4
103256,112257,Undirected,5
103256,150845,Undirected,5
103256,233697,Undirected,3
103256,337898,Undirected,6
103256,381994,Undirected,5
112257,150845,Undirected,8
112257,233697,Undirected,4
112257,337898,Undirected,9
112257,381994,Undirected,5
150845,233697,Undirected,4
150845,337898,Undirected,7
150845,381994,Undirected,6
233697,337898,Undirected,5
337898,381994,Undirected,5
22548,112257,Undirected,3
22548,150845,Undirected,3
22548,337898,Undirected,3
103256,273157,Undirected,3
103256,291095,Undirected,4
112257,187507,Undirected,5
112257,273157,Undirected,3
112257,291095,Undirected,4
150845,187507,Undirected,4
150845,273157,Undirected,3
150845,291095,Undirected,6
187507,291095,Undirected,3
187507,337898,Undirected,3
187507,381994,Undirected,3
273157,337898,Undirected,3
273157,381994,Undirected,3
291095,337898,Undirected,4
291095,381994,Undirected,3
252711,370868,Undirected,4
67852,269212,Undirected,3
269212,393361,Undirected,3
70274,131420,Undirected,3
70274,145314,Undirected,3
70274,241695,Undirected,3
70274,264038,Undirected,5
74140,264038,Undirected,3
131420,264038,Undirected,3
264038,275736,Undirected,4
137761,163308,Undirected,3
46169,60543,Undirected,5
46169,103649,Undirected,3
46169,133305,Undirected,6
46169,198141,Undirected,5
46169,255296,Undirected,4
46169,336608,Undirected,3
60543,103649,Undirected,3
60543,133305,Undirected,3
60543,255296,Undirected,5
60543,336608,Undirected,3
103649,133305,Undirected,4
103649,255296,Undirected,3
103649,336608,Undirected,4
133305,198141,Undirected,5
133305,255296,Undirected,4
133305,336608,Undirected,3
198141,255296,Undirected,3
255296,336608,Undirected,3
46169,61809,Undirected,4
61809,103649,Undirected,3
48194,74140,Undirected,3
60460,227438,Undirected,3
60460,369942,Undirected,3
102291,343173,Undirected,3
102291,369942,Undirected,3
227438,343173,Undirected,3
227438,369942,Undirected,4
343173,369942,Undirected,5
53084,269502,Undirected,3
265988,326865,Undirected,3
98812,309378,Undirected,4
176310,194243,Undirected,3
190604,295171,Undirected,4
247827,264557,Undirected,3
104828,369942,Undirected,3
4648,155927,Undirected,3
4648,278523,Undirected,3
4648,366527,Undirected,3
155927,278523,Undirected,4
42117,204884,Undirected,3
42117,213537,Undirected,3
42117,267148,Undirected,3
42117,340985,Undirected,3
204884,267148,Undirected,3
204884,340985,Undirected,3
267148,340985,Undirected,3
191045,351273,Undirected,3
208870,351273,Undirected,3
77950,186474,Undirected,3
77950,390050,Undirected,4
186474,390244,Undirected,3
305081,390244,Undirected,3
64075,65612,Undirected,3
42104,367782,Undirected,6
68638,205670,Undirected,3
68638,297938,Undirected,3
213073,223918,Undirected,3
213073,225269,Undirected,3
213073,244712,Undirected,5
213073,338644,Undirected,3
213073,368616,Undirected,4
223918,225269,Undirected,3
223918,244712,Undirected,4
223918,338644,Undirected,3
223918,368616,Undirected,3
225269,244712,Undirected,3
225269,338644,Undirected,3
225269,368616,Undirected,3
244712,338644,Undirected,3
244712,368616,Undirected,4
338644,368616,Undirected,3
234361,287735,Undirected,4
25864,262858,Undirected,3
25864,350591,Undirected,3
262858,350591,Undirected,3
12156,188704,Undirected,3
8053,372103,Undirected,10
221965,372103,Undirected,4
61601,68292,Undirected,3
385306,387024,Undirected,4
132938,389175,Undirected,3
113145,353139,Undirected,3
367782,387872,Undirected,3
24314,42104,Undirected,6
24314,61322,Undirected,3
24314,170016,Undirected,4
24314,291819,Undirected,5
24314,387072,Undirected,3
42104,170016,Undirected,5
42104,291819,Undirected,7
42104,387072,Undirected,3
61322,170016,Undirected,4
61322,291819,Undirected,3
61322,387072,Undirected,3
170016,291819,Undirected,4
170016,387072,Undirected,4
291819,387072,Undirected,4
314829,323669,Undirected,3
98315,186476,Undirected,9
98315,309485,Undirected,9
186476,309485,Undirected,11
172388,194637,Undirected,4
172388,295714,Undirected,3
295714,326594,Undirected,3
131317,184390,Undirected,3
42117,180818,Undirected,3
42117,252152,Undirected,5
223918,230208,Undirected,3
38845,300993,Undirected,3
146643,307474,Undirected,5
155386,160925,Undirected,3
155386,216869,Undirected,4
155386,324652,Undirected,4
155386,369865,Undirected,4
160925,216869,Undirected,5
160925,324652,Undirected,4
160925,369865,Undirected,5
160925,387072,Undirected,3
216869,324652,Undirected,5
216869,369865,Undirected,7
216869,387072,Undirected,4
324652,369865,Undirected,5
369865,387072,Undirected,5
208542,367782,Undirected,3
301137,304724,Undirected,3
297631,378039,Undirected,3
42557,185733,Undirected,4
44435,187460,Undirected,4
170409,187460,Undirected,3
185733,353500,Undirected,3
79369,143877,Undirected,3
79369,158433,Undirected,3
79369,225269,Undirected,3
143877,158433,Undirected,3
143877,225269,Undirected,3
158433,225269,Undirected,4
208542,213958,Undirected,3
208542,274962,Undirected,3
38309,197163,Undirected,3
40742,79755,Undirected,4
40742,369942,Undirected,3
79755,369942,Undirected,3
7152,86922,Undirected,8
7152,116877,Undirected,8
7152,317710,Undirected,5
7152,326372,Undirected,8
7152,371074,Undirected,4
86922,116877,Undirected,11
86922,317710,Undirected,6
86922,326372,Undirected,12
86922,371074,Undirected,6
116877,317710,Undirected,7
116877,326372,Undirected,12
116877,371074,Undirected,5
317710,326372,Undirected,6
317710,371074,Undirected,3
326372,371074,Undirected,6
7152,264908,Undirected,5
7152,369298,Undirected,3
86922,131420,Undirected,3
86922,264908,Undirected,5
95047,264908,Undirected,5
116877,131420,Undirected,3
116877,264908,Undirected,5
131420,264908,Undirected,3
131420,326372,Undirected,3
264908,317710,Undirected,3
264908,326372,Undirected,5
7152,307474,Undirected,4
86922,307474,Undirected,4
95035,264908,Undirected,3
116877,307474,Undirected,4
264908,307474,Undirected,5
307474,317710,Undirected,3
307474,326372,Undirected,4
7152,146643,Undirected,5
86922,146643,Undirected,3
116877,146643,Undirected,3
146643,317710,Undirected,4
146643,326372,Undirected,3
38736,43745,Undirected,3
38736,291819,Undirected,7
38736,318399,Undirected,3
38736,364088,Undirected,3
43745,291819,Undirected,3
43745,318399,Undirected,3
43745,364088,Undirected,3
291819,318399,Undirected,3
291819,364088,Undirected,3
318399,364088,Undirected,3
197849,310973,Undirected,3
197854,310973,Undirected,3
23547,46169,Undirected,4
56225,69273,Undirected,3
56225,72747,Undirected,7
56225,76672,Undirected,10
56225,78545,Undirected,8
56225,109373,Undirected,12
56225,186521,Undirected,3
56225,271223,Undirected,13
69273,72747,Undirected,7
69273,76672,Undirected,3
69273,78545,Undirected,8
69273,109373,Undirected,3
69273,271223,Undirected,3
72747,76672,Undirected,7
72747,78545,Undirected,9
72747,109373,Undirected,6
72747,186521,Undirected,3
72747,271223,Undirected,7
76672,78545,Undirected,9
76672,109373,Undirected,9
76672,186521,Undirected,3
76672,271223,Undirected,10
78545,109373,Undirected,7
78545,178615,Undirected,3
78545,186521,Undirected,3
78545,271223,Undirected,8
109373,186521,Undirected,3
109373,271223,Undirected,12
186521,271223,Undirected,3
28287,30474,Undirected,4
28287,56225,Undirected,9
28287,76672,Undirected,6
28287,109373,Undirected,8
28287,184913,Undirected,3
28287,198779,Undirected,3
28287,271223,Undirected,10
28287,326365,Undirected,4
30474,56225,Undirected,4
30474,76672,Undirected,5
30474,109373,Undirected,3
30474,271223,Undirected,4
56225,184913,Undirected,4
56225,198779,Undirected,3
109373,184913,Undirected,3
109373,198779,Undirected,3
184913,198779,Undirected,3
184913,271223,Undirected,5
198779,271223,Undirected,3
118086,184913,Undirected,16
118086,271223,Undirected,3
95276,285266,Undirected,3
122772,178511,Undirected,3
122772,122790,Undirected,4
166573,387447,Undirected,3
153045,196643,Undirected,23
45394,66178,Undirected,3
45394,223163,Undirected,5
45394,291819,Undirected,4
45394,373881,Undirected,3
66178,223163,Undirected,3
66178,373881,Undirected,3
223163,291819,Undirected,4
223163,373881,Undirected,3
69960,98315,Undirected,5
69960,186476,Undirected,8
69960,194762,Undirected,3
69960,305013,Undirected,3
69960,309485,Undirected,7
69960,338910,Undirected,3
98315,194762,Undirected,5
98315,305013,Undirected,4
98315,338910,Undirected,4
186476,194762,Undirected,6
186476,305013,Undirected,5
186476,338910,Undirected,5
194762,305013,Undirected,5
194762,309485,Undirected,6
194762,338910,Undirected,5
305013,309485,Undirected,5
305013,338910,Undirected,5
309485,338910,Undirected,5
22488,38736,Undirected,5
22488,62369,Undirected,4
22488,69273,Undirected,3
22488,69598,Undirected,4
22488,72747,Undirected,3
22488,94708,Undirected,3
22488,158433,Undirected,4
22488,371521,Undirected,9
38736,62369,Undirected,6
38736,69598,Undirected,7
38736,72747,Undirected,3
38736,94708,Undirected,4
38736,158433,Undirected,5
38736,371521,Undirected,4
62369,69598,Undirected,7
62369,94708,Undirected,4
62369,158433,Undirected,6
62369,371521,Undirected,3
69273,69598,Undirected,3
69273,158433,Undirected,3
69273,371521,Undirected,7
69598,94708,Undirected,4
69598,158433,Undirected,6
69598,371521,Undirected,4
72747,371521,Undirected,6
94708,158433,Undirected,4
158433,371521,Undirected,4
370951,382801,Undirected,4
346531,370951,Undirected,3
346531,382801,Undirected,4
250194,278523,Undirected,3
4482,266678,Undirected,3
9504,160587,Undirected,3
9504,267148,Undirected,3
146510,321796,Undirected,4
54360,127498,Undirected,3
54360,272560,Undirected,3
54360,358929,Undirected,5
127498,358929,Undirected,4
178927,222948,Undirected,6
178927,263966,Undirected,3
222948,263966,Undirected,4
271686,358929,Undirected,3
272560,358929,Undirected,5
8028,188109,Undirected,3
182609,318399,Undirected,10
121784,284807,Undirected,3
4403,26123,Undirected,3
160995,223313,Undirected,3
38943,269212,Undirected,3
97433,160161,Undirected,11
97433,178615,Undirected,15
97433,185222,Undirected,6
97433,213958,Undirected,19
97433,301874,Undirected,8
97433,361672,Undirected,19
160161,178615,Undirected,3
160161,185222,Undirected,8
160161,213958,Undirected,8
160161,361672,Undirected,6
178615,213958,Undirected,10
178615,361672,Undirected,11
185222,213958,Undirected,18
185222,301874,Undirected,11
185222,361672,Undirected,12
213958,301874,Undirected,11
213958,361672,Undirected,22
301874,361672,Undirected,11
373024,373435,Undirected,4
28287,330102,Undirected,3
277149,329388,Undirected,3
277149,330102,Undirected,4
329388,330102,Undirected,3
59264,186764,Undirected,3
186764,316834,Undirected,3
184755,200994,Undirected,3
184755,273323,Undirected,3
67782,279664,Undirected,4
28287,88686,Undirected,4
28287,298439,Undirected,4
66178,88686,Undirected,4
199651,326052,Undirected,3
25238,49588,Undirected,4
110482,302478,Undirected,3
4053,41642,Undirected,3
41642,133498,Undirected,13
41642,134069,Undirected,19
41642,266315,Undirected,6
133498,134069,Undirected,20
133498,266315,Undirected,3
134069,266315,Undirected,6
256205,375962,Undirected,8
295270,377287,Undirected,4
32781,190214,Undirected,10
185046,281145,Undirected,4
161640,204901,Undirected,3
204901,214270,Undirected,3
50677,105631,Undirected,4
50677,171228,Undirected,3
50677,323230,Undirected,3
50677,339420,Undirected,3
105631,171228,Undirected,3
105631,186078,Undirected,3
105631,323230,Undirected,5
105631,339420,Undirected,5
171228,323230,Undirected,3
171228,339420,Undirected,3
186078,323230,Undirected,4
186078,339420,Undirected,4
323230,339420,Undirected,6
174272,267148,Undirected,3
39058,367782,Undirected,3
382345,382448,Undirected,4
200620,214262,Undirected,6
168496,203246,Undirected,3
77551,269044,Undirected,3
77551,272412,Undirected,3
269044,272412,Undirected,4
165171,272412,Undirected,3
270559,272412,Undirected,4
270559,289071,Undirected,5
270559,309918,Undirected,3
270559,345675,Undirected,3
270559,392560,Undirected,3
272412,289071,Undirected,8
272412,309918,Undirected,3
272412,345675,Undirected,7
272412,392560,Undirected,3
289071,309918,Undirected,3
289071,345675,Undirected,7
289071,392560,Undirected,3
309918,345675,Undirected,3
309918,392560,Undirected,3
345675,366527,Undirected,3
345675,392560,Undirected,3
38736,316039,Undirected,3
38736,320864,Undirected,4
316039,320864,Undirected,3
153880,190101,Undirected,3
316152,318234,Undirected,3
32669,32781,Undirected,5
32669,380203,Undirected,5
32669,383697,Undirected,4
32781,380203,Undirected,12
32781,383697,Undirected,4
380203,383697,Undirected,5
48189,370018,Undirected,3
222499,364228,Undirected,3
28287,61809,Undirected,3
19331,93226,Undirected,3
35867,99577,Undirected,3
35867,111970,Undirected,3
35867,315558,Undirected,3
99577,315558,Undirected,3
41432,224713,Undirected,4
42095,229037,Undirected,3
42095,229551,Undirected,3
42095,304572,Undirected,3
42095,344202,Undirected,4
42095,345478,Undirected,8
42095,387456,Undirected,3
133008,345478,Undirected,3
229551,304572,Undirected,3
229551,345478,Undirected,3
344202,345478,Undirected,5
75181,318459,Undirected,4
141623,318459,Undirected,4
200948,223602,Undirected,3
223602,387538,Undirected,3
48189,185863,Undirected,3
68527,145049,Undirected,3
68527,332338,Undirected,3
68527,339105,Undirected,4
103136,145049,Undirected,3
332338,372533,Undirected,3
6306,41642,Undirected,6
6306,133498,Undirected,5
6306,134069,Undirected,7
41642,78000,Undirected,3
41642,329250,Undirected,3
78000,104329,Undirected,4
78000,133498,Undirected,4
78000,134069,Undirected,7
104329,133498,Undirected,4
104329,134069,Undirected,11
133498,291245,Undirected,3
134069,291245,Undirected,4
266315,291245,Undirected,3
6306,42900,Undirected,3
6306,323584,Undirected,4
133498,323584,Undirected,20
134069,323584,Undirected,21
160557,318234,Undirected,4
303722,318234,Undirected,3
75005,366444,Undirected,3
41840,340278,Undirected,4
3364,14018,Undirected,4
3364,83977,Undirected,3
3364,299948,Undirected,3
14018,43382,Undirected,3
14018,299948,Undirected,4
299948,317505,Undirected,3
39058,281589,Undirected,3
151265,362399,Undirected,3
175947,388577,Undirected,3
312119,315528,Undirected,3
188704,213931,Undirected,3
188704,352534,Undirected,3
88449,385033,Undirected,3
294851,385033,Undirected,3
88425,216869,Undirected,3
88425,344824,Undirected,3
88425,353583,Undirected,3
167152,216869,Undirected,3
344824,353583,Undirected,3
37905,127336,Undirected,3
127336,150836,Undirected,4
127336,230208,Undirected,3
150836,230208,Undirected,3
150836,332338,Undirected,3
27076,122772,Undirected,3
27076,127336,Undirected,4
27076,144942,Undirected,3
72785,122772,Undirected,3
122772,127336,Undirected,4
122772,144942,Undirected,4
122772,150836,Undirected,3
144942,332338,Undirected,3
38980,264564,Undirected,3
61809,264564,Undirected,3
75181,336263,Undirected,4
117609,172388,Undirected,3
117609,194637,Undirected,3
117609,283938,Undirected,3
172388,283938,Undirected,3
194637,283938,Undirected,3
20513,116837,Undirected,3
50009,378874,Undirected,3
68097,225997,Undirected,3
259813,378874,Undirected,3
184809,250394,Undirected,3
184809,318459,Undirected,4
250394,318459,Undirected,5
153212,186078,Undirected,3
378274,387072,Undirected,3
52687,84400,Undirected,4
52687,114048,Undirected,6
52687,363251,Undirected,10
52687,369229,Undirected,3
84400,363251,Undirected,4
84400,369229,Undirected,4
114048,363251,Undirected,3
363251,369229,Undirected,4
73075,77342,Undirected,3
42117,306509,Undirected,3
42117,307474,Undirected,4
88425,307474,Undirected,3
306509,307474,Undirected,3
111970,191982,Undirected,3
128492,251202,Undirected,3
272412,343036,Undirected,7
128321,214108,Undirected,4
53084,326320,Undirected,4
214108,326320,Undirected,3
106235,347732,Undirected,9
187460,301089,Undirected,3
248998,314322,Undirected,3
45949,378274,Undirected,3
242637,344202,Undirected,3
242637,377698,Undirected,3
337800,377698,Undirected,4
10430,38455,Undirected,3
249399,310973,Undirected,5
249399,354350,Undirected,7
310973,354350,Undirected,13
263580,322999,Undirected,3
107736,185222,Undirected,3
185155,185222,Undirected,3
185909,326850,Undirected,3
190214,307123,Undirected,3
190214,380203,Undirected,6
190214,383697,Undirected,4
307123,380203,Undirected,6
307123,383697,Undirected,5
54720,241513,Undirected,3
108680,306566,Undirected,9
72925,265337,Undirected,3
93102,274782,Undirected,3
182333,265337,Undirected,3
185494,213421,Undirected,4
167973,296194,Undirected,3
114790,175214,Undirected,3
72785,85938,Undirected,3
50384,166850,Undirected,9
50384,173165,Undirected,3
143728,166850,Undirected,4
143728,173165,Undirected,6
166850,173165,Undirected,7
37768,166704,Undirected,4
37768,166850,Undirected,4
37768,214262,Undirected,6
37768,337276,Undirected,4
50384,166704,Undirected,3
50384,169670,Undirected,5
50384,214262,Undirected,7
50384,337276,Undirected,4
166704,166850,Undirected,6
166704,214262,Undirected,5
166704,337276,Undirected,4
166850,169670,Undirected,6
166850,214262,Undirected,27
166850,337276,Undirected,13
169670,214262,Undirected,5
169670,337276,Undirected,5
173165,214262,Undirected,9
173165,337276,Undirected,3
214262,324383,Undirected,3
214262,337276,Undirected,13
34634,318109,Undirected,5
88307,312538,Undirected,4
41642,147928,Undirected,32
41642,314666,Undirected,10
42009,134069,Undirected,4
134069,147928,Undirected,10
134069,314666,Undirected,9
147928,266315,Undirected,3
147928,314666,Undirected,7
266315,314666,Undirected,3
229176,252049,Undirected,3
252049,295800,Undirected,3
95219,385041,Undirected,3
66772,260911,Undirected,3
266585,307391,Undirected,3
203012,380320,Undirected,3
187805,205214,Undirected,3
188044,307390,Undirected,3
188044,353583,Undirected,6
292214,338259,Undirected,3
274782,296295,Undirected,3
300157,307878,Undirected,3
307878,388940,Undirected,3
206552,213278,Undirected,3
5415,190276,Undirected,3
183972,185046,Undirected,3
15500,169896,Undirected,5
15500,312567,Undirected,3
15500,334712,Undirected,4
15500,366237,Undirected,7
112789,169896,Undirected,4
112789,227423,Undirected,3
112789,366237,Undirected,3
169896,227423,Undirected,3
169896,312567,Undirected,3
169896,334712,Undirected,5
169896,366237,Undirected,6
227423,312567,Undirected,4
227423,334712,Undirected,6
227423,366237,Undirected,4
312567,334712,Undirected,5
312567,366237,Undirected,5
334712,366237,Undirected,4
153488,192354,Undirected,3
153488,323578,Undirected,3
153488,378945,Undirected,3
192354,323578,Undirected,3
192354,378945,Undirected,3
323578,378945,Undirected,3
336413,378945,Undirected,3
228571,252482,Undirected,7
234290,323096,Undirected,9
226,89176,Undirected,20
226,96846,Undirected,4
226,186514,Undirected,4
226,187234,Undirected,9
226,266791,Undirected,5
89176,96846,Undirected,11
89176,186514,Undirected,6
89176,187234,Undirected,11
89176,266791,Undirected,5
96846,186514,Undirected,5
96846,187234,Undirected,7
96846,266791,Undirected,7
186514,187234,Undirected,5
186514,266791,Undirected,3
187234,266791,Undirected,9
38943,67489,Undirected,3
208542,318459,Undirected,3
208542,388686,Undirected,6
208542,388956,Undirected,3
318459,388686,Undirected,4
318459,388956,Undirected,4
388686,388956,Undirected,4
190867,284217,Undirected,3
263986,353500,Undirected,3
161309,201370,Undirected,3
161309,264811,Undirected,3
201370,264811,Undirected,5
77346,132788,Undirected,3
77346,372086,Undirected,3
142381,184809,Undirected,3
61322,70274,Undirected,3
198753,269198,Undirected,3
328304,377287,Undirected,3
79809,91485,Undirected,5
79809,282110,Undirected,3
91485,282110,Undirected,3
226,119812,Undirected,13
226,325978,Undirected,7
89176,119812,Undirected,22
89176,225580,Undirected,4
89176,325978,Undirected,20
96846,119812,Undirected,8
96846,225580,Undirected,3
96846,325978,Undirected,8
119812,225580,Undirected,3
119812,266791,Undirected,9
119812,325978,Undirected,33
225580,325978,Undirected,3
266791,325978,Undirected,6
91078,251301,Undirected,3
234372,251301,Undirected,3
186410,315359,Undirected,6
197224,298826,Undirected,3
196643,238130,Undirected,16
93846,131497,Undirected,4
93846,169760,Undirected,3
93846,369865,Undirected,4
131497,169760,Undirected,5
131497,369865,Undirected,6
169760,369865,Undirected,5
331021,363188,Undirected,3
128298,169719,Undirected,6
161640,357663,Undirected,3
4648,42104,Undirected,3
4648,167152,Undirected,3
4648,291819,Undirected,4
4648,384857,Undirected,3
42104,167152,Undirected,7
42104,384857,Undirected,3
167152,291819,Undirected,4
167152,384857,Undirected,4
219628,291819,Undirected,3
291819,384857,Undirected,4
188084,283805,Undirected,6
356755,363956,Undirected,3
83039,218537,Undirected,3
196459,201370,Undirected,3
17910,164274,Undirected,4
185577,371357,Undirected,3
101880,130016,Undirected,3
100740,162937,Undirected,3
162476,318998,Undirected,3
46169,61322,Undirected,3
46169,166368,Undirected,3
46169,367782,Undirected,3
61322,166368,Undirected,3
198101,241944,Undirected,3
46169,155386,Undirected,3
125988,367782,Undirected,4
302478,352180,Undirected,3
80586,340278,Undirected,4
305514,326594,Undirected,3
185046,289815,Undirected,5
141623,264908,Undirected,3
88333,322361,Undirected,3
88333,360541,Undirected,5
109483,132788,Undirected,3
132788,322361,Undirected,3
161528,346569,Undirected,3
213383,326594,Undirected,3
16549,45858,Undirected,3
16549,85643,Undirected,4
16549,129757,Undirected,6
16549,165427,Undirected,6
16549,263242,Undirected,4
16549,311312,Undirected,5
16549,318449,Undirected,4
16549,345321,Undirected,7
16549,353618,Undirected,3
45858,85643,Undirected,5
45858,129757,Undirected,7
45858,165427,Undirected,7
45858,263242,Undirected,4
45858,311312,Undirected,5
45858,318449,Undirected,5
45858,345321,Undirected,4
45858,353618,Undirected,3
85643,129757,Undirected,4
85643,263242,Undirected,3
85643,311312,Undirected,6
85643,318449,Undirected,6
85643,353618,Undirected,4
129757,165427,Undirected,5
129757,263242,Undirected,4
129757,318449,Undirected,5
129757,345321,Undirected,4
129757,353618,Undirected,4
165427,263242,Undirected,3
165427,311312,Undirected,3
165427,318449,Undirected,5
165427,345321,Undirected,6
165427,353618,Undirected,3
263242,311312,Undirected,4
263242,318449,Undirected,3
311312,318449,Undirected,4
311312,345321,Undirected,3
311312,353618,Undirected,6
318449,345321,Undirected,3
318449,353618,Undirected,3
29821,341832,Undirected,3
167147,216575,Undirected,4
167147,312022,Undirected,4
167147,353618,Undirected,4
167147,357361,Undirected,4
167147,374918,Undirected,3
216575,353618,Undirected,3
216575,357361,Undirected,3
216575,374918,Undirected,3
286227,357361,Undirected,3
312022,353618,Undirected,3
312022,374918,Undirected,5
353618,374918,Undirected,4
357361,374918,Undirected,3
128933,377276,Undirected,4
263446,377276,Undirected,4
22131,295248,Undirected,4
185222,317436,Undirected,6
47977,134789,Undirected,3
150837,356176,Undirected,5
27775,95130,Undirected,4
27775,148638,Undirected,6
95130,148638,Undirected,5
95130,375397,Undirected,3
148638,314656,Undirected,3
148638,341416,Undirected,5
148638,351243,Undirected,3
148638,375397,Undirected,4
341416,351243,Undirected,3
351243,375397,Undirected,3
257202,318625,Undirected,3
76214,104354,Undirected,3
76214,244712,Undirected,3
69598,175349,Undirected,3
185733,295248,Undirected,4
28489,196643,Undirected,21
172805,325064,Undirected,8
172805,354798,Undirected,3
140413,212319,Undirected,3
212319,218132,Undirected,3
249148,326865,Undirected,3
143683,266933,Undirected,4
104832,156986,Undirected,3
49847,104828,Undirected,3
118148,377276,Undirected,3
13632,130758,Undirected,4
130758,234372,Undirected,3
166704,176008,Undirected,4
119512,167819,Undirected,4
119512,213583,Undirected,6
167819,213583,Undirected,4
94874,322594,Undirected,3
156504,184715,Undirected,3
115980,293979,Undirected,4
203431,305419,Undirected,3
38309,115980,Undirected,3
206552,353114,Undirected,3
101803,301874,Undirected,4
125857,345840,Undirected,3
22950,244695,Undirected,4
36315,40372,Undirected,3
167554,194243,Undirected,3
167554,210211,Undirected,3
167554,372533,Undirected,3
194243,210211,Undirected,3
194243,372533,Undirected,3
210211,372533,Undirected,3
372533,388956,Undirected,3
107736,140538,Undirected,4
107736,160161,Undirected,3
140538,160161,Undirected,12
140538,185222,Undirected,13
140538,322018,Undirected,3
140538,361672,Undirected,26
140538,375558,Undirected,3
185222,375558,Undirected,5
322018,361672,Undirected,4
361672,375558,Undirected,7
21434,257725,Undirected,3
42900,92984,Undirected,5
42900,127566,Undirected,5
42900,205608,Undirected,4
42900,205621,Undirected,6
42900,301874,Undirected,6
42900,371359,Undirected,9
92984,127566,Undirected,5
92984,205608,Undirected,4
92984,301874,Undirected,4
127566,205621,Undirected,9
127566,301874,Undirected,8
127566,371359,Undirected,12
205608,301874,Undirected,3
205621,301874,Undirected,8
205621,371359,Undirected,10
301874,371359,Undirected,11
151512,367506,Undirected,3
38736,200948,Undirected,3
88686,287735,Undirected,4
188517,235428,Undirected,3
213274,248912,Undirected,3
14414,114344,Undirected,3
155386,165975,Undirected,3
94056,265699,Undirected,3
164073,369298,Undirected,3
38736,155927,Undirected,6
38736,167754,Undirected,3
38736,353583,Undirected,6
38736,370951,Undirected,3
155927,257267,Undirected,3
155927,318459,Undirected,3
42189,186476,Undirected,3
271694,373435,Undirected,11
24776,310973,Undirected,3
252152,352493,Undirected,4
72431,166368,Undirected,4
71401,184457,Undirected,3
71401,185733,Undirected,3
71401,256861,Undirected,3
71401,321796,Undirected,3
184457,185733,Undirected,3
184457,256861,Undirected,3
184457,321796,Undirected,3
185733,256861,Undirected,3
185733,321796,Undirected,3
256861,321796,Undirected,3
345840,393769,Undirected,4
76672,134235,Undirected,3
21615,239030,Undirected,3
37768,165975,Undirected,3
14414,353524,Undirected,3
61687,121500,Undirected,3
85395,222398,Undirected,4
85395,316834,Undirected,4
106011,222398,Undirected,4
138611,257808,Undirected,3
12402,150322,Undirected,4
12402,272412,Undirected,6
12402,289071,Undirected,3
12402,349583,Undirected,3
150322,272412,Undirected,3
11253,53151,Undirected,3
18414,393898,Undirected,3
108587,245917,Undirected,3
86041,115391,Undirected,3
86041,287735,Undirected,3
115391,287735,Undirected,6
155386,287735,Undirected,3
95219,143659,Undirected,8
95219,301045,Undirected,3
54160,209369,Undirected,3
54160,323909,Undirected,4
65296,209369,Undirected,18
65296,269333,Undirected,19
65296,323909,Undirected,12
209369,269333,Undirected,26
209369,323909,Undirected,14
269333,323909,Undirected,13
76406,321941,Undirected,3
3364,190867,Undirected,3
92867,280532,Undirected,6
300749,352796,Undirected,3
101803,189583,Undirected,3
136090,184971,Undirected,3
173450,237243,Undirected,5
93074,252458,Undirected,3
109313,184888,Undirected,5
172392,184888,Undirected,3
332338,336263,Undirected,4
85811,198904,Undirected,3
13377,318871,Undirected,3
150630,184971,Undirected,3
150630,282298,Undirected,3
41840,218561,Undirected,6
69960,346531,Undirected,3
186476,346531,Undirected,4
309485,346531,Undirected,3
216812,267258,Undirected,4
180415,384340,Undirected,4
41840,190101,Undirected,4
41840,264113,Undirected,3
72948,190101,Undirected,6
190101,340278,Undirected,5
264113,340278,Undirected,3
194373,299930,Undirected,3
213274,230327,Undirected,3
30421,364457,Undirected,4
232352,320574,Undirected,3
131311,252057,Undirected,3
131311,300749,Undirected,3
131311,355499,Undirected,3
300749,355499,Undirected,3
156986,237769,Undirected,4
4403,163232,Undirected,3
249848,319651,Undirected,3
95232,123419,Undirected,3
123419,227647,Undirected,3
123419,230208,Undirected,3
123419,241691,Undirected,3
227647,230208,Undirected,3
227647,241691,Undirected,3
230208,241691,Undirected,3
297266,340278,Undirected,3
22131,338910,Undirected,3
77950,275736,Undirected,3
271686,276435,Undirected,3
236220,373083,Undirected,4
41763,74835,Undirected,22
74835,127566,Undirected,3
74835,160161,Undirected,3
74835,169719,Undirected,3
80772,127566,Undirected,4
80772,160161,Undirected,5
80772,169719,Undirected,5
127566,160161,Undirected,5
127566,169719,Undirected,35
160161,169719,Undirected,6
31876,42514,Undirected,3
31876,113443,Undirected,3
31876,209586,Undirected,3
31876,218537,Undirected,3
31876,300057,Undirected,3
31876,319564,Undirected,3
31876,362668,Undirected,3
42514,113443,Undirected,5
42514,157332,Undirected,4
42514,209586,Undirected,4
42514,218537,Undirected,5
42514,286337,Undirected,3
42514,300057,Undirected,5
42514,319564,Undirected,5
42514,362668,Undirected,5
113443,157332,Undirected,4
113443,209586,Undirected,4
113443,218537,Undirected,5
113443,286337,Undirected,3
113443,300057,Undirected,5
113443,319564,Undirected,5
113443,362668,Undirected,5
157332,209586,Undirected,4
157332,218537,Undirected,4
157332,286337,Undirected,3
157332,300057,Undirected,4
157332,319564,Undirected,4
157332,362668,Undirected,4
209586,218537,Undirected,4
209586,286337,Undirected,3
209586,300057,Undirected,4
209586,319564,Undirected,4
209586,362668,Undirected,4
218537,286337,Undirected,3
218537,300057,Undirected,5
218537,319564,Undirected,5
218537,362668,Undirected,5
286337,300057,Undirected,3
286337,319564,Undirected,3
286337,362668,Undirected,3
300057,319564,Undirected,5
300057,362668,Undirected,5
319564,362668,Undirected,5
176467,377330,Undirected,3
184847,319561,Undirected,3
35461,46967,Undirected,13
35461,69502,Undirected,14
35461,90608,Undirected,14
35461,110871,Undirected,10
35461,165879,Undirected,15
35461,188841,Undirected,16
35461,304396,Undirected,15
35461,327514,Undirected,23
35461,354802,Undirected,16
46967,69502,Undirected,4
46967,90608,Undirected,5
46967,110871,Undirected,3
46967,165879,Undirected,5
46967,188841,Undirected,6
46967,304396,Undirected,6
46967,327514,Undirected,10
46967,354802,Undirected,3
69502,90608,Undirected,10
69502,110871,Undirected,11
69502,165879,Undirected,15
69502,188841,Undirected,19
69502,304396,Undirected,14
69502,327514,Undirected,11
69502,354802,Undirected,19
90608,110871,Undirected,11
90608,165879,Undirected,13
90608,188841,Undirected,14
90608,304396,Undirected,12
90608,327514,Undirected,9
90608,354802,Undirected,12
110871,165879,Undirected,11
110871,188841,Undirected,12
110871,304396,Undirected,11
110871,327514,Undirected,7
110871,354802,Undirected,11
165879,188841,Undirected,19
165879,304396,Undirected,17
165879,327514,Undirected,12
165879,354802,Undirected,19
188841,304396,Undirected,17
188841,327514,Undirected,11
188841,354802,Undirected,22
304396,327514,Undirected,13
304396,354802,Undirected,18
327514,354802,Undirected,13
77346,326365,Undirected,5
124974,197224,Undirected,6
326365,372086,Undirected,3
121655,357663,Undirected,4
130758,263446,Undirected,3
279796,334173,Undirected,3
331021,387538,Undirected,3
193411,238455,Undirected,3
193411,287538,Undirected,3
193411,288160,Undirected,3
287538,288160,Undirected,3
3364,69598,Undirected,4
69598,374890,Undirected,4
213659,353500,Undirected,3
169816,179130,Undirected,3
20185,305370,Undirected,3
42117,312830,Undirected,3
85938,146503,Undirected,4
85938,312830,Undirected,3
9950,276792,Undirected,3
9950,288162,Undirected,3
9950,342693,Undirected,4
80282,276792,Undirected,3
80282,288162,Undirected,3
276792,288162,Undirected,3
276792,342693,Undirected,3
288162,342693,Undirected,3
210389,317332,Undirected,8
42104,239030,Undirected,3
88381,239030,Undirected,3
239030,291819,Undirected,3
170386,183773,Undirected,4
145314,248705,Undirected,3
145314,341832,Undirected,3
248705,341832,Undirected,3
295714,326260,Undirected,3
38455,325185,Undirected,3
10361,28287,Undirected,3
88686,353500,Undirected,5
23547,92164,Undirected,3
23547,107421,Undirected,4
23547,155927,Undirected,5
23547,161208,Undirected,3
23547,237769,Undirected,4
23547,340278,Undirected,4
84275,340278,Undirected,3
92164,107421,Undirected,5
92164,155927,Undirected,5
92164,161208,Undirected,4
92164,237769,Undirected,4
92164,308052,Undirected,3
92164,340278,Undirected,4
107421,155927,Undirected,6
107421,161208,Undirected,4
107421,237769,Undirected,4
107421,308052,Undirected,4
107421,340278,Undirected,5
155927,161208,Undirected,4
155927,237769,Undirected,5
155927,308052,Undirected,5
155927,340278,Undirected,5
161208,237769,Undirected,5
161208,340278,Undirected,4
237769,308052,Undirected,3
237769,340278,Undirected,4
308052,340278,Undirected,3
73374,269502,Undirected,3
183433,304788,Undirected,4
213748,262858,Undirected,3
262858,372533,Undirected,3
124974,241810,Undirected,3
27310,116258,Undirected,3
110482,144680,Undirected,3
37768,255296,Undirected,3
166168,313744,Undirected,3
148943,231297,Undirected,3
70699,383829,Undirected,3
70812,315197,Undirected,3
53084,77054,Undirected,3
77353,167786,Undirected,3
127566,175545,Undirected,5
127566,257202,Undirected,25
248137,262305,Undirected,4
212830,285927,Undirected,3
230432,244978,Undirected,3
244978,313493,Undirected,3
244978,313906,Undirected,4
9650,94681,Undirected,3
52427,194243,Undirected,3
213073,220962,Undirected,4
77346,366114,Undirected,3
142381,149588,Undirected,8
73889,86975,Undirected,5
73889,87048,Undirected,3
86975,87048,Undirected,3
86975,311170,Undirected,3
87048,311170,Undirected,4
3116,386653,Undirected,6
274782,386653,Undirected,4
317473,386653,Undirected,3
27310,131420,Undirected,3
27310,198753,Undirected,3
53084,240141,Undirected,3
53084,332338,Undirected,3
76185,207640,Undirected,6
58832,91954,Undirected,3
179514,290785,Undirected,3
88686,110297,Undirected,4
173450,388116,Undirected,3
192307,297631,Undirected,3
192307,382187,Undirected,4
269044,382187,Undirected,4
297631,382187,Undirected,4
45875,80657,Undirected,3
45875,335269,Undirected,3
45875,363378,Undirected,4
80657,332338,Undirected,3
44417,118754,Undirected,5
44417,368258,Undirected,4
118754,368258,Undirected,20
112257,149782,Undirected,4
79809,315321,Undirected,3
41840,297266,Undirected,3
167166,297266,Undirected,4
25864,198779,Undirected,3
256595,321818,Undirected,3
81414,386334,Undirected,3
256595,280345,Undirected,3
190867,299948,Undirected,3
100115,112747,Undirected,4
198141,262858,Undirected,3
56053,317436,Undirected,4
170978,317436,Undirected,11
337916,338259,Undirected,3
222499,259813,Undirected,3
118519,367834,Undirected,3
135224,179357,Undirected,3
179357,261540,Undirected,3
261540,264104,Undirected,3
261540,314052,Undirected,3
135224,311312,Undirected,3
135224,387737,Undirected,4
179357,387737,Undirected,4
199037,286227,Undirected,3
199037,311312,Undirected,4
311312,331661,Undirected,3
331661,387737,Undirected,3
29095,169719,Undirected,5
29095,178615,Undirected,13
29095,205621,Undirected,3
29095,326781,Undirected,12
140538,169719,Undirected,28
140538,178615,Undirected,8
140538,205621,Undirected,15
140538,352977,Undirected,4
169719,178615,Undirected,20
169719,205621,Undirected,11
169719,326781,Undirected,6
178615,205621,Undirected,17
178615,326781,Undirected,14
205621,352977,Undirected,3
85395,93226,Undirected,7
85395,108465,Undirected,4
93226,108465,Undirected,3
95686,318335,Undirected,4
17910,386495,Undirected,4
245303,316834,Undirected,5
3116,17910,Undirected,3
17910,259478,Undirected,5
181242,387155,Undirected,3
47959,93203,Undirected,3
194431,347499,Undirected,4
169719,215969,Undirected,3
205621,215969,Undirected,4
42117,352493,Undirected,3
122772,349159,Undirected,3
317710,352493,Undirected,3
222757,338884,Undirected,3
119512,267809,Undirected,3
132788,380010,Undirected,3
61322,149782,Undirected,3
149782,330910,Undirected,3
37979,383820,Undirected,3
169719,375558,Undirected,14
169719,385547,Undirected,4
178615,375558,Undirected,17
221965,367652,Undirected,4
85395,165020,Undirected,3
105853,144367,Undirected,10
105853,371091,Undirected,12
144367,371091,Undirected,10
41840,386663,Undirected,3
22523,41840,Undirected,6
22523,192684,Undirected,7
176765,334456,Undirected,3
42763,151086,Undirected,3
42763,364722,Undirected,3
42763,380010,Undirected,3
166368,317737,Undirected,3
317737,364722,Undirected,3
157965,187210,Undirected,5
157965,320821,Undirected,4
157965,348472,Undirected,3
187210,320821,Undirected,7
187210,348472,Undirected,6
320821,348472,Undirected,8
265337,318068,Undirected,3
22548,197477,Undirected,3
194706,373276,Undirected,3
290985,314830,Undirected,3
167344,244415,Undirected,4
167344,339389,Undirected,3
145172,147822,Undirected,4
103649,318459,Undirected,6
103649,336263,Undirected,5
318459,336263,Undirected,8
124123,387538,Undirected,5
155666,219924,Undirected,3
151197,282286,Undirected,3
128029,164114,Undirected,3
4686,214986,Undirected,5
88522,160925,Undirected,5
88522,340278,Undirected,4
160925,340278,Undirected,7
16921,72948,Undirected,8
16921,80325,Undirected,7
16921,134728,Undirected,6
16921,167754,Undirected,9
16921,190101,Undirected,5
16921,218561,Undirected,6
16921,359372,Undirected,5
72948,80325,Undirected,7
72948,134728,Undirected,6
72948,167754,Undirected,8
72948,218561,Undirected,5
72948,359372,Undirected,5
80325,134728,Undirected,6
80325,167754,Undirected,7
80325,190101,Undirected,5
80325,218561,Undirected,5
80325,359372,Undirected,4
134728,167754,Undirected,6
134728,190101,Undirected,5
134728,218561,Undirected,5
134728,359372,Undirected,4
167754,190101,Undirected,5
167754,218561,Undirected,5
167754,359372,Undirected,6
190101,218561,Undirected,6
190101,359372,Undirected,4
218561,359372,Undirected,4
28287,80586,Undirected,3
28287,384402,Undirected,4
56225,80586,Undirected,3
56225,384402,Undirected,3
80586,109373,Undirected,3
80586,271223,Undirected,3
80586,384402,Undirected,3
109373,384402,Undirected,3
271223,384402,Undirected,3
103979,180415,Undirected,3
103979,367848,Undirected,4
103979,371224,Undirected,4
103979,384340,Undirected,4
180415,367848,Undirected,3
180415,371224,Undirected,3
187460,367848,Undirected,3
187460,371224,Undirected,3
187460,384340,Undirected,3
367848,371224,Undirected,6
367848,384340,Undirected,5
371224,384340,Undirected,5
27310,68795,Undirected,3
27310,151283,Undirected,3
27310,371263,Undirected,3
68795,151283,Undirected,3
68795,371263,Undirected,4
151283,371263,Undirected,3
126238,382658,Undirected,3
78968,178615,Undirected,19
78968,213958,Undirected,7
123376,297845,Undirected,3
297845,364228,Undirected,3
185222,371521,Undirected,6
170386,289394,Undirected,4
127098,162937,Undirected,4
127098,281539,Undirected,3
281539,322361,Undirected,3
42104,385875,Undirected,6
167152,385875,Undirected,3
291819,385875,Undirected,5
385875,387072,Undirected,3
171277,302478,Undirected,5
80586,316085,Undirected,3
166850,200620,Undirected,4
166850,207214,Undirected,3
221709,356176,Undirected,5
151197,270559,Undirected,4
207640,348169,Undirected,3
270559,364457,Undirected,3
167230,177737,Undirected,3
220872,360317,Undirected,3
220872,372540,Undirected,3
52658,304788,Undirected,3
12614,368450,Undirected,3
152404,322923,Undirected,3
178550,322923,Undirected,3
127566,178615,Undirected,12
19569,329967,Undirected,3
109345,329967,Undirected,3
4320,196731,Undirected,3
75857,261167,Undirected,3
40093,62369,Undirected,3
40093,69598,Undirected,3
109345,210338,Undirected,3
270504,364446,Undirected,3
252482,318399,Undirected,17
252482,386937,Undirected,3
12090,291485,Undirected,3
166744,167160,Undirected,3
166744,186503,Undirected,3
144289,206560,Undirected,3
160898,211765,Undirected,3
206560,312830,Undirected,4
77054,374392,Undirected,3
338635,372110,Undirected,3
190326,221312,Undirected,4
36256,134789,Undirected,3
185494,317505,Undirected,3
37905,112688,Undirected,3
112688,185049,Undirected,6
112688,235356,Undirected,4
185049,235356,Undirected,4
42242,246736,Undirected,3
17910,155927,Undirected,3
42900,181492,Undirected,7
256300,386653,Undirected,3
24776,77346,Undirected,3
24776,191045,Undirected,3
132189,360283,Undirected,3
326365,360793,Undirected,4
85938,197224,Undirected,5
188084,332338,Undirected,3
335121,391912,Undirected,6
3327,231297,Undirected,4
202684,318544,Undirected,3
32781,37979,Undirected,4
32781,134124,Undirected,8
32781,347135,Undirected,3
37979,134124,Undirected,6
37979,380203,Undirected,6
134124,380203,Undirected,4
347135,380203,Undirected,3
80772,178615,Undirected,3
155927,220308,Undirected,5
22950,175879,Undirected,3
48844,160770,Undirected,7
56053,127566,Undirected,3
74835,317436,Undirected,4
109754,127566,Undirected,4
127566,181253,Undirected,3
127566,211877,Undirected,4
127566,317436,Undirected,23
127566,361672,Undirected,13
127566,375558,Undirected,10
181253,317436,Undirected,4
181253,361672,Undirected,4
211877,317436,Undirected,8
211877,375558,Undirected,4
317436,361672,Undirected,10
317436,375558,Undirected,16
13497,250789,Undirected,3
94987,332871,Undirected,3
31847,36644,Undirected,3
31847,78858,Undirected,3
31847,275272,Undirected,3
31847,289394,Undirected,3
31847,391784,Undirected,3
36644,78858,Undirected,3
36644,275272,Undirected,3
36644,289394,Undirected,3
36644,391784,Undirected,3
57960,289394,Undirected,3
78858,275272,Undirected,3
78858,289394,Undirected,4
78858,391784,Undirected,3
275272,289394,Undirected,3
275272,391784,Undirected,3
289394,391784,Undirected,3
222757,352521,Undirected,3
211110,295248,Undirected,3
4267,377276,Undirected,4
127566,264194,Undirected,3
54686,77353,Undirected,3
32138,253996,Undirected,7
198604,351273,Undirected,3
88210,248998,Undirected,4
42847,155223,Undirected,3
42847,316834,Undirected,6
155223,316834,Undirected,4
263580,316834,Undirected,3
263580,384336,Undirected,3
60870,61693,Undirected,6
214049,352654,Undirected,5
214049,361366,Undirected,3
352654,361366,Undirected,3
205156,221060,Undirected,3
248998,383829,Undirected,3
87930,126323,Undirected,3
45949,173258,Undirected,5
50677,184224,Undirected,3
105631,184224,Undirected,3
238686,323230,Undirected,5
108837,213576,Undirected,3
109313,202106,Undirected,3
109313,281589,Undirected,4
184888,202106,Undirected,5
184888,281589,Undirected,4
184888,297824,Undirected,3
202106,281589,Undirected,3
202106,297824,Undirected,3
110482,318399,Undirected,3
76185,347732,Undirected,3
38443,70274,Undirected,3
265063,385961,Undirected,3
90945,161180,Undirected,4
90945,216748,Undirected,3
90945,223209,Undirected,3
161180,166902,Undirected,8
161180,216748,Undirected,38
161180,223209,Undirected,37
161180,320029,Undirected,27
166902,216748,Undirected,10
166902,223209,Undirected,9
166902,320029,Undirected,3
216748,223209,Undirected,38
216748,320029,Undirected,27
223209,320029,Undirected,27
231297,309568,Undirected,4
41765,78968,Undirected,15
41765,178615,Undirected,15
44247,178615,Undirected,3
120472,175372,Undirected,3
198141,307216,Undirected,3
202684,370245,Undirected,3
2571,315244,Undirected,3
76227,307974,Undirected,6
79163,269387,Undirected,11
79163,342837,Undirected,12
79163,345521,Undirected,12
269387,342837,Undirected,11
269387,345521,Undirected,11
342837,345521,Undirected,12
69644,91217,Undirected,5
69644,213908,Undirected,6
69644,367142,Undirected,6
69644,382801,Undirected,5
91217,213908,Undirected,5
91217,367142,Undirected,5
91217,382801,Undirected,5
213908,367142,Undirected,6
213908,382801,Undirected,5
367142,382801,Undirected,6
54821,244978,Undirected,3
149588,150845,Undirected,13
66200,268721,Undirected,3
151197,389600,Undirected,3
43904,175545,Undirected,4
108536,185733,Undirected,3
108536,295248,Undirected,4
54360,238190,Undirected,3
155032,330868,Undirected,3
184946,204982,Undirected,3
52742,273097,Undirected,6
71042,188517,Undirected,3
150856,309567,Undirected,5
58125,97433,Undirected,16
58125,178235,Undirected,4
58125,276338,Undirected,7
97433,178235,Undirected,5
97433,276338,Undirected,4
97433,321449,Undirected,6
178235,276338,Undirected,11
178235,321449,Undirected,9
276338,321449,Undirected,14
360548,367170,Undirected,4
80282,338648,Undirected,3
237081,289394,Undirected,4
2754,202684,Undirected,6
2754,293368,Undirected,4
2754,316362,Undirected,3
184787,202684,Undirected,3
189189,293368,Undirected,3
202684,293368,Undirected,4
202684,316362,Undirected,3
293368,316362,Undirected,4
314830,373961,Undirected,3
150965,281591,Undirected,3
176310,336608,Undirected,3
297631,336608,Undirected,3
118519,269502,Undirected,4
118519,301137,Undirected,3
35461,301906,Undirected,10
69502,301906,Undirected,5
165879,301906,Undirected,3
188841,301906,Undirected,5
301906,304396,Undirected,3
301906,327514,Undirected,8
301906,354802,Undirected,3
281539,354320,Undirected,3
354320,368568,Undirected,3
148943,150970,Undirected,3
148943,256300,Undirected,5
150970,256300,Undirected,3
42149,304181,Undirected,3
25864,146643,Undirected,3
255752,352493,Undirected,4
61766,97433,Undirected,4
61766,160161,Undirected,3
61766,255692,Undirected,3
61766,286011,Undirected,3
97433,255692,Undirected,4
97433,286011,Undirected,10
160161,255692,Undirected,3
213958,286011,Undirected,5
144265,218094,Undirected,4
38920,336263,Undirected,4
4360,178527,Undirected,3
4360,301313,Undirected,3
178527,301313,Undirected,3
340278,386495,Undirected,4
56695,149575,Undirected,3
101582,137925,Undirected,3
101582,314666,Undirected,3
188240,314666,Undirected,4
29095,317436,Undirected,8
169719,237769,Undirected,5
169719,317436,Undirected,32
225175,317436,Undirected,3
230788,317436,Undirected,3
237769,317436,Undirected,4
128298,371340,Undirected,4
92163,138621,Undirected,6
92163,281699,Undirected,4
138621,281699,Undirected,4
77626,156321,Undirected,3
339344,353500,Undirected,5
155341,156864,Undirected,3
155341,316062,Undirected,3
109345,294773,Undirected,3
68527,336263,Undirected,8
86922,257199,Undirected,3
116877,257199,Undirected,3
257199,326372,Undirected,3
92140,282166,Undirected,3
54559,355543,Undirected,3
132497,272084,Undirected,3
22548,162788,Undirected,3
163355,243391,Undirected,3
59929,81344,Undirected,8
59929,96909,Undirected,8
59929,127566,Undirected,5
59929,170978,Undirected,9
59929,249179,Undirected,6
59929,260129,Undirected,6
59929,317436,Undirected,10
81344,96909,Undirected,8
81344,127566,Undirected,6
81344,170978,Undirected,8
81344,249179,Undirected,6
81344,260129,Undirected,6
81344,317436,Undirected,8
96909,127566,Undirected,8
96909,170978,Undirected,9
96909,249179,Undirected,7
96909,260129,Undirected,7
96909,317436,Undirected,14
127566,170978,Undirected,5
127566,249179,Undirected,4
127566,260129,Undirected,4
170978,249179,Undirected,6
170978,260129,Undirected,6
249179,260129,Undirected,10
249179,317436,Undirected,11
260129,317436,Undirected,10
82583,92810,Undirected,3
291819,388392,Undirected,3
104602,248320,Undirected,3
139475,248320,Undirected,3
42095,88686,Undirected,3
88686,266585,Undirected,4
266585,279796,Undirected,3
48183,266585,Undirected,3
124735,185474,Undirected,6
124735,286114,Undirected,3
124735,314666,Undirected,7
127757,185474,Undirected,6
127757,314666,Undirected,3
185474,286114,Undirected,4
185474,314666,Undirected,16
286114,314666,Undirected,3
252519,260403,Undirected,3
252519,283943,Undirected,3
260403,283943,Undirected,6
42900,84098,Undirected,3
42900,185222,Undirected,8
42900,258239,Undirected,9
42900,375558,Undirected,9
84098,375558,Undirected,4
92984,185222,Undirected,4
92984,258239,Undirected,4
92984,375558,Undirected,3
185222,258239,Undirected,4
258239,301874,Undirected,5
258239,375558,Undirected,7
60665,127566,Undirected,28
60665,140538,Undirected,20
60665,169719,Undirected,9
60665,185222,Undirected,4
60665,263741,Undirected,4
60665,272829,Undirected,20
60665,301874,Undirected,4
127566,140538,Undirected,50
127566,185222,Undirected,6
127566,263741,Undirected,3
127566,272829,Undirected,32
140538,272829,Undirected,34
140538,301874,Undirected,19
169719,185222,Undirected,9
169719,272829,Undirected,13
169719,301874,Undirected,9
185222,272829,Undirected,6
272829,301874,Undirected,4
127566,326781,Undirected,5
127566,368036,Undirected,3
72699,267134,Undirected,3
38058,261864,Undirected,3
179135,261864,Undirected,3
261864,289032,Undirected,4
4699,51559,Undirected,4
4699,67213,Undirected,3
4699,206091,Undirected,4
4699,210383,Undirected,5
31511,51559,Undirected,7
31511,72495,Undirected,3
31511,206091,Undirected,9
31511,210383,Undirected,6
31511,285401,Undirected,7
51559,72495,Undirected,3
51559,206091,Undirected,6
51559,210383,Undirected,4
51559,285401,Undirected,6
67213,72495,Undirected,3
67213,206091,Undirected,9
67213,210383,Undirected,6
67213,285401,Undirected,6
72495,206091,Undirected,6
72495,210383,Undirected,4
206091,210383,Undirected,15
206091,285401,Undirected,11
210383,285401,Undirected,5
63595,206091,Undirected,7
63595,285401,Undirected,4
145494,206091,Undirected,3
145494,264542,Undirected,4
145494,323042,Undirected,3
206091,254101,Undirected,5
206091,264542,Undirected,12
206091,323042,Undirected,4
206091,337229,Undirected,14
248699,285401,Undirected,3
248699,337229,Undirected,3
254101,285401,Undirected,5
264542,285401,Undirected,7
264542,323042,Undirected,3
264542,337229,Undirected,6
285401,337229,Undirected,8
323042,337229,Undirected,3
182322,186752,Undirected,3
61601,322781,Undirected,3
187997,248184,Undirected,3
101583,134069,Undirected,16
88381,168023,Undirected,3
139607,346531,Undirected,3
139607,371816,Undirected,6
139607,385896,Undirected,5
75097,161598,Undirected,5
75097,303661,Undirected,7
75097,384401,Undirected,5
161598,303661,Undirected,4
161598,384401,Undirected,3
303661,384401,Undirected,6
52041,134156,Undirected,3
52041,189628,Undirected,3
134156,189514,Undirected,3
134156,189628,Undirected,5
189514,189628,Undirected,3
67775,139363,Undirected,3
101803,203631,Undirected,3
80322,322361,Undirected,4
127098,166809,Undirected,3
313186,322361,Undirected,3
2571,157473,Undirected,4
2571,283927,Undirected,3
88333,283927,Undirected,4
308,337374,Undirected,4
36829,180745,Undirected,3
36829,371357,Undirected,3
180745,371357,Undirected,3
82014,98334,Undirected,3
263803,365152,Undirected,3
194259,351328,Undirected,3
189514,209177,Undirected,3
127273,134156,Undirected,5
127273,308249,Undirected,6
134156,294459,Undirected,4
134156,308249,Undirected,3
308249,311827,Undirected,4
69134,308249,Undirected,3
255584,308249,Undirected,5
255584,311827,Undirected,4
255584,313252,Undirected,3
48844,336366,Undirected,3
35025,255584,Undirected,3
187117,343401,Undirected,4
109313,353114,Undirected,3
127052,183773,Undirected,3
156,95209,Undirected,3
128029,184715,Undirected,3
95209,265337,Undirected,5
164073,241455,Undirected,3
164073,309052,Undirected,3
164073,317436,Undirected,3
169719,176008,Undirected,3
169719,218768,Undirected,3
169719,241455,Undirected,7
169719,292617,Undirected,4
169719,309052,Undirected,4
176008,218768,Undirected,3
176008,237769,Undirected,3
176008,241455,Undirected,3
176008,309052,Undirected,3
176008,317436,Undirected,3
218768,237769,Undirected,3
218768,241455,Undirected,3
218768,309052,Undirected,3
218768,317436,Undirected,3
237769,241455,Undirected,6
237769,292617,Undirected,5
237769,309052,Undirected,6
241455,292617,Undirected,6
241455,309052,Undirected,7
241455,317436,Undirected,5
292617,309052,Undirected,6
292617,317436,Undirected,5
309052,317436,Undirected,4
57837,170933,Undirected,3
57837,242874,Undirected,4
57837,352805,Undirected,3
140538,213958,Undirected,26
140538,258239,Undirected,10
140538,286011,Undirected,11
140538,301933,Undirected,3
169719,213958,Undirected,24
169719,258239,Undirected,8
169719,286011,Undirected,3
169719,301933,Undirected,3
213958,301933,Undirected,3
258239,286011,Undirected,5
134124,380202,Undirected,6
380202,380204,Undirected,4
13632,206091,Undirected,5
13632,337229,Undirected,3
165004,206091,Undirected,12
289145,352028,Undirected,3
283943,386495,Undirected,4
255333,288479,Undirected,3
288479,297299,Undirected,3
76504,213377,Undirected,3
80772,140538,Undirected,8
80772,205621,Undirected,13
80772,317436,Undirected,3
140538,317436,Undirected,11
140538,323230,Undirected,6
160161,317436,Undirected,3
178615,317436,Undirected,15
205621,317436,Undirected,9
219720,367100,Undirected,3
79585,336786,Undirected,3
77376,108948,Undirected,12
77376,191523,Undirected,13
77376,302476,Undirected,12
77376,365999,Undirected,12
108948,191523,Undirected,12
108948,302476,Undirected,12
108948,365999,Undirected,12
191523,302476,Undirected,12
191523,365999,Undirected,12
302476,365999,Undirected,12
42900,43904,Undirected,4
42900,178615,Undirected,6
42900,199864,Undirected,5
42900,361672,Undirected,3
43904,178615,Undirected,3
43904,181492,Undirected,5
43904,199864,Undirected,3
43904,258239,Undirected,4
178615,181492,Undirected,4
178615,199864,Undirected,4
178615,258239,Undirected,8
181492,199864,Undirected,7
181492,258239,Undirected,5
181492,361672,Undirected,3
199864,258239,Undirected,3
258239,361672,Undirected,5
318625,332338,Undirected,3
42900,225175,Undirected,3
127566,225175,Undirected,4
185222,205608,Undirected,3
185222,205621,Undirected,3
185222,225175,Undirected,3
205621,375558,Undirected,11
225175,301874,Undirected,3
108837,317092,Undirected,3
160925,388543,Undirected,3
212853,332338,Undirected,3
269641,383523,Undirected,4
8773,49696,Undirected,15
8773,51559,Undirected,5
8773,72495,Undirected,4
8773,130758,Undirected,4
8773,210383,Undirected,6
49696,51559,Undirected,11
49696,63595,Undirected,5
49696,72495,Undirected,3
49696,130758,Undirected,6
49696,210383,Undirected,7
51559,63595,Undirected,6
51559,130758,Undirected,5
63595,72495,Undirected,4
63595,130758,Undirected,3
63595,210383,Undirected,4
63595,326722,Undirected,3
210383,326722,Undirected,3
8773,67213,Undirected,4
8773,206091,Undirected,13
8773,264542,Undirected,6
8773,359594,Undirected,6
49696,67213,Undirected,3
49696,206091,Undirected,14
49696,264542,Undirected,9
49696,359594,Undirected,15
49696,380299,Undirected,4
51559,359594,Undirected,8
51559,380299,Undirected,5
67213,264542,Undirected,4
67213,359594,Undirected,9
67213,380299,Undirected,6
206091,250144,Undirected,4
206091,359594,Undirected,18
206091,380299,Undirected,9
250144,359594,Undirected,3
264542,359594,Undirected,3
264542,380299,Undirected,3
359594,380299,Undirected,12
8773,19442,Undirected,5
8773,285401,Undirected,6
19442,72495,Undirected,3
19442,285401,Undirected,7
19442,359594,Undirected,19
19442,380299,Undirected,6
51969,285401,Undirected,3
51969,359594,Undirected,3
51969,364800,Undirected,3
67213,364800,Undirected,3
72495,359594,Undirected,5
285401,359594,Undirected,8
359594,364800,Undirected,4
88109,184888,Undirected,3
88109,202106,Undirected,3
41522,386334,Undirected,3
60665,312153,Undirected,3
127566,312153,Undirected,4
161208,162283,Undirected,3
162283,169719,Undirected,3
169719,312153,Undirected,3
60665,323230,Undirected,3
127566,323230,Undirected,3
272829,323230,Undirected,3
184498,314830,Undirected,3
186476,282055,Undirected,3
72544,144510,Undirected,4
72544,266176,Undirected,3
128321,186877,Undirected,4
128321,266176,Undirected,3
144510,266176,Undirected,4
164114,186877,Undirected,3
186877,293312,Undirected,3
189059,240559,Undirected,3
134069,370823,Undirected,7
41765,166789,Undirected,3
41765,169719,Undirected,5
41765,326781,Undirected,16
41765,373032,Undirected,18
41765,375558,Undirected,15
41765,385121,Undirected,10
139884,166789,Undirected,5
139884,169719,Undirected,3
166789,169719,Undirected,3
178615,373032,Undirected,14
178615,385121,Undirected,7
326781,373032,Undirected,18
326781,375558,Undirected,16
326781,385121,Undirected,10
373032,375558,Undirected,16
373032,385121,Undirected,12
375558,385121,Undirected,7
28287,72747,Undirected,4
28287,78545,Undirected,5
30474,72747,Undirected,3
30474,78545,Undirected,3
76672,337937,Undirected,3
106235,219924,Undirected,3
106235,389600,Undirected,4
219924,389600,Undirected,3
23829,83846,Undirected,3
23829,178884,Undirected,3
83846,178884,Undirected,3
23921,112688,Undirected,3
205621,375242,Undirected,4
113413,186476,Undirected,3
238686,386076,Undirected,3
80282,252057,Undirected,3
2342,385961,Undirected,4
174103,299796,Undirected,3
79002,371816,Undirected,3
106424,273082,Undirected,3
15464,252152,Undirected,6
267326,271180,Undirected,9
267326,299785,Undirected,9
271180,299785,Undirected,9
121294,166850,Undirected,3
51438,96846,Undirected,19
184715,274782,Undirected,3
41511,213401,Undirected,3
48298,363462,Undirected,3
174568,306925,Undirected,3
6306,181600,Undirected,3
6306,223487,Undirected,3
101583,133498,Undirected,5
101583,181600,Undirected,3
101583,223487,Undirected,5
101583,323584,Undirected,4
133498,223487,Undirected,4
134069,181600,Undirected,9
134069,223487,Undirected,8
181600,323584,Undirected,4
223487,323584,Undirected,3
80772,185222,Undirected,3
80772,215969,Undirected,5
128298,162283,Undirected,3
128298,185155,Undirected,3
141549,162283,Undirected,3
127566,258239,Undirected,10
127566,357894,Undirected,7
169719,301979,Undirected,4
169719,357894,Undirected,4
169719,361672,Undirected,19
205621,301979,Undirected,4
205621,361672,Undirected,12
301979,361672,Undirected,5
357894,361672,Undirected,7
98105,182211,Undirected,4
98105,213681,Undirected,3
98105,283715,Undirected,4
182211,213681,Undirected,7
182211,283715,Undirected,8
213681,283715,Undirected,7
140538,172611,Undirected,8
140538,203631,Undirected,4
169719,172611,Undirected,13
169719,181253,Undirected,4
172611,181253,Undirected,4
172611,213958,Undirected,7
172611,317436,Undirected,5
172611,361672,Undirected,6
203631,213958,Undirected,5
213958,317436,Undirected,11
47941,178615,Undirected,3
47941,205621,Undirected,3
47941,211218,Undirected,3
47941,299930,Undirected,3
178615,185522,Undirected,8
178615,211218,Undirected,13
178615,299930,Undirected,13
185522,205621,Undirected,6
185522,211218,Undirected,7
185522,299930,Undirected,7
205621,211218,Undirected,9
205621,299930,Undirected,9
211218,299930,Undirected,12
76672,240778,Undirected,3
56900,213958,Undirected,5
56900,317436,Undirected,3
64783,213958,Undirected,4
64783,317436,Undirected,4
178615,265021,Undirected,4
205621,265021,Undirected,4
211218,265021,Undirected,3
102962,160481,Undirected,8
92049,173968,Undirected,5
92049,285784,Undirected,3
104154,173713,Undirected,3
104154,195971,Undirected,3
104154,378562,Undirected,3
173713,195971,Undirected,3
173713,378562,Undirected,3
195971,378562,Undirected,3
38984,248939,Undirected,4
76451,101236,Undirected,3
130211,192307,Undirected,3
130211,382187,Undirected,3
132788,250619,Undirected,3
38443,284807,Undirected,3
4896,74095,Undirected,3
370028,388392,Undirected,3
78968,213261,Undirected,3
78968,317436,Undirected,10
133788,213261,Undirected,4
133788,213958,Undirected,5
150153,213958,Undirected,3
213261,213958,Undirected,4
213261,386670,Undirected,3
213958,386670,Undirected,5
12090,265151,Undirected,3
98824,189992,Undirected,3
172530,191166,Undirected,3
149594,325185,Undirected,4
194762,290327,Undirected,3
78968,169719,Undirected,9
207640,254631,Undirected,3
207640,263809,Undirected,3
207640,312479,Undirected,3
254631,263809,Undirected,4
254631,312479,Undirected,3
209056,354861,Undirected,3
38920,249399,Undirected,3
42555,43876,Undirected,3
267419,347499,Undirected,3
7513,191563,Undirected,3
43876,299740,Undirected,3
189992,347529,Undirected,8
78968,172611,Undirected,3
78968,326781,Undirected,14
172611,326781,Undirected,4
127052,155606,Undirected,5
97433,213908,Undirected,3
88210,281570,Undirected,3
88210,383829,Undirected,4
326779,383829,Undirected,3
35461,170644,Undirected,10
35461,307345,Undirected,10
69502,170644,Undirected,10
165879,170644,Undirected,9
170644,188841,Undirected,17
170644,304396,Undirected,9
170644,307345,Undirected,3
170644,327514,Undirected,7
170644,354802,Undirected,12
188841,307345,Undirected,3
188841,349739,Undirected,4
307345,327514,Undirected,10
88507,175545,Undirected,3
88507,269534,Undirected,5
15986,67489,Undirected,3
15986,88381,Undirected,4
15986,185046,Undirected,3
15986,289815,Undirected,3
15986,365194,Undirected,3
15986,371507,Undirected,3
67489,88381,Undirected,4
67489,185046,Undirected,3
67489,289815,Undirected,3
67489,365194,Undirected,4
67489,371507,Undirected,3
88381,185046,Undirected,3
88381,289815,Undirected,3
88381,365194,Undirected,3
88381,371507,Undirected,3
185046,365194,Undirected,3
185046,371507,Undirected,3
289815,365194,Undirected,3
289815,371507,Undirected,3
365194,371507,Undirected,3
365194,388956,Undirected,3
149594,178511,Undirected,4
355543,382840,Undirected,3
57447,384486,Undirected,3
186484,390615,Undirected,18
113525,178933,Undirected,3
163965,287592,Undirected,3
102237,380203,Undirected,4
350882,370341,Undirected,3
350882,380203,Undirected,4
370341,380203,Undirected,5
101236,185795,Undirected,4
215370,343036,Undirected,3
44417,50462,Undirected,4
50462,85128,Undirected,3
50462,335121,Undirected,3
85128,335121,Undirected,3
170493,335121,Undirected,3
274782,353500,Undirected,3
54457,178965,Undirected,8
54457,264227,Undirected,6
178965,264227,Undirected,4
101583,184297,Undirected,4
101583,186752,Undirected,3
101583,291245,Undirected,3
133498,186752,Undirected,3
134069,184297,Undirected,6
134069,186752,Undirected,7
134557,179516,Undirected,3
80772,368036,Undirected,3
87737,221312,Undirected,3
221312,368036,Undirected,3
239809,368036,Undirected,3
48972,189442,Undirected,3
297322,317092,Undirected,3
317092,317253,Undirected,3
111448,231437,Undirected,4
131008,208585,Undirected,3
235316,311274,Undirected,3
212853,385513,Undirected,3
42959,157318,Undirected,3
42959,244201,Undirected,3
370245,370721,Undirected,3
52158,317737,Undirected,3
84390,258437,Undirected,4
60242,149782,Undirected,4
60242,208542,Undirected,6
60242,225269,Undirected,4
63067,208542,Undirected,3
149782,208542,Undirected,4
149782,225269,Undirected,4
208542,225269,Undirected,7
144188,246919,Undirected,5
352977,370018,Undirected,5
107968,194207,Undirected,3
97433,128298,Undirected,11
97433,140538,Undirected,31
97433,287957,Undirected,3
97433,353434,Undirected,5
128298,140538,Undirected,13
128298,160161,Undirected,4
128298,287957,Undirected,10
128298,353434,Undirected,12
140538,179319,Undirected,3
140538,287957,Undirected,10
140538,353434,Undirected,11
160161,287957,Undirected,5
160161,353434,Undirected,3
179319,287957,Undirected,3
179319,353434,Undirected,3
287957,353434,Undirected,5
140538,249491,Undirected,9
249491,287957,Undirected,4
4368,285401,Undirected,3
188899,189273,Undirected,3
175410,242675,Undirected,4
49123,49745,Undirected,4
49123,271356,Undirected,4
48081,118123,Undirected,3
48081,330661,Undirected,3
118123,330661,Undirected,3
30349,43541,Undirected,3
91954,130971,Undirected,3
63533,193411,Undirected,4
213958,249491,Undirected,6
213958,328794,Undirected,3
213958,353434,Undirected,9
249491,301874,Undirected,6
249491,353434,Undirected,3
20513,300749,Undirected,3
53781,340153,Undirected,3
167071,246967,Undirected,3
246967,340153,Undirected,3
44594,175101,Undirected,6
44594,269463,Undirected,13
44594,301885,Undirected,11
175101,269463,Undirected,4
175101,301885,Undirected,6
269463,301885,Undirected,9
49926,173968,Undirected,3
44218,146510,Undirected,3
309567,370945,Undirected,3
42900,169719,Undirected,8
42900,175545,Undirected,6
169719,175545,Undirected,7
175545,178615,Undirected,3
175545,258239,Undirected,3
175545,361672,Undirected,3
45507,286672,Undirected,5
175390,286672,Undirected,3
53810,128298,Undirected,3
128298,194567,Undirected,3
128298,213958,Undirected,11
128298,301874,Undirected,5
128298,361672,Undirected,11
194567,213958,Undirected,5
194567,361672,Undirected,6
42095,221965,Undirected,3
95688,173155,Undirected,8
130758,167786,Undirected,6
52658,183433,Undirected,3
7089,393898,Undirected,3
187507,393898,Undirected,3
94151,178615,Undirected,3
94151,211218,Undirected,3
94151,299930,Undirected,3
178615,375242,Undirected,6
211218,375242,Undirected,6
299930,375242,Undirected,5
189016,241455,Undirected,3
41960,204061,Undirected,3
43573,311729,Undirected,3
182619,298138,Undirected,3
32781,144188,Undirected,8
32781,350882,Undirected,3
32781,370341,Undirected,11
144188,370341,Undirected,3
282319,322955,Undirected,3
237243,388116,Undirected,3
62507,199310,Undirected,3
124352,198604,Undirected,3
63595,150718,Undirected,4
63595,249571,Undirected,3
63595,380299,Undirected,4
130758,206091,Undirected,8
130758,249571,Undirected,4
130758,285401,Undirected,7
130758,337229,Undirected,7
150718,206091,Undirected,9
150718,285401,Undirected,4
150718,337229,Undirected,4
206091,249571,Undirected,4
249571,264542,Undirected,4
249571,285401,Undirected,6
249571,337229,Undirected,5
75627,355543,Undirected,6
340569,382933,Undirected,6
301874,340219,Undirected,3
350452,380203,Undirected,3
26004,302321,Undirected,3
8773,77506,Undirected,3
8773,150718,Undirected,4
8773,249571,Undirected,4
49696,77506,Undirected,8
49696,114000,Undirected,3
49696,150718,Undirected,6
49696,249571,Undirected,7
77506,150718,Undirected,3
77506,206091,Undirected,5
77506,210383,Undirected,3
77506,249571,Undirected,4
114000,206091,Undirected,3
114000,210383,Undirected,4
150718,210383,Undirected,3
61969,63595,Undirected,3
61969,128715,Undirected,3
61969,150718,Undirected,3
61969,206091,Undirected,9
61969,210383,Undirected,3
72495,128715,Undirected,3
128715,206091,Undirected,3
206091,216642,Undirected,4
206091,300447,Undirected,8
210383,216642,Undirected,3
210383,300447,Undirected,5
179118,233428,Undirected,13
179118,271232,Undirected,19
179118,302075,Undirected,19
179118,368277,Undirected,9
233428,271232,Undirected,30
233428,302075,Undirected,30
233428,368277,Undirected,13
271232,302075,Undirected,48
271232,368277,Undirected,23
302075,368277,Undirected,22
109345,369298,Undirected,3
134124,378909,Undirected,3
144188,149374,Undirected,5
144188,378909,Undirected,3
149374,378909,Undirected,8
27686,88922,Undirected,3
118172,244154,Undirected,3
118172,270316,Undirected,7
244154,270316,Undirected,4
243219,317464,Undirected,3
35025,134156,Undirected,4
189514,351328,Undirected,3
189628,351328,Undirected,3
46039,213367,Undirected,7
213367,352219,Undirected,3
88085,336436,Undirected,3
102161,134124,Undirected,4
102161,336436,Undirected,4
102161,378909,Undirected,6
102161,380203,Undirected,8
265464,336436,Undirected,4
336436,378909,Undirected,4
378909,380203,Undirected,5
77506,285401,Undirected,5
320864,371901,Undirected,3
296968,300326,Undirected,3
300326,374037,Undirected,4
190214,286514,Undirected,3
190214,370341,Undirected,4
46604,323328,Undirected,3
151885,178511,Undirected,3
161671,178511,Undirected,3
69431,148943,Undirected,3
54457,185474,Undirected,5
54457,384486,Undirected,4
185474,384486,Undirected,11
5259,160925,Undirected,4
50142,160925,Undirected,4
50142,382275,Undirected,4
160925,382275,Undirected,12
19574,53056,Undirected,7
19574,361672,Undirected,3
53056,361672,Undirected,6
182333,256300,Undirected,3
90624,361672,Undirected,3
91190,314975,Undirected,3
97433,296160,Undirected,3
97433,314576,Undirected,3
97433,314975,Undirected,5
97433,379743,Undirected,4
128298,296160,Undirected,4
128298,314576,Undirected,4
128298,314975,Undirected,3
296160,314576,Undirected,4
296160,314975,Undirected,3
296160,353434,Undirected,4
296160,361672,Undirected,11
314576,314975,Undirected,3
314576,353434,Undirected,4
314576,361672,Undirected,5
314975,361672,Undirected,5
314975,379743,Undirected,5
353434,361672,Undirected,4
353434,379743,Undirected,4
37960,174080,Undirected,8
262896,347732,Undirected,4
265988,318237,Undirected,3
265988,382840,Undirected,3
121975,279909,Undirected,3
92520,222894,Undirected,3
78968,127566,Undirected,7
78968,357894,Undirected,5
135709,231639,Undirected,3
178615,357894,Undirected,3
88686,371892,Undirected,5
266585,371892,Undirected,4
181921,193633,Undirected,3
193633,240566,Undirected,3
50051,81802,Undirected,9
50051,179118,Undirected,6
50051,212558,Undirected,6
50051,260405,Undirected,8
50051,271232,Undirected,15
50051,302075,Undirected,15
50051,368277,Undirected,9
81802,179118,Undirected,8
81802,212558,Undirected,8
81802,260405,Undirected,11
81802,271232,Undirected,17
81802,302075,Undirected,17
81802,368277,Undirected,11
179118,212558,Undirected,6
179118,260405,Undirected,8
212558,260405,Undirected,8
212558,271232,Undirected,11
212558,302075,Undirected,11
212558,368277,Undirected,4
260405,271232,Undirected,14
260405,302075,Undirected,14
260405,368277,Undirected,6
149594,214971,Undirected,3
149594,311095,Undirected,3
149594,340278,Undirected,5
149594,386495,Undirected,3
171228,199320,Undirected,3
171228,214971,Undirected,3
171228,340278,Undirected,4
171228,386495,Undirected,3
199320,214971,Undirected,3
199320,340278,Undirected,3
214971,340278,Undirected,4
214971,386495,Undirected,3
311095,340278,Undirected,3
19836,194186,Undirected,4
19836,311827,Undirected,3
194186,255733,Undirected,3
255733,383335,Undirected,3
69644,94151,Undirected,6
91217,94151,Undirected,4
94151,213908,Undirected,5
94151,367142,Undirected,5
94151,382801,Undirected,4
97433,127566,Undirected,11
97433,169719,Undirected,17
127566,213908,Undirected,3
169719,213908,Undirected,3
171704,360317,Undirected,3
190590,202402,Undirected,3
35034,127566,Undirected,6
35034,140538,Undirected,4
127566,181492,Undirected,3
140538,181492,Undirected,7
140538,371340,Undirected,11
174568,182297,Undirected,3
301664,317760,Undirected,4
182608,355618,Undirected,3
223163,233034,Undirected,3
54720,97409,Undirected,3
98824,265988,Undirected,3
162990,213274,Undirected,3
187869,222757,Undirected,9
213274,222757,Undirected,3
22012,375248,Undirected,5
82215,200957,Undirected,3
221461,325786,Undirected,3
325786,387050,Undirected,4
73584,76185,Undirected,4
76185,106781,Undirected,3
76185,157395,Undirected,3
244338,263878,Undirected,3
114768,388392,Undirected,3
287735,371892,Undirected,4
175390,369320,Undirected,3
179034,367927,Undirected,3
176546,185222,Undirected,3
176546,361672,Undirected,4
33299,287957,Undirected,5
33299,371359,Undirected,3
45988,371359,Undirected,3
287957,361672,Undirected,4
287957,371359,Undirected,6
361672,371359,Undirected,27
19442,49696,Undirected,9
19442,63595,Undirected,5
19442,206091,Undirected,10
19442,210383,Undirected,6
41522,90671,Undirected,10
41522,175272,Undirected,4
41522,354743,Undirected,12
90671,175272,Undirected,3
90671,354743,Undirected,10
175272,183753,Undirected,7
175272,354743,Undirected,8
183753,354743,Undirected,5
32781,154493,Undirected,7
32781,246919,Undirected,7
172875,243895,Undirected,6
81414,334004,Undirected,3
305688,369499,Undirected,3
219992,248998,Undirected,5
78968,292617,Undirected,3
205621,249491,Undirected,4
209093,301874,Undirected,7
61653,371473,Undirected,3
147289,150802,Undirected,8
147289,209303,Undirected,4
150802,209303,Undirected,3
66178,372374,Undirected,6
84741,314666,Undirected,4
84741,370823,Undirected,4
84741,384486,Undirected,5
314666,384486,Undirected,7
54720,197123,Undirected,5
78968,375558,Undirected,13
127566,172611,Undirected,9
172611,375558,Undirected,3
317436,326781,Undirected,8
317436,357894,Undirected,5
335121,353311,Undirected,4
99442,379807,Undirected,3
151200,347732,Undirected,7
70549,364172,Undirected,3
360534,364172,Undirected,3
101803,213958,Undirected,10
127566,213958,Undirected,16
127566,285548,Undirected,3
213958,285548,Undirected,5
90234,118519,Undirected,4
53056,213261,Undirected,8
53056,249491,Undirected,3
213261,249491,Undirected,6
213261,361672,Undirected,6
249491,361672,Undirected,7
139232,214709,Undirected,5
139232,337240,Undirected,6
139232,361672,Undirected,7
139232,391334,Undirected,3
150153,214709,Undirected,3
150153,361672,Undirected,3
214709,337240,Undirected,4
214709,361672,Undirected,6
214709,391334,Undirected,3
337240,361672,Undirected,7
361672,391334,Undirected,5
167112,333897,Undirected,3
190964,249547,Undirected,3
190964,215583,Undirected,3
29018,165879,Undirected,3
29018,170644,Undirected,3
29018,188841,Undirected,4
29018,354802,Undirected,3
29018,373435,Undirected,3
118172,373435,Undirected,8
170644,373435,Undirected,5
188841,373435,Undirected,6
354802,373435,Undirected,3
98414,184498,Undirected,3
22637,151340,Undirected,3
69777,96790,Undirected,12
69777,151340,Undirected,3
93240,151340,Undirected,3
96790,151340,Undirected,3
182859,186586,Undirected,4
183145,278656,Undirected,5
2320,280237,Undirected,3
2320,356837,Undirected,3
280237,281589,Undirected,3
280237,356837,Undirected,3
84098,205621,Undirected,4
205621,263741,Undirected,3
263741,361672,Undirected,3
301979,368036,Undirected,3
361672,368036,Undirected,3
203631,249491,Undirected,4
181253,249491,Undirected,3
60665,213958,Undirected,5
210120,213958,Undirected,3
213958,272829,Undirected,8
116854,311858,Undirected,3
24815,31511,Undirected,8
24815,61969,Undirected,4
24815,359594,Undirected,5
31511,49696,Undirected,4
31511,61969,Undirected,5
31511,130758,Undirected,4
31511,359594,Undirected,15
49696,61969,Undirected,6
61969,300770,Undirected,4
61969,359594,Undirected,14
130758,359594,Undirected,4
206091,300770,Undirected,3
240573,359594,Undirected,3
300770,359594,Undirected,4
289032,362062,Undirected,5
56053,329871,Undirected,10
32781,271615,Undirected,6
271615,370341,Undirected,7
50462,246150,Undirected,4
50462,295422,Undirected,6
246150,295422,Undirected,4
295422,391912,Undirected,5
42117,178511,Undirected,4
88686,369788,Undirected,3
95219,255752,Undirected,6
33299,127566,Undirected,5
33299,139884,Undirected,3
33299,166789,Undirected,3
33299,281620,Undirected,3
33299,384392,Undirected,4
127566,139297,Undirected,3
127566,139884,Undirected,4
127566,166789,Undirected,4
127566,281620,Undirected,5
127566,384392,Undirected,6
139297,384392,Undirected,3
139884,281620,Undirected,3
139884,384392,Undirected,4
166789,281620,Undirected,3
166789,384392,Undirected,4
61601,349739,Undirected,4
222267,283307,Undirected,3
283307,318867,Undirected,3
110208,258497,Undirected,4
183084,315639,Undirected,3
56053,74326,Undirected,3
56053,205108,Undirected,7
56053,216812,Undirected,3
71718,93625,Undirected,4
71718,105795,Undirected,7
74326,93625,Undirected,3
74326,205108,Undirected,9
93625,105795,Undirected,3
93625,216812,Undirected,3
2898,179529,Undirected,3
2898,216633,Undirected,3
2898,231378,Undirected,3
2898,386966,Undirected,3
174255,216633,Undirected,3
179529,216633,Undirected,3
179529,231378,Undirected,3
179529,386966,Undirected,3
216633,231378,Undirected,3
216633,336651,Undirected,3
216633,386966,Undirected,4
231378,336651,Undirected,3
231378,386966,Undirected,3
94084,216633,Undirected,4
94084,264811,Undirected,4
201370,336651,Undirected,3
96204,118519,Undirected,4
16165,310819,Undirected,3
190690,221709,Undirected,3
190690,296619,Undirected,4
190690,313922,Undirected,3
221709,296619,Undirected,3
221709,313922,Undirected,3
296619,313922,Undirected,3
143728,214262,Undirected,4
97433,105631,Undirected,3
97433,215589,Undirected,3
97433,323230,Undirected,3
263026,342337,Undirected,3
92226,268442,Undirected,3
157965,268442,Undirected,3
160551,254801,Undirected,4
46169,264738,Undirected,3
330990,363251,Undirected,3
109345,294867,Undirected,3
54009,327005,Undirected,3
77843,266155,Undirected,3
13632,359594,Undirected,3
19442,61969,Undirected,8
20491,359594,Undirected,5
61969,380299,Undirected,6
88522,266678,Undirected,3
69176,141279,Undirected,11
69176,189373,Undirected,10
69176,386572,Undirected,11
141279,189373,Undirected,10
141279,386572,Undirected,11
189373,386572,Undirected,11
93203,351021,Undirected,3
229742,299702,Undirected,9
41102,172875,Undirected,3
41102,253466,Undirected,4
41102,265459,Undirected,4
133304,253466,Undirected,3
172875,265459,Undirected,3
265459,305129,Undirected,3
272929,310819,Undirected,4
97433,166789,Undirected,6
128298,166789,Undirected,3
128298,281620,Undirected,3
166789,266933,Undirected,4
166789,301874,Undirected,3
266933,301874,Undirected,3
135619,138545,Undirected,3
135619,152618,Undirected,3
35461,43964,Undirected,5
35461,54081,Undirected,7
35461,342661,Undirected,5
35461,373435,Undirected,17
43964,54081,Undirected,3
43964,88706,Undirected,4
43964,342661,Undirected,4
43964,373435,Undirected,10
54081,88706,Undirected,3
54081,342661,Undirected,3
54081,373435,Undirected,7
88706,373435,Undirected,5
342661,373435,Undirected,5
18857,365152,Undirected,4
9619,132099,Undirected,8
9619,281592,Undirected,8
132099,281592,Undirected,8
143729,312955,Undirected,5
149801,214007,Undirected,6
149801,265231,Undirected,4
149801,312955,Undirected,5
149801,336923,Undirected,5
178599,312955,Undirected,4
214007,228403,Undirected,3
214007,265231,Undirected,9
214007,312955,Undirected,4
214007,336923,Undirected,8
265231,269310,Undirected,9
265231,291725,Undirected,6
265231,312955,Undirected,9
265231,336923,Undirected,6
269310,312955,Undirected,11
269310,336923,Undirected,3
167054,214007,Undirected,9
167054,249865,Undirected,4
167054,256964,Undirected,8
167054,265231,Undirected,5
175210,214007,Undirected,3
175210,264278,Undirected,3
175210,265231,Undirected,4
214007,249865,Undirected,5
249865,256964,Undirected,3
256964,265231,Undirected,7
98394,221774,Undirected,3
229097,282166,Undirected,5
35025,127273,Undirected,4
35025,308249,Undirected,4
127273,255584,Undirected,5
134156,255584,Undirected,4
308249,383335,Undirected,4
131309,186629,Undirected,3
96846,321540,Undirected,7
222757,283444,Undirected,4
130971,252286,Undirected,3
57960,170386,Undirected,3
57960,183773,Undirected,3
64239,183773,Undirected,3
55486,96846,Undirected,8
55486,186229,Undirected,4
55486,234290,Undirected,6
96846,186229,Undirected,4
96846,234290,Undirected,46
96846,323096,Undirected,4
45489,114710,Undirected,3
42900,140538,Undirected,5
42900,314975,Undirected,3
139297,140538,Undirected,7
139297,305660,Undirected,3
139297,314975,Undirected,8
139304,140538,Undirected,3
139304,301874,Undirected,3
140538,225175,Undirected,4
140538,305660,Undirected,5
140538,314975,Undirected,8
305660,314975,Undirected,3
64239,296633,Undirected,3
73137,160413,Undirected,5
201342,296633,Undirected,3
41960,168496,Undirected,3
189521,235991,Undirected,3
205621,314576,Undirected,4
186078,317710,Undirected,3
252152,326370,Undirected,3
139734,372687,Undirected,5
174298,375268,Undirected,4
255584,298545,Undirected,4
19836,69134,Undirected,3
19836,308249,Undirected,3
73765,255584,Undirected,3
73765,255733,Undirected,5
73765,369788,Undirected,8
122231,255584,Undirected,8
122231,255733,Undirected,4
122231,369788,Undirected,4
255584,255733,Undirected,5
255584,369788,Undirected,3
122231,298545,Undirected,4
122231,301664,Undirected,5
298545,301664,Undirected,5
35025,255733,Undirected,5
35025,298545,Undirected,4
73765,308249,Undirected,6
255733,298545,Undirected,7
255733,308249,Undirected,7
298545,308249,Undirected,5
19836,369788,Undirected,5
73765,391522,Undirected,5
35025,301664,Undirected,4
122231,127273,Undirected,4
127273,194186,Undirected,4
127273,255733,Undirected,4
127273,298545,Undirected,4
127273,301664,Undirected,3
255584,301664,Undirected,3
255733,301664,Undirected,5
73765,311827,Undirected,3
255733,391522,Undirected,5
301664,391522,Undirected,3
317760,391522,Undirected,4
73765,317760,Undirected,3
73765,383335,Undirected,3
383335,391522,Undirected,3
19836,317760,Undirected,3
73765,211052,Undirected,3
211052,369788,Undirected,3
255584,317760,Undirected,4
317760,369788,Undirected,3
127273,391522,Undirected,3
298545,391522,Undirected,3
122231,317760,Undirected,3
19836,283472,Undirected,3
283472,369788,Undirected,3
308249,369788,Undirected,3
69134,391522,Undirected,3
122231,127535,Undirected,3
127535,255584,Undirected,4
69134,283472,Undirected,3
127535,134156,Undirected,3
134156,369788,Undirected,3
283569,346531,Undirected,8
20384,387456,Undirected,3
148943,255099,Undirected,3
237218,338863,Undirected,3
284016,338863,Undirected,3
69440,296619,Undirected,3
26913,283307,Undirected,3
26913,318867,Undirected,3
318867,342067,Undirected,3
25703,375558,Undirected,5
183129,392293,Undirected,4
154493,286514,Undirected,3
84390,383335,Undirected,3
2501,45489,Undirected,9
2501,222963,Undirected,7
2501,365285,Undirected,8
45489,222963,Undirected,8
45489,365285,Undirected,14
222963,365285,Undirected,8
190964,255678,Undirected,3
255678,276918,Undirected,3
255678,352252,Undirected,3
35250,265988,Undirected,3
46527,230432,Undirected,3
60460,320867,Undirected,4
206560,309567,Undirected,3
97034,338822,Undirected,3
319,50189,Undirected,11
319,149310,Undirected,11
319,283374,Undirected,10
50189,149310,Undirected,10
50189,283374,Undirected,9
149310,283374,Undirected,10
54353,64120,Undirected,3
99442,331327,Undirected,3
51552,130758,Undirected,4
186476,324807,Undirected,4
324807,391198,Undirected,3
176765,204008,Undirected,3
117413,345675,Undirected,3
223209,370707,Undirected,3
227689,347565,Undirected,4
30520,214412,Undirected,3
42800,272376,Undirected,4
213274,382448,Undirected,4
293368,367652,Undirected,4
3010,244703,Undirected,3
82710,328284,Undirected,4
321603,328284,Undirected,5
156864,310576,Undirected,3
13632,210383,Undirected,4
13632,285401,Undirected,3
61969,227120,Undirected,5
61969,285401,Undirected,5
67213,227120,Undirected,3
93321,206091,Undirected,3
93321,227120,Undirected,3
206091,227120,Undirected,9
206091,364584,Undirected,5
210383,359594,Undirected,15
227120,285401,Undirected,3
227120,359594,Undirected,9
227120,364584,Undirected,3
285401,364584,Undirected,3
359594,364584,Undirected,3
58970,96846,Undirected,6
96846,326513,Undirected,3
8773,337229,Undirected,8
8773,375658,Undirected,4
49696,128715,Undirected,3
49696,296105,Undirected,4
49696,337229,Undirected,8
49696,375658,Undirected,12
72495,375658,Undirected,3
128715,337229,Undirected,4
128715,359594,Undirected,4
206091,296105,Undirected,3
206091,375658,Undirected,7
296105,337229,Undirected,6
296105,375658,Undirected,4
337229,359594,Undirected,11
337229,375658,Undirected,3
359594,375658,Undirected,4
51552,341480,Undirected,3
15308,169719,Undirected,3
96909,169719,Undirected,5
96909,175545,Undirected,3
175545,205621,Undirected,5
265464,383523,Undirected,3
367301,383523,Undirected,3
9233,323224,Undirected,5
45988,101803,Undirected,3
38736,41840,Undirected,4
291819,353583,Undirected,3
316039,353583,Undirected,4
320864,353583,Undirected,3
178868,249179,Undirected,5
178868,296345,Undirected,5
178868,317436,Undirected,4
249179,296345,Undirected,4
296345,317436,Undirected,5
178868,260129,Undirected,4
260129,296345,Undirected,4
92901,261809,Undirected,3
155666,385801,Undirected,3
114710,296873,Undirected,4
114710,355871,Undirected,3
107968,209177,Undirected,3
201316,366527,Undirected,3
241405,245149,Undirected,4
40906,318109,Undirected,4
64888,371228,Undirected,3
121148,127570,Undirected,3
121148,239715,Undirected,3
199737,382917,Undirected,4
45858,186751,Undirected,4
45858,338320,Undirected,3
45858,356832,Undirected,4
186751,318449,Undirected,4
186751,375397,Undirected,4
318449,338320,Undirected,3
318449,375397,Undirected,3
338320,356832,Undirected,3
338320,375397,Undirected,3
106011,181741,Undirected,3
41102,155542,Undirected,6
41102,210359,Undirected,12
41102,269198,Undirected,10
155542,210359,Undirected,3
155542,269198,Undirected,3
210359,269198,Undirected,10
58208,306925,Undirected,3
64239,264811,Undirected,4
158013,313937,Undirected,3
307474,379807,Undirected,4
49977,123832,Undirected,3
13632,300447,Undirected,3
178872,353500,Undirected,4
252482,353500,Undirected,3
42117,132189,Undirected,4
29018,35461,Undirected,8
29018,47292,Undirected,4
29018,175563,Undirected,5
29018,301906,Undirected,8
35461,47292,Undirected,10
35461,175563,Undirected,9
35461,212722,Undirected,6
47292,175563,Undirected,4
47292,212722,Undirected,3
47292,301906,Undirected,3
175563,212722,Undirected,3
175563,301906,Undirected,8
212722,301906,Undirected,3
80772,175545,Undirected,4
140538,175545,Undirected,6
337205,356660,Undirected,3
29018,46967,Undirected,5
29018,307345,Undirected,5
29018,327514,Undirected,6
46967,47292,Undirected,4
46967,175563,Undirected,9
46967,301906,Undirected,7
46967,307345,Undirected,10
47292,307345,Undirected,4
47292,327514,Undirected,4
175563,307345,Undirected,8
175563,327514,Undirected,7
301906,307345,Undirected,6
18857,35025,Undirected,3
14044,44079,Undirected,3
14044,180374,Undirected,3
44079,180374,Undirected,7
44079,188654,Undirected,4
180374,252334,Undirected,3
180374,299491,Undirected,4
185474,252334,Undirected,8
188654,299491,Undirected,3
62369,353896,Undirected,3
50384,384405,Undirected,3
50477,53483,Undirected,6
50477,166850,Undirected,4
50477,214262,Undirected,3
50477,384405,Undirected,5
53483,166850,Undirected,4
53483,214262,Undirected,3
53483,337276,Undirected,3
53483,384405,Undirected,6
166850,384405,Undirected,5
214262,384405,Undirected,4
337276,384405,Undirected,4
83168,229097,Undirected,3
83168,282166,Undirected,3
12156,94193,Undirected,3
134758,179895,Undirected,3
52752,90944,Undirected,7
52752,353891,Undirected,7
90944,353891,Undirected,7
14414,259478,Undirected,3
178747,194488,Undirected,3
35461,270564,Undirected,5
35461,271694,Undirected,12
47292,271694,Undirected,3
47292,373435,Undirected,4
270564,271694,Undirected,4
270564,373435,Undirected,6
327514,373435,Undirected,5
32781,102161,Undirected,4
32781,378909,Undirected,7
32781,380204,Undirected,5
102161,380204,Undirected,5
154493,378909,Undirected,3
154493,380203,Undirected,5
350882,378909,Undirected,3
380203,380204,Undirected,5
9461,96409,Undirected,5
117904,252286,Undirected,4
133694,239164,Undirected,3
20491,67213,Undirected,4
20491,337229,Undirected,3
72495,227120,Undirected,3
72495,264542,Undirected,3
83310,227120,Undirected,3
83310,337229,Undirected,3
227120,264542,Undirected,7
227120,337229,Undirected,8
227120,375658,Undirected,4
264542,375658,Undirected,6
106235,116307,Undirected,8
106235,151197,Undirected,6
116307,389600,Undirected,3
151197,219924,Undirected,3
151197,347732,Undirected,5
219924,347732,Undirected,6
347732,384928,Undirected,4
347732,389600,Undirected,4
99487,257327,Undirected,3
20873,29095,Undirected,3
20873,31946,Undirected,3
20873,82663,Undirected,3
20873,166244,Undirected,3
20873,292617,Undirected,3
29095,31946,Undirected,4
29095,82663,Undirected,4
29095,166244,Undirected,4
29095,292617,Undirected,4
31946,82663,Undirected,4
31946,166244,Undirected,4
31946,292617,Undirected,4
82663,166244,Undirected,4
82663,292617,Undirected,4
166244,292617,Undirected,4
237760,394019,Undirected,3
305073,355570,Undirected,3
234653,245917,Undirected,4
33299,128298,Undirected,4
33299,353071,Undirected,3
127566,128298,Undirected,8
128298,139884,Undirected,3
128298,353071,Undirected,4
128298,384392,Undirected,3
353071,384392,Undirected,3
103198,256525,Undirected,10
75627,393898,Undirected,3
354867,380010,Undirected,3
69699,130758,Undirected,3
97433,189507,Undirected,3
331021,353500,Undirected,4
248912,276706,Undirected,3
41102,168284,Undirected,11
41102,202783,Undirected,3
135212,168284,Undirected,3
135212,338045,Undirected,4
168284,202783,Undirected,3
168284,253466,Undirected,3
168284,338045,Undirected,9
202783,338045,Undirected,3
160883,318449,Undirected,3
218884,318449,Undirected,6
318449,367652,Undirected,7
161076,171865,Undirected,4
161076,234290,Undirected,6
161076,352252,Undirected,3
167166,231460,Undirected,3
171865,197477,Undirected,3
94612,249399,Undirected,3
56,378828,Undirected,3
69913,275082,Undirected,6
4699,165004,Undirected,5
4699,359594,Undirected,6
4699,380299,Undirected,5
19442,51559,Undirected,12
19442,165004,Undirected,7
49696,165004,Undirected,3
51559,165004,Undirected,6
63595,165004,Undirected,3
63595,359594,Undirected,3
114000,359594,Undirected,3
165004,210383,Undirected,8
165004,359594,Undirected,9
165004,380299,Undirected,9
210383,380299,Undirected,6
49123,221060,Undirected,3
53065,197577,Undirected,3
92490,167246,Undirected,3
180850,296451,Undirected,3
180850,299813,Undirected,3
296451,299813,Undirected,3
48844,193633,Undirected,4
175785,388956,Undirected,3
25868,347135,Undirected,3
284109,342092,Undirected,4
215583,227423,Undirected,3
215583,312567,Undirected,3
227423,275311,Undirected,3
312567,371603,Undirected,3
334712,371603,Undirected,3
77533,371662,Undirected,3
118519,286672,Undirected,3
118519,380484,Undirected,7
286672,369320,Undirected,3
286672,380484,Undirected,4
331248,345840,Undirected,3
331248,352711,Undirected,3
331248,393769,Undirected,3
345840,352711,Undirected,3
352711,393769,Undirected,3
156084,369667,Undirected,3
244218,388288,Undirected,3
32781,149368,Undirected,4
32781,217175,Undirected,3
32781,344045,Undirected,4
149368,344045,Undirected,3
344045,370341,Undirected,3
370341,378909,Undirected,3
30158,118519,Undirected,4
113443,295270,Undirected,3
169719,281620,Undirected,3
169719,371359,Undirected,16
213958,371359,Undirected,20
84390,189628,Undirected,3
132884,370018,Undirected,3
178235,371359,Undirected,14
18857,134156,Undirected,3
187547,267696,Undirected,3
36740,307123,Undirected,3
102962,307123,Undirected,3
271615,307123,Undirected,4
30594,76185,Undirected,3
30594,372540,Undirected,3
76185,237996,Undirected,3
76185,372540,Undirected,5
206847,246570,Undirected,3
74761,125095,Undirected,3
76185,360317,Undirected,4
298839,363521,Undirected,13
68058,355871,Undirected,5
186737,355871,Undirected,3
85120,114684,Undirected,10
85120,273082,Undirected,10
85120,303365,Undirected,10
85120,326575,Undirected,3
85120,353524,Undirected,5
114684,273082,Undirected,9
114684,303365,Undirected,9
114684,326575,Undirected,3
114684,353524,Undirected,5
218561,273082,Undirected,3
273082,303365,Undirected,10
273082,326575,Undirected,3
273082,353524,Undirected,5
303365,353524,Undirected,6
326575,353524,Undirected,3
33299,213958,Undirected,4
35034,169719,Undirected,3
56900,127566,Undirected,4
56900,169719,Undirected,7
127566,249491,Undirected,7
169719,249491,Undirected,4
172611,249491,Undirected,3
32781,380199,Undirected,4
2520,45514,Undirected,6
2520,252331,Undirected,3
2520,265231,Undirected,9
2520,394590,Undirected,3
44840,45514,Undirected,3
44840,252331,Undirected,3
45514,48822,Undirected,3
45514,265231,Undirected,7
48822,265231,Undirected,7
265231,364509,Undirected,6
265231,394590,Undirected,4
364509,394590,Undirected,3
27394,63066,Undirected,4
27394,125251,Undirected,5
63066,125251,Undirected,4
266143,370341,Undirected,3
216812,385493,Undirected,3
305375,385493,Undirected,3
157318,181971,Undirected,4
157318,372523,Undirected,3
346542,354139,Undirected,3
260209,386495,Undirected,3
56900,96909,Undirected,3
96909,289145,Undirected,7
61322,291330,Undirected,3
102512,108268,Undirected,6
102512,205621,Undirected,6
102512,277950,Undirected,4
102512,361672,Undirected,4
108268,181492,Undirected,3
108268,205621,Undirected,9
108268,277950,Undirected,4
108268,361672,Undirected,12
108268,375558,Undirected,3
181492,205621,Undirected,7
181492,375558,Undirected,4
205621,277950,Undirected,4
277950,361672,Undirected,3
277950,375558,Undirected,3
128674,355850,Undirected,3
225175,371359,Undirected,4
91744,147329,Undirected,3
65332,141401,Undirected,3
168919,261864,Undirected,3
185222,285548,Undirected,3
185222,386670,Undirected,3
285548,317436,Undirected,3
105631,394019,Undirected,3
311504,371892,Undirected,3
60361,90889,Undirected,9
42900,317436,Undirected,8
78968,371359,Undirected,4
175545,317436,Undirected,6
175545,371359,Undirected,5
317436,371359,Undirected,9
147123,231984,Undirected,3
2898,36644,Undirected,3
2898,46061,Undirected,8
36644,46061,Undirected,3
249848,314178,Undirected,4
188704,364519,Undirected,3
207640,347732,Undirected,4
237936,347732,Undirected,3
25703,286011,Undirected,3
25703,317436,Undirected,10
64783,222481,Undirected,3
222481,317436,Undirected,3
286011,317436,Undirected,4
94151,213958,Undirected,4
94151,361672,Undirected,3
179771,319613,Undirected,9
49696,227120,Undirected,9
134801,227120,Undirected,3
134801,359594,Undirected,4
227120,296105,Undirected,3
264542,296105,Undirected,3
29095,41765,Undirected,11
29095,127566,Undirected,3
29095,258239,Undirected,3
29095,373032,Undirected,11
29095,375558,Undirected,12
41765,127566,Undirected,3
41765,258239,Undirected,3
41765,317436,Undirected,8
127566,373032,Undirected,5
258239,317436,Undirected,8
258239,373032,Undirected,3
317436,373032,Undirected,8
68551,79163,Undirected,10
68551,80423,Undirected,8
68551,183715,Undirected,7
68551,269387,Undirected,9
68551,342837,Undirected,10
68551,345521,Undirected,10
79163,80423,Undirected,9
79163,183715,Undirected,8
80423,183715,Undirected,6
80423,269387,Undirected,9
80423,342837,Undirected,9
80423,345521,Undirected,9
183715,269387,Undirected,7
183715,342837,Undirected,7
183715,345521,Undirected,7
78968,258239,Undirected,3
78968,373032,Undirected,14
172611,258239,Undirected,3
172611,292389,Undirected,3
181253,258239,Undirected,3
181253,292389,Undirected,7
286356,306552,Undirected,3
56,106235,Undirected,4
56,116307,Undirected,5
106235,365324,Undirected,3
137479,149575,Undirected,3
326372,352493,Undirected,3
145172,191727,Undirected,3
92164,121510,Undirected,3
92164,141756,Undirected,3
141756,335121,Undirected,3
295422,335121,Undirected,4
213958,215969,Undirected,5
215969,361672,Undirected,3
20491,31511,Undirected,3
31511,254101,Undirected,4
31511,255555,Undirected,3
61969,254101,Undirected,5
254101,359594,Undirected,4
255555,359594,Undirected,3
73668,151200,Undirected,7
4900,251301,Undirected,3
21967,90650,Undirected,19
21967,252178,Undirected,21
90650,252178,Undirected,20
38731,97433,Undirected,3
86975,93203,Undirected,3
166368,192013,Undirected,4
23938,222757,Undirected,4
41642,252334,Undirected,4
41642,296873,Undirected,3
41642,323584,Undirected,10
133511,186484,Undirected,39
133511,296873,Undirected,40
133511,316569,Undirected,40
133511,323584,Undirected,3
186484,296873,Undirected,36
186484,316569,Undirected,38
186484,323584,Undirected,3
252334,323584,Undirected,5
296873,316569,Undirected,44
316569,323584,Undirected,3
71785,258050,Undirected,3
112297,381555,Undirected,3
60665,285242,Undirected,11
127566,285242,Undirected,8
243895,330102,Undirected,3
92723,315182,Undirected,16
35526,40109,Undirected,5
35526,41642,Undirected,25
35526,181600,Undirected,23
35526,193915,Undirected,3
35526,252334,Undirected,7
35526,263825,Undirected,3
35526,266315,Undirected,3
35526,278180,Undirected,9
35526,323584,Undirected,16
40109,266315,Undirected,3
41642,181600,Undirected,8
41642,193915,Undirected,3
41642,263825,Undirected,3
41642,278180,Undirected,3
181600,278180,Undirected,7
193915,323584,Undirected,4
263825,323584,Undirected,3
32781,149374,Undirected,5
149374,246919,Undirected,3
32781,198600,Undirected,6
144188,198600,Undirected,4
149374,154493,Undirected,4
149374,198600,Undirected,8
198600,378909,Undirected,6
92974,302703,Undirected,3
116015,166312,Undirected,4
116015,302703,Undirected,4
166312,302703,Undirected,3
274464,302703,Undirected,3
167248,194453,Undirected,3
51520,241405,Undirected,4
200957,241405,Undirected,3
42791,117771,Undirected,3
56053,206091,Undirected,3
56053,337229,Undirected,3
216642,337229,Undirected,3
41432,88517,Undirected,4
44383,380850,Undirected,4
69700,90692,Undirected,8
69700,293786,Undirected,5
69700,362605,Undirected,8
90692,293786,Undirected,7
90692,362605,Undirected,9
293786,362605,Undirected,5
156344,210389,Undirected,3
41102,67512,Undirected,3
221060,386399,Undirected,3
49678,206091,Undirected,5
49678,227120,Undirected,6
49678,359594,Undirected,3
77506,227120,Undirected,5
77506,359594,Undirected,4
206091,255555,Undirected,6
227120,255555,Undirected,4
161309,363766,Undirected,3
112778,118519,Undirected,12
118519,265988,Undirected,7
41755,169968,Undirected,9
41755,223163,Undirected,8
41755,323389,Undirected,4
169968,223163,Undirected,8
169968,323389,Undirected,4
223163,323389,Undirected,3
222267,385033,Undirected,4
133498,314666,Undirected,11
147196,314666,Undirected,9
147196,323584,Undirected,6
314666,323584,Undirected,18
29018,69538,Undirected,3
35461,69538,Undirected,8
46967,69538,Undirected,9
46967,373435,Undirected,5
47292,69538,Undirected,3
69538,175563,Undirected,6
69538,301906,Undirected,4
69538,307345,Undirected,8
69538,327514,Undirected,6
69538,373435,Undirected,4
175563,373435,Undirected,3
301906,373435,Undirected,3
307345,373435,Undirected,4
33044,250789,Undirected,3
33044,253350,Undirected,3
33044,264113,Undirected,3
167152,264113,Undirected,4
250789,264113,Undirected,3
135614,184420,Undirected,3
135614,206550,Undirected,3
135614,217598,Undirected,4
135614,371850,Undirected,5
135614,387384,Undirected,5
184420,206550,Undirected,3
184420,217598,Undirected,5
184420,371850,Undirected,3
184420,387384,Undirected,3
206550,217598,Undirected,5
206550,371850,Undirected,5
206550,387384,Undirected,4
217598,371850,Undirected,5
217598,387384,Undirected,4
371850,387384,Undirected,5
38984,97472,Undirected,3
54686,130758,Undirected,3
78968,385121,Undirected,8
178615,184913,Undirected,4
162135,248137,Undirected,3
42959,195230,Undirected,3
175410,235171,Undirected,3
25864,264038,Undirected,5
62369,213576,Undirected,3
62369,372400,Undirected,4
24879,39058,Undirected,3
24879,41840,Undirected,3
24879,281589,Undirected,3
41840,281589,Undirected,4
128322,252286,Undirected,3
269468,380484,Undirected,3
198600,383697,Undirected,7
271615,383697,Undirected,3
19574,213261,Undirected,6
74835,78968,Undirected,3
49678,49696,Undirected,3
49678,232580,Undirected,3
49678,249571,Undirected,3
49678,264542,Undirected,4
49696,232580,Undirected,4
49696,300447,Undirected,3
232580,249571,Undirected,3
232580,375658,Undirected,3
249571,375658,Undirected,3
264542,300447,Undirected,3
49678,337229,Undirected,3
232580,337229,Undirected,5
117627,140538,Undirected,6
185359,256284,Undirected,4
188667,255296,Undirected,3
49308,118172,Undirected,7
49308,212017,Undirected,3
49308,270316,Undirected,5
49308,297243,Undirected,3
118172,212017,Undirected,3
21870,25474,Undirected,4
236129,316039,Undirected,4
316039,352817,Undirected,6
97433,222481,Undirected,6
107031,260589,Undirected,9
100571,137228,Undirected,11
100571,170072,Undirected,15
100571,210800,Undirected,4
100571,249865,Undirected,16
100571,256964,Undirected,5
100571,296745,Undirected,14
137228,170072,Undirected,25
137228,185943,Undirected,13
137228,249865,Undirected,7
137228,256964,Undirected,9
137228,296745,Undirected,40
170072,185943,Undirected,15
170072,210800,Undirected,14
170072,249865,Undirected,14
170072,256964,Undirected,28
170072,296745,Undirected,35
185943,210800,Undirected,4
185943,256964,Undirected,6
185943,296745,Undirected,8
210800,249865,Undirected,15
210800,256964,Undirected,4
210800,296745,Undirected,3
222006,296745,Undirected,3
249865,296745,Undirected,4
256964,296745,Undirected,9
45453,117771,Undirected,5
24879,166704,Undirected,3
24879,176008,Undirected,3
71042,200620,Undirected,3
149374,307123,Undirected,4
154493,307123,Undirected,3
307123,344045,Undirected,3
239636,389213,Undirected,3
37934,115249,Undirected,3
105229,285401,Undirected,3
15530,322894,Undirected,4
279614,320100,Undirected,3
62369,82483,Undirected,3
131311,342693,Undirected,3
15077,239821,Undirected,3
137030,186586,Undirected,6
137030,295956,Undirected,6
137030,353999,Undirected,6
186586,295956,Undirected,9
186586,353999,Undirected,8
295956,353999,Undirected,8
70788,334004,Undirected,3
79068,234372,Undirected,4
165904,371359,Undirected,3
249491,332338,Undirected,4
249491,371359,Undirected,4
9819,125694,Undirected,3
2320,275622,Undirected,3
164518,271615,Undirected,3
121148,378413,Undirected,3
263878,287538,Undirected,3
149368,307123,Undirected,3
337898,382840,Undirected,3
285784,313918,Undirected,4
175372,280345,Undirected,3
213958,292617,Undirected,5
199267,234196,Undirected,9
199267,234290,Undirected,7
199267,375487,Undirected,3
234196,234290,Undirected,3
234290,248916,Undirected,3
234290,375487,Undirected,10
234290,386760,Undirected,3
375487,386760,Undirected,4
206815,249242,Undirected,4
36740,198600,Undirected,4
36740,380199,Undirected,4
36740,380203,Undirected,3
144188,380203,Undirected,5
198600,380203,Undirected,8
217175,380203,Undirected,3
133305,147928,Undirected,3
12682,178550,Undirected,3
25703,29524,Undirected,9
25703,169719,Undirected,8
25703,211877,Undirected,7
25703,273276,Undirected,8
25703,366220,Undirected,4
29524,169719,Undirected,8
29524,211877,Undirected,7
29524,273276,Undirected,8
29524,317436,Undirected,9
29524,366220,Undirected,4
169719,211877,Undirected,6
169719,273276,Undirected,7
169719,366220,Undirected,4
211877,273276,Undirected,6
211877,366220,Undirected,4
273276,317436,Undirected,9
273276,366220,Undirected,3
317436,366220,Undirected,4
216246,370877,Undirected,4
323096,380564,Undirected,3
35461,99740,Undirected,4
46967,99740,Undirected,4
69538,99740,Undirected,4
99740,175563,Undirected,5
99740,301906,Undirected,3
99740,307345,Undirected,4
99740,327514,Undirected,3
212722,373435,Undirected,5
46967,170644,Undirected,4
69538,188841,Undirected,3
69538,304396,Undirected,3
87737,337800,Undirected,3
162476,366476,Undirected,3
22637,98824,Undirected,3
88686,319731,Undirected,4
44435,44507,Undirected,4
44435,112688,Undirected,4
44435,209093,Undirected,5
44435,223163,Undirected,4
44507,88507,Undirected,3
44507,112688,Undirected,7
44507,163690,Undirected,3
44507,209093,Undirected,7
44507,223163,Undirected,6
44507,235356,Undirected,4
88507,112688,Undirected,5
88507,163690,Undirected,5
88507,209093,Undirected,5
88507,223163,Undirected,4
88507,235356,Undirected,3
112688,163690,Undirected,5
112688,209093,Undirected,9
112688,223163,Undirected,7
163690,209093,Undirected,5
163690,223163,Undirected,4
163690,235356,Undirected,4
175545,235356,Undirected,3
209093,223163,Undirected,7
209093,235356,Undirected,3
223163,235356,Undirected,3
52751,378828,Undirected,3
185222,371359,Undirected,16
292617,361672,Undirected,3
292617,371359,Undirected,3
315528,371359,Undirected,4
96909,107736,Undirected,3
96909,160161,Undirected,3
96909,178235,Undirected,3
160161,178235,Undirected,3
229131,249928,Undirected,3
63694,390661,Undirected,3
161309,390661,Undirected,4
36740,154493,Undirected,4
36740,336436,Undirected,3
36740,380202,Undirected,6
169006,336436,Undirected,4
336436,380202,Undirected,3
370341,380202,Undirected,5
316784,346542,Undirected,12
68527,68795,Undirected,4
68527,174489,Undirected,4
68527,250394,Undirected,4
68527,318459,Undirected,6
68795,174489,Undirected,3
68795,250394,Undirected,6
68795,318459,Undirected,4
68795,336263,Undirected,4
174489,250394,Undirected,3
174489,318459,Undirected,4
174489,336263,Undirected,4
250394,336263,Undirected,4
41840,67063,Undirected,3
150845,197224,Undirected,4
188013,286647,Undirected,3
182703,183640,Undirected,3
248030,261762,Undirected,3
14414,194531,Undirected,3
14414,289032,Undirected,4
194531,289032,Undirected,4
3573,84210,Undirected,3
3573,249491,Undirected,3
3573,350370,Undirected,3
47375,53647,Undirected,3
53647,350370,Undirected,3
84210,98949,Undirected,3
84210,249491,Undirected,3
84210,296746,Undirected,5
98949,296746,Undirected,3
98949,350370,Undirected,3
245964,313921,Undirected,4
249491,350370,Undirected,3
127566,273276,Undirected,3
127566,286011,Undirected,5
136303,342259,Undirected,3
171900,323096,Undirected,3
286832,323096,Undirected,5
286832,342259,Undirected,3
323096,342259,Undirected,4
3573,97433,Undirected,4
3573,140538,Undirected,3
60665,97433,Undirected,3
60665,371359,Undirected,4
97433,272829,Undirected,6
97433,371359,Undirected,25
140538,371359,Undirected,34
147289,171364,Undirected,3
147289,367100,Undirected,6
171364,385264,Undirected,3
178,99409,Undirected,3
65267,263879,Undirected,3
57303,256524,Undirected,3
130758,375658,Undirected,3
206091,314662,Undirected,5
206091,361672,Undirected,4
314662,361672,Undirected,3
78366,103211,Undirected,5
78366,184498,Undirected,4
78366,277882,Undirected,4
103211,184498,Undirected,5
103211,277882,Undirected,3
103829,261631,Undirected,7
103829,330876,Undirected,5
103829,368014,Undirected,7
261631,330876,Undirected,6
261631,368014,Undirected,11
330876,368014,Undirected,8
222267,337996,Undirected,3
206431,267419,Undirected,3
42847,245303,Undirected,3
322,15052,Undirected,4
4267,353349,Undirected,3
55184,87632,Undirected,3
55184,127052,Undirected,3
155606,201342,Undirected,3
212639,358358,Undirected,6
358358,359348,Undirected,3
75630,78629,Undirected,4
78629,133885,Undirected,4
46793,68384,Undirected,3
46793,127634,Undirected,7
68384,127634,Undirected,4
273126,373961,Undirected,3
296765,363216,Undirected,4
78857,357655,Undirected,3
92723,283849,Undirected,16
92723,322191,Undirected,12
283849,315182,Undirected,17
283849,322191,Undirected,15
315182,322191,Undirected,15
44022,265553,Undirected,3
265553,301851,Undirected,3
83846,168284,Undirected,3
42149,160436,Undirected,3
250828,346261,Undirected,3
290357,295714,Undirected,3
92519,372103,Undirected,3
221965,263781,Undirected,3
263781,345840,Undirected,3
263781,372103,Undirected,3
206899,209792,Undirected,3
292214,314115,Undirected,3
140578,227423,Undirected,4
140578,366237,Undirected,3
138665,374078,Undirected,4
70284,87881,Undirected,3
70284,287922,Undirected,8
70284,378353,Undirected,7
87881,287922,Undirected,3
87881,378353,Undirected,3
287922,378353,Undirected,10
48194,94275,Undirected,3
48194,95328,Undirected,3
48194,103052,Undirected,3
94275,95328,Undirected,3
94275,131329,Undirected,3
95328,131329,Undirected,3
138874,197731,Undirected,7
2839,3605,Undirected,10
2839,38736,Undirected,3
2839,264520,Undirected,11
3605,264520,Undirected,9
55557,236220,Undirected,3
252519,264113,Undirected,3
214108,250674,Undirected,3
19442,24815,Undirected,4
19442,31511,Undirected,22
19442,152284,Undirected,5
19442,341480,Undirected,11
24815,51559,Undirected,3
24815,165004,Undirected,4
24815,341480,Undirected,4
31511,152284,Undirected,5
31511,165004,Undirected,4
31511,296105,Undirected,3
31511,341480,Undirected,15
51559,152284,Undirected,3
51559,341480,Undirected,3
152284,341480,Undirected,4
30415,168496,Undirected,3
67213,165004,Undirected,3
67213,228023,Undirected,3
165004,178328,Undirected,4
165004,228023,Undirected,3
178328,206091,Undirected,4
178328,210383,Undirected,4
178328,359594,Undirected,3
178328,380299,Undirected,4
206091,228023,Undirected,3
210383,228023,Undirected,3
228023,359594,Undirected,4
228023,380299,Undirected,3
22488,88431,Undirected,6
88431,371521,Undirected,6
127098,127634,Undirected,4
127098,137366,Undirected,3
127098,275333,Undirected,5
127634,137366,Undirected,5
137366,275333,Undirected,4
29524,375558,Undirected,3
273276,375558,Undirected,3
49123,371628,Undirected,3
32781,307123,Undirected,6
32781,380202,Undirected,11
102161,307123,Undirected,4
102161,380202,Undirected,3
144188,380202,Undirected,3
144188,380204,Undirected,3
307123,378909,Undirected,3
307123,380202,Undirected,4
307123,380204,Undirected,3
378909,380202,Undirected,6
380202,380203,Undirected,3
201007,354712,Undirected,3
30158,373859,Undirected,3
144265,188704,Undirected,3
178615,371359,Undirected,6
235356,371359,Undirected,5
168764,324642,Undirected,4
124735,289866,Undirected,3
242695,252334,Undirected,9
69640,272929,Undirected,3
69640,310819,Undirected,5
127052,289394,Undirected,3
127052,336651,Undirected,3
163539,336651,Undirected,3
137266,206648,Undirected,3
169719,181492,Undirected,3
169719,221312,Undirected,3
181492,317436,Undirected,5
249491,317436,Undirected,3
121148,382448,Undirected,5
64891,306689,Undirected,3
257202,337898,Undirected,3
22131,118519,Undirected,3
308,181123,Undirected,3
140413,227772,Undirected,3
94870,353500,Undirected,3
133511,133709,Undirected,6
133709,296873,Undirected,8
133709,316569,Undirected,7
79231,92490,Undirected,3
183433,216884,Undirected,8
183433,222178,Undirected,3
216884,222178,Undirected,3
184420,382917,Undirected,3
217598,382917,Undirected,4
32669,37979,Undirected,3
32669,154493,Undirected,5
32781,286514,Undirected,6
286514,380203,Undirected,6
81566,319737,Undirected,3
213958,287957,Undirected,8
89986,137622,Undirected,3
270704,375900,Undirected,6
75627,75630,Undirected,3
41642,147196,Undirected,4
147196,147928,Undirected,3
97433,375558,Undirected,5
186236,375558,Undirected,5
213958,375558,Undirected,4
134069,137761,Undirected,3
134069,373091,Undirected,8
137761,373091,Undirected,4
373080,373091,Undirected,3
90692,218224,Undirected,9
90692,219720,Undirected,8
218224,219720,Undirected,8
129220,130758,Undirected,3
130758,373017,Undirected,3
106421,284382,Undirected,3
50256,128404,Undirected,18
50256,185166,Undirected,16
50256,322171,Undirected,24
128404,185166,Undirected,15
128404,322171,Undirected,17
185166,322171,Undirected,16
73668,347732,Undirected,4
82619,262896,Undirected,3
82619,310922,Undirected,3
135212,262896,Undirected,8
262896,310922,Undirected,5
199037,342699,Undirected,5
342699,364824,Undirected,4
266560,293312,Undirected,3
1274,5938,Undirected,3
96790,122971,Undirected,4
84718,92140,Undirected,3
84718,227162,Undirected,3
92140,227162,Undirected,3
227162,319737,Undirected,3
188554,214412,Undirected,3
214412,237243,Undirected,5
84741,134069,Undirected,3
101583,104329,Undirected,11
42432,167364,Undirected,6
167364,270483,Undirected,6
167364,376841,Undirected,6
65612,351273,Undirected,3
92232,92974,Undirected,3
92232,159662,Undirected,3
92232,246197,Undirected,3
92232,339344,Undirected,3
92974,159662,Undirected,3
159662,339344,Undirected,3
6306,35526,Undirected,7
35526,179516,Undirected,6
129056,323224,Undirected,3
174255,315639,Undirected,4
90637,92232,Undirected,3
90637,99577,Undirected,4
90637,145030,Undirected,3
90637,334185,Undirected,4
90637,387865,Undirected,3
99577,145030,Undirected,3
99577,334185,Undirected,4
99577,387865,Undirected,3
145030,334185,Undirected,3
334185,387865,Undirected,3
98824,164010,Undirected,3
164010,264564,Undirected,3
160365,276435,Undirected,3
28330,167786,Undirected,3
97472,167786,Undirected,3
46039,91311,Undirected,8
91311,118519,Undirected,3
91311,213367,Undirected,5
118519,319114,Undirected,3
228498,295171,Undirected,3
228498,388077,Undirected,7
295171,388077,Undirected,3
365586,370563,Undirected,4
4690,368731,Undirected,3
88686,299985,Undirected,3
299985,353500,Undirected,4
6778,164114,Undirected,3
6778,388561,Undirected,4
22737,162243,Undirected,6
141151,188240,Undirected,3
93330,170455,Undirected,3
170455,380203,Undirected,3
183094,257327,Undirected,3
198753,388956,Undirected,3
41522,118103,Undirected,9
41522,256284,Undirected,4
90671,118103,Undirected,9
118103,256284,Undirected,8
118103,354743,Undirected,17
256284,354743,Undirected,4
188013,284058,Undirected,10
188013,322171,Undirected,9
188013,346416,Undirected,10
284058,322171,Undirected,9
284058,346416,Undirected,11
322171,346416,Undirected,9
224148,315377,Undirected,3
35771,325978,Undirected,8
325978,393739,Undirected,10
145069,300396,Undirected,3
189561,294325,Undirected,4
29688,51438,Undirected,5
29688,96846,Undirected,3
29688,197362,Undirected,3
51438,197362,Undirected,4
96846,197362,Undirected,3
96846,179082,Undirected,6
96846,367652,Undirected,8
179082,367652,Undirected,3
263169,335673,Undirected,5
110684,124210,Undirected,3
124210,232416,Undirected,4
124210,234290,Undirected,4
199267,230837,Undirected,3
232416,234290,Undirected,8
232416,388093,Undirected,3
51438,199267,Undirected,6
51438,230837,Undirected,6
42095,371816,Undirected,4
185959,301099,Undirected,3
51438,78496,Undirected,5
51438,124210,Undirected,7
51438,232416,Undirected,13
78496,96846,Undirected,5
78496,232416,Undirected,6
96846,124210,Undirected,4
96846,232416,Undirected,7
41042,87881,Undirected,3
41042,104002,Undirected,3
41042,109296,Undirected,4
41042,122222,Undirected,12
41042,127634,Undirected,5
41042,185959,Undirected,7
41042,268442,Undirected,3
41042,275254,Undirected,3
87881,122222,Undirected,4
87881,185959,Undirected,3
104002,122222,Undirected,4
122222,127634,Undirected,3
122222,158405,Undirected,3
122222,185959,Undirected,6
127634,158405,Undirected,3
127634,275254,Undirected,3
185959,268442,Undirected,3
108156,134649,Undirected,5
108156,264897,Undirected,4
108156,363216,Undirected,4
134649,264897,Undirected,5
134649,363216,Undirected,5
41042,71785,Undirected,9
41042,285510,Undirected,10
41042,359099,Undirected,5
41042,383924,Undirected,11
71785,285510,Undirected,5
71785,359099,Undirected,4
71785,383924,Undirected,10
275333,359099,Undirected,3
285510,359099,Undirected,7
285510,383924,Undirected,12
359099,383924,Undirected,4
7166,96846,Undirected,4
96846,263771,Undirected,3
96846,275285,Undirected,8
96846,311170,Undirected,3
197849,198292,Undirected,3
197849,287725,Undirected,3
198292,255752,Undirected,3
198292,287725,Undirected,9
198292,313254,Undirected,6
198292,313522,Undirected,3
255097,287725,Undirected,3
255097,313522,Undirected,4
287725,313254,Undirected,6
287725,313522,Undirected,4
313254,313522,Undirected,3
51438,361246,Undirected,3
96846,369499,Undirected,5
199037,199267,Undirected,7
96846,266449,Undirected,3
96846,318139,Undirected,4
234290,318139,Undirected,4
266449,318139,Undirected,5
96846,243501,Undirected,3
110936,183031,Undirected,3
35771,96846,Undirected,4
35771,119812,Undirected,6
35771,187234,Undirected,3
35771,198608,Undirected,3
35771,266791,Undirected,5
35771,364760,Undirected,4
96846,198608,Undirected,3
119812,187234,Undirected,11
119812,198608,Undirected,16
119812,364760,Undirected,5
187234,198608,Undirected,4
187234,325978,Undirected,7
187234,364760,Undirected,4
198608,266791,Undirected,5
198608,325978,Undirected,9
266791,364760,Undirected,3
325978,364760,Undirected,6
30421,167230,Undirected,3
30421,269502,Undirected,3
30421,308249,Undirected,3
30421,358929,Undirected,5
167230,308249,Undirected,3
167230,358929,Undirected,3
308249,358929,Undirected,3
358929,364457,Undirected,4
270510,360673,Undirected,3
96846,161076,Undirected,3
96846,165629,Undirected,7
96846,199267,Undirected,6
96846,227689,Undirected,3
96846,308465,Undirected,3
96846,375487,Undirected,13
161076,375487,Undirected,4
167201,308465,Undirected,6
96846,305688,Undirected,4
55486,375487,Undirected,3
96846,239773,Undirected,8
96846,334905,Undirected,4
85643,215388,Undirected,5
232416,311170,Undirected,3
17778,37577,Undirected,3
37577,185959,Undirected,5
48635,363216,Undirected,3
185959,314052,Undirected,4
185959,363216,Undirected,5
185959,387737,Undirected,5
314052,318449,Undirected,4
314052,363216,Undirected,5
314052,387737,Undirected,3
318449,387737,Undirected,3
363216,387737,Undirected,4
96846,169930,Undirected,6
169930,375487,Undirected,3
3589,222202,Undirected,3
169930,367652,Undirected,3
118519,167435,Undirected,6
6234,382827,Undirected,5
32818,199267,Undirected,3
35771,96397,Undirected,14
35771,96748,Undirected,17
35771,131647,Undirected,7
35771,223707,Undirected,9
35771,292817,Undirected,12
35771,358358,Undirected,5
35771,369499,Undirected,10
96397,96748,Undirected,23
96397,131647,Undirected,11
96397,223707,Undirected,16
96397,292817,Undirected,14
96397,358358,Undirected,3
96397,369499,Undirected,12
96748,131647,Undirected,24
96748,212639,Undirected,7
96748,223707,Undirected,38
96748,292817,Undirected,24
96748,369499,Undirected,33
131647,223707,Undirected,24
131647,292817,Undirected,12
131647,358358,Undirected,3
131647,369499,Undirected,28
212639,223707,Undirected,4
212639,292817,Undirected,3
223707,292817,Undirected,22
223707,358358,Undirected,3
223707,369499,Undirected,24
292817,358358,Undirected,4
292817,369499,Undirected,14
358358,369499,Undirected,4
51438,234196,Undirected,4
51438,234290,Undirected,9
51438,181938,Undirected,4
51438,375487,Undirected,3
97282,181938,Undirected,3
97282,361246,Undirected,3
181938,361246,Undirected,4
369201,375487,Undirected,6
190214,198600,Undirected,4
88280,316834,Undirected,3
130609,323096,Undirected,3
193430,323003,Undirected,3
193430,382827,Undirected,3
323003,382827,Undirected,3
41042,130609,Undirected,3
130609,164582,Undirected,4
130609,193430,Undirected,3
137030,345516,Undirected,5
186586,345516,Undirected,6
295956,345516,Undirected,6
345516,353999,Undirected,6
355785,355871,Undirected,7
92520,119714,Undirected,3
92520,119812,Undirected,4
92520,187234,Undirected,4
119714,119812,Undirected,5
187349,211297,Undirected,4
19267,119812,Undirected,5
19267,198608,Undirected,4
119812,178267,Undirected,9
51438,169930,Undirected,5
51438,367652,Undirected,5
51438,373961,Undirected,3
234290,367652,Undirected,7
89176,178267,Undirected,9
89176,359080,Undirected,3
178267,325978,Undirected,7
17802,96846,Undirected,8
96748,179082,Undirected,4
96846,363030,Undirected,3
179082,363030,Undirected,4
96846,140988,Undirected,4
140988,179082,Undirected,4
42400,212639,Undirected,5
96748,96997,Undirected,3
96518,96748,Undirected,6
263771,373961,Undirected,4
96846,230837,Undirected,6
41042,209750,Undirected,4
64120,117904,Undirected,4
64120,210910,Undirected,4
117904,210910,Undirected,3
104600,326842,Undirected,3
104600,363299,Undirected,5
326842,363299,Undirected,4
167152,347810,Undirected,3
92520,266791,Undirected,4
119714,198608,Undirected,4
226,119714,Undirected,3
226,198608,Undirected,7
183125,253234,Undirected,13
183125,292817,Undirected,3
181938,232416,Undirected,4
181938,320204,Undirected,13
232416,320204,Undirected,5
30904,137366,Undirected,3
137366,185959,Undirected,6
137366,363216,Undirected,3
185959,261540,Undirected,3
185959,296765,Undirected,3
261540,387737,Undirected,5
363216,367834,Undirected,5
367834,387737,Undirected,3
163409,190326,Undirected,3
41763,371359,Undirected,23
56900,140538,Undirected,9
56900,361672,Undirected,5
56900,371359,Undirected,9
169481,205621,Undirected,5
66918,377778,Undirected,4
93755,360534,Undirected,9
93755,377778,Undirected,5
360534,377778,Undirected,6
130906,149101,Undirected,12
130906,166935,Undirected,9
130906,250166,Undirected,14
149101,166935,Undirected,9
149101,250166,Undirected,12
166935,250166,Undirected,9
90439,107654,Undirected,3
90439,170072,Undirected,5
90439,248995,Undirected,7
90439,296745,Undirected,10
90439,308403,Undirected,8
107654,170072,Undirected,13
107654,248995,Undirected,8
107654,296745,Undirected,16
107654,308403,Undirected,4
107654,312955,Undirected,3
107654,353446,Undirected,3
170072,248995,Undirected,15
170072,308403,Undirected,11
170072,312955,Undirected,8
170072,317559,Undirected,5
170072,353446,Undirected,5
248995,296745,Undirected,12
248995,308403,Undirected,17
248995,312955,Undirected,6
248995,317559,Undirected,10
248995,353446,Undirected,4
296745,308403,Undirected,10
296745,312955,Undirected,11
296745,317559,Undirected,5
308403,312955,Undirected,4
308403,317559,Undirected,5
312955,317559,Undirected,3
312955,353446,Undirected,4
282286,311283,Undirected,3
147617,234290,Undirected,3
184519,234290,Undirected,5
125687,269622,Undirected,3
234290,269622,Undirected,3
41042,190655,Undirected,4
130609,303001,Undirected,3
303001,323096,Undirected,5
181828,184801,Undirected,5
42067,72690,Undirected,3
86975,125735,Undirected,4
296765,311312,Undirected,4
41042,45858,Undirected,10
41042,118634,Undirected,3
41042,310472,Undirected,4
41042,363225,Undirected,6
45858,109296,Undirected,3
45858,122222,Undirected,6
45858,285510,Undirected,5
45858,310472,Undirected,3
87881,285510,Undirected,3
104002,285510,Undirected,3
118634,122222,Undirected,4
118634,285510,Undirected,4
122222,285510,Undirected,11
122222,310472,Undirected,5
122222,363225,Undirected,5
285510,310472,Undirected,6
285510,363225,Undirected,3
310472,363225,Undirected,4
17800,85772,Undirected,3
79231,85772,Undirected,3
96846,373961,Undirected,3
118634,237441,Undirected,3
169930,237441,Undirected,3
146643,160551,Undirected,3
146643,372086,Undirected,3
160551,317034,Undirected,5
186078,372086,Undirected,3
69675,96846,Undirected,5
69675,105765,Undirected,3
69675,234290,Undirected,4
96846,105765,Undirected,7
105765,234290,Undirected,8
105765,375487,Undirected,3
119812,186514,Undirected,6
137366,199037,Undirected,6
182825,275333,Undirected,3
182825,359843,Undirected,3
199037,275333,Undirected,3
137366,179357,Undirected,3
234290,321872,Undirected,6
347091,363216,Undirected,3
29688,73889,Undirected,5
96846,184519,Undirected,3
51438,82498,Undirected,3
125687,308013,Undirected,6
49924,227727,Undirected,4
49924,292817,Undirected,3
227727,292817,Undirected,4
20637,264908,Undirected,3
137279,248137,Undirected,3
29688,97282,Undirected,3
117771,133511,Undirected,6
117771,296873,Undirected,6
117771,316569,Undirected,5
133511,170256,Undirected,4
133511,371699,Undirected,4
170256,296873,Undirected,3
170256,371699,Undirected,4
184913,266554,Undirected,20
191619,296873,Undirected,3
134124,370341,Undirected,3
199096,385493,Undirected,4
178581,214197,Undirected,3
51438,165629,Undirected,3
266791,359348,Undirected,3
325978,359348,Undirected,3
96846,358358,Undirected,10
169593,308013,Undirected,14
169593,323096,Undirected,3
308013,323096,Undirected,4
308013,359080,Undirected,3
169593,243813,Undirected,5
243813,308013,Undirected,3
37545,45615,Undirected,5
17802,51438,Undirected,3
17802,165629,Undirected,4
17802,230837,Undirected,3
42610,307180,Undirected,3
175891,355543,Undirected,7
179357,266585,Undirected,3
179357,311908,Undirected,3
266585,311908,Undirected,3
311908,387737,Undirected,4
179357,185959,Undirected,3
179357,296765,Undirected,3
266585,296765,Undirected,3
102962,169006,Undirected,5
21861,299796,Undirected,3
82334,215583,Undirected,3
16165,165111,Undirected,3
112297,380484,Undirected,3
121875,334905,Undirected,3
223003,264104,Undirected,3
124210,156170,Undirected,3
124210,341215,Undirected,3
124210,369201,Undirected,4
124210,380484,Undirected,5
156170,341215,Undirected,3
156170,369201,Undirected,3
341215,369201,Undirected,3
369201,380484,Undirected,3
198600,388288,Undirected,4
380203,388288,Undirected,3
28964,61293,Undirected,3
28964,207136,Undirected,4
28964,312022,Undirected,3
97422,137038,Undirected,3
97422,263169,Undirected,5
137038,148519,Undirected,3
137038,263169,Undirected,3
148519,263169,Undirected,3
132136,373468,Undirected,10
318109,370133,Undirected,3
187681,368731,Undirected,3
267776,368731,Undirected,4
205086,281563,Undirected,7
205086,317455,Undirected,8
246234,281563,Undirected,3
246234,317455,Undirected,4
281563,317455,Undirected,6
54120,70284,Undirected,7
54120,287922,Undirected,7
54120,378353,Undirected,6
96232,163088,Undirected,3
96232,184801,Undirected,5
96232,283380,Undirected,5
96232,291918,Undirected,3
139607,184801,Undirected,5
163088,184801,Undirected,4
163088,283380,Undirected,6
163088,291918,Undirected,3
184801,283380,Undirected,5
184801,291918,Undirected,3
184801,317634,Undirected,3
283380,291918,Undirected,4
291918,317634,Undirected,3
96204,112394,Undirected,6
96204,131614,Undirected,5
96204,183640,Undirected,6
96204,248030,Undirected,4
96204,272859,Undirected,3
112394,131614,Undirected,5
112394,183640,Undirected,6
112394,248030,Undirected,4
112394,272859,Undirected,3
131614,183640,Undirected,5
131614,248030,Undirected,3
183640,248030,Undirected,4
183640,272859,Undirected,3
248030,272859,Undirected,3
89176,198608,Undirected,10
89176,393739,Undirected,5
119812,393739,Undirected,5
55041,85772,Undirected,3
51438,353476,Undirected,3
79755,236273,Undirected,3
90945,212758,Undirected,3
212758,223209,Undirected,3
212758,370707,Undirected,6
42242,162476,Undirected,3
45942,66987,Undirected,12
45942,90620,Undirected,12
45942,182103,Undirected,12
45942,271562,Undirected,13
45942,317025,Undirected,12
66987,90620,Undirected,12
66987,182103,Undirected,12
66987,271562,Undirected,12
66987,317025,Undirected,12
90620,182103,Undirected,12
90620,271562,Undirected,12
90620,317025,Undirected,12
182103,271562,Undirected,12
182103,317025,Undirected,12
271562,317025,Undirected,12
319373,346023,Undirected,7
43965,86975,Undirected,5
43965,125735,Undirected,3
43965,363225,Undirected,3
51438,268442,Undirected,9
232416,268442,Undirected,9
268442,363225,Undirected,3
323003,363225,Undirected,5
181938,311170,Undirected,3
96846,183125,Undirected,5
266839,334905,Undirected,6
367652,375487,Undirected,4
47428,286077,Undirected,3
305688,358358,Undirected,3
186652,329388,Undirected,3
30421,235909,Undirected,3
169930,230837,Undirected,3
100533,198537,Undirected,3
17802,29032,Undirected,3
29032,96846,Undirected,4
29032,234290,Undirected,3
29032,275285,Undirected,4
234290,275285,Undirected,5
43965,371816,Undirected,4
60979,125735,Undirected,3
86975,371816,Undirected,3
110684,140988,Undirected,4
117771,354759,Undirected,3
99740,124210,Undirected,5
6234,381555,Undirected,6
169593,303001,Undirected,5
169593,382827,Undirected,4
303001,382827,Undirected,4
381555,382827,Undirected,5
19267,89176,Undirected,3
78496,337501,Undirected,3
214335,337501,Undirected,3
199267,342699,Undirected,3
37577,41042,Undirected,5
37577,45858,Undirected,3
45858,275333,Undirected,3
70274,73008,Undirected,5
73008,98949,Undirected,3
73008,227744,Undirected,3
73008,296746,Undirected,3
227744,296746,Undirected,4
55041,78873,Undirected,3
55041,184663,Undirected,6
78873,304572,Undirected,3
202684,263771,Undirected,4
309411,384685,Undirected,4
45858,374918,Undirected,3
238013,326273,Undirected,4
385064,388044,Undirected,3
96846,271748,Undirected,3
53056,161972,Undirected,3
60665,172611,Undirected,5
60665,215969,Undirected,3
127566,215969,Undirected,3
172611,215969,Undirected,3
172611,301874,Undirected,3
172611,371359,Undirected,8
215969,301874,Undirected,3
35526,147928,Undirected,22
35526,268976,Undirected,19
147928,181600,Undirected,10
147928,268976,Undirected,6
181600,268976,Undirected,6
32781,36740,Undirected,8
36740,149374,Undirected,3
149374,380203,Undirected,8
8081,53065,Undirected,3
155227,214412,Undirected,3
64783,371359,Undirected,3
149368,380202,Undirected,5
271615,380202,Undirected,4
344045,380202,Undirected,3
126495,315709,Undirected,9
160770,373961,Undirected,3
217019,322955,Undirected,3
307390,316152,Undirected,3
19442,150718,Undirected,7
150718,359594,Undirected,5
92049,184420,Undirected,3
96846,301130,Undirected,3
234290,301130,Undirected,3
27312,82583,Undirected,7
42095,60979,Undirected,3
42095,234290,Undirected,4
234290,347706,Undirected,4
179082,232416,Undirected,4
236859,237441,Undirected,5
110684,185318,Undirected,3
179082,185318,Undirected,3
183125,234290,Undirected,3
96846,262579,Undirected,3
166813,262579,Undirected,8
35771,89176,Undirected,4
355570,358800,Undirected,4
127052,264811,Undirected,5
226,178267,Undirected,7
89176,387570,Undirected,4
119812,387570,Undirected,11
178267,186514,Undirected,3
178267,187234,Undirected,3
186514,325978,Undirected,4
325978,387570,Undirected,7
119812,358358,Undirected,6
186514,358358,Undirected,3
198608,358358,Undirected,3
325978,358358,Undirected,5
358358,364760,Undirected,4
359348,364760,Undirected,3
365324,377086,Undirected,5
217492,301851,Undirected,7
93321,296105,Undirected,4
311312,342699,Undirected,4
41042,88572,Undirected,7
45858,88572,Undirected,6
88572,185959,Undirected,4
156890,260049,Undirected,13
347732,377086,Undirected,5
83821,165588,Undirected,5
91757,243883,Undirected,3
750,387024,Undirected,3
30349,246787,Undirected,3
30349,270187,Undirected,3
246787,247830,Undirected,3
246787,270187,Undirected,3
247830,377304,Undirected,3
247830,387024,Undirected,4
133433,276435,Undirected,6
9532,298138,Undirected,3
221939,222398,Undirected,4
104770,234372,Undirected,3
234372,265699,Undirected,3
135614,335869,Undirected,3
335869,371850,Undirected,3
45453,53043,Undirected,3
53043,295401,Undirected,3
53043,355624,Undirected,9
44079,133511,Undirected,5
44079,157232,Undirected,3
270297,371699,Undirected,4
42900,56900,Undirected,4
42900,213958,Undirected,3
185222,286011,Undirected,3
273210,314830,Undirected,3
66786,277502,Undirected,6
9461,69684,Undirected,4
9461,87327,Undirected,4
9461,372361,Undirected,8
69684,87327,Undirected,5
87327,297238,Undirected,4
77122,108123,Undirected,8
197849,323757,Undirected,3
76185,137279,Undirected,4
20867,312567,Undirected,3
20867,334712,Undirected,3
70065,169896,Undirected,3
70065,366237,Undirected,3
149368,198600,Undirected,3
149374,380202,Undirected,3
198600,380202,Undirected,3
216726,264564,Undirected,4
173776,247602,Undirected,4
20686,150560,Undirected,3
23140,175282,Undirected,4
109289,160557,Undirected,3
181938,370176,Undirected,4
268160,314322,Undirected,3
85395,88280,Undirected,3
263580,312683,Undirected,3
234372,279623,Undirected,3
279527,351273,Undirected,3
213958,282743,Undirected,3
213958,300408,Undirected,4
213958,379743,Undirected,3
185433,209300,Undirected,7
185433,299530,Undirected,10
185433,321882,Undirected,10
209300,299530,Undirected,8
209300,321882,Undirected,7
299530,321882,Undirected,16
378828,382840,Undirected,3
161309,201342,Undirected,4
161309,203592,Undirected,3
201342,203592,Undirected,3
201370,203592,Undirected,3
203592,264811,Undirected,3
55041,196643,Undirected,3
59947,213262,Undirected,3
49651,375248,Undirected,8
54310,156376,Undirected,3
67496,92044,Undirected,4
67496,106866,Undirected,5
67496,156376,Undirected,5
92044,106866,Undirected,4
106866,156376,Undirected,3
202106,304803,Undirected,3
1274,343467,Undirected,3
186906,355570,Undirected,3
103521,289713,Undirected,3
38455,197849,Undirected,3
38455,353583,Undirected,3
197849,353583,Undirected,5
346531,353583,Undirected,3
67882,184758,Undirected,5
67882,308212,Undirected,5
184758,308212,Undirected,5
214650,355850,Undirected,3
90439,330868,Undirected,3
154383,180958,Undirected,3
154383,357750,Undirected,3
180958,357750,Undirected,3
281539,300071,Undirected,4
127566,161972,Undirected,3
140538,161972,Undirected,3
140538,257202,Undirected,23
257202,272829,Undirected,16
9233,41642,Undirected,3
227120,314662,Undirected,3
314662,337229,Undirected,4
314662,359594,Undirected,4
149295,287603,Undirected,7
42387,209344,Undirected,3
42387,213274,Undirected,3
42387,283943,Undirected,3
209344,213274,Undirected,3
209344,283943,Undirected,4
213274,283943,Undirected,5
213274,358425,Undirected,3
283943,358425,Undirected,3
64566,317559,Undirected,3
109264,317559,Undirected,4
175210,296447,Undirected,3
296447,301043,Undirected,3
296447,317559,Undirected,4
301043,317559,Undirected,5
317559,364427,Undirected,4
222015,373435,Undirected,5
33479,48822,Undirected,3
48822,109264,Undirected,4
50083,137228,Undirected,4
50083,163206,Undirected,5
109264,137228,Undirected,5
109264,265231,Undirected,6
109264,394590,Undirected,4
137228,140318,Undirected,5
137228,265231,Undirected,10
137228,394590,Undirected,3
195924,280237,Undirected,3
275622,338432,Undirected,4
280237,338432,Undirected,3
42498,144265,Undirected,3
77346,352493,Undirected,3
252482,314461,Undirected,3
210878,371357,Undirected,3
127757,144498,Undirected,4
181253,226126,Undirected,3
226126,292389,Undirected,3
7034,116846,Undirected,4
7034,205086,Undirected,3
7034,221356,Undirected,5
7034,235078,Undirected,8
7034,317455,Undirected,5
7034,326362,Undirected,3
116846,205086,Undirected,8
116846,221356,Undirected,4
116846,235078,Undirected,4
116846,317455,Undirected,5
116846,326362,Undirected,4
205086,221356,Undirected,3
205086,235078,Undirected,4
205086,326362,Undirected,4
221356,235078,Undirected,5
221356,317455,Undirected,4
221356,326362,Undirected,3
235078,317455,Undirected,6
235078,326362,Undirected,4
317455,326362,Undirected,5
111989,252303,Undirected,3
144776,288428,Undirected,3
286832,380564,Undirected,4
189344,315309,Undirected,5
88686,159200,Undirected,4
17991,218132,Undirected,3
163892,212319,Undirected,3
77506,83310,Undirected,3
77506,264542,Undirected,3
77506,314662,Undirected,3
264542,314662,Undirected,4
175387,273082,Undirected,3
22637,186484,Undirected,3
133511,217403,Undirected,4
133511,390615,Undirected,9
186484,217403,Undirected,6
217403,390615,Undirected,5
200957,221905,Undirected,6
66178,133682,Undirected,3
13632,254101,Undirected,4
114000,337229,Undirected,3
206091,341480,Undirected,6
210383,254101,Undirected,4
210383,341480,Undirected,4
254101,341480,Undirected,3
285401,341480,Undirected,7
212853,264631,Undirected,3
98077,120254,Undirected,7
40372,264143,Undirected,6
96844,197320,Undirected,3
128322,130971,Undirected,3
252286,290415,Undirected,4
187279,296968,Undirected,3
296968,355804,Undirected,3
225889,316834,Undirected,3
52995,363096,Undirected,3
68867,296788,Undirected,4
68867,312955,Undirected,7
68867,363096,Undirected,3
132463,175210,Undirected,3
132463,309319,Undirected,3
132463,312955,Undirected,3
132463,363096,Undirected,4
175210,312955,Undirected,5
309319,312955,Undirected,3
312955,363096,Undirected,3
21826,347732,Undirected,4
136197,287735,Undirected,3
239596,314666,Undirected,15
127590,354676,Undirected,4
95969,240963,Undirected,3
127969,281843,Undirected,3
88686,289332,Undirected,3
7280,353948,Undirected,8
127566,293728,Undirected,3
50241,377276,Undirected,3
295120,299702,Undirected,3
94008,292214,Undirected,3
236273,349711,Undirected,3
4053,193915,Undirected,4
4053,323584,Undirected,3
107705,239596,Undirected,3
107705,323584,Undirected,4
239596,286114,Undirected,4
239596,323584,Undirected,10
70600,265988,Undirected,3
196643,265988,Undirected,3
41642,189947,Undirected,3
267135,297415,Undirected,4
42610,194912,Undirected,4
42610,284660,Undirected,3
77468,209474,Undirected,3
199483,264908,Undirected,3
36315,70541,Undirected,3
331424,351021,Undirected,3
103529,369320,Undirected,3
209056,240126,Undirected,3
102230,327514,Undirected,4
102230,373435,Undirected,3
16816,167112,Undirected,3
89176,358358,Undirected,5
178267,358358,Undirected,3
76185,140027,Undirected,3
76185,360755,Undirected,4
90483,198292,Undirected,4
90483,287725,Undirected,4
90483,313254,Undirected,4
260055,290356,Undirected,3
70044,224941,Undirected,3
12402,45620,Undirected,3
12402,343036,Undirected,5
12402,385835,Undirected,3
45620,272412,Undirected,4
45620,343036,Undirected,5
45620,345675,Undirected,4
45620,385835,Undirected,3
215370,385835,Undirected,3
272412,385835,Undirected,3
343036,345675,Undirected,4
343036,385835,Undirected,3
144188,149368,Undirected,3
80772,102512,Undirected,4
169719,176546,Undirected,4
221312,385547,Undirected,3
42117,62507,Undirected,3
58465,147500,Undirected,5
58465,375900,Undirected,3
31511,150718,Undirected,6
31511,250144,Undirected,3
31511,331198,Undirected,8
31511,337229,Undirected,5
150718,331198,Undirected,5
250144,331198,Undirected,3
331198,337229,Undirected,6
331198,359594,Undirected,6
32781,140578,Undirected,3
32781,170455,Undirected,5
140578,170455,Undirected,3
140578,190214,Undirected,3
170455,190214,Undirected,4
170455,246919,Undirected,4
93064,214412,Undirected,3
183773,296633,Undirected,3
178511,302297,Undirected,3
4403,20637,Undirected,3
69502,102230,Undirected,4
102230,170644,Undirected,6
102230,188841,Undirected,7
102230,354802,Undirected,6
91888,341021,Undirected,3
50440,161367,Undirected,3
188149,284109,Undirected,5
98077,106098,Undirected,4
98077,372540,Undirected,4
226846,249399,Undirected,3
186229,384850,Undirected,3
25238,123419,Undirected,5
25238,142381,Undirected,8
25238,149588,Undirected,5
25238,150845,Undirected,7
25238,161640,Undirected,6
25238,295171,Undirected,5
25238,309444,Undirected,3
25238,310613,Undirected,5
123419,142381,Undirected,6
123419,149588,Undirected,7
123419,150845,Undirected,8
123419,161640,Undirected,6
123419,295171,Undirected,6
123419,310613,Undirected,5
142381,150845,Undirected,9
142381,161640,Undirected,7
142381,295171,Undirected,7
142381,309444,Undirected,3
142381,310613,Undirected,6
149588,161640,Undirected,5
149588,295171,Undirected,11
149588,310613,Undirected,4
150845,161640,Undirected,7
150845,295171,Undirected,12
150845,309444,Undirected,3
150845,310613,Undirected,6
161640,295171,Undirected,5
161640,309444,Undirected,3
161640,310613,Undirected,6
295171,310613,Undirected,5
309444,310613,Undirected,3
6778,150845,Undirected,3
49588,142381,Undirected,3
142381,342781,Undirected,3
184913,303284,Undirected,3
197224,303284,Undirected,4
303284,324329,Undirected,3
95416,280616,Undirected,6
134069,186285,Undirected,10
227014,367100,Undirected,6
239379,367100,Undirected,3
80772,361672,Undirected,8
42432,123662,Undirected,3
42432,171364,Undirected,3
42432,367854,Undirected,3
42658,182859,Undirected,3
57134,182859,Undirected,3
123662,171364,Undirected,4
123662,367854,Undirected,3
171364,367854,Undirected,4
54457,281327,Undirected,10
178965,281327,Undirected,6
2898,73137,Undirected,6
73137,216633,Undirected,3
63694,315639,Undirected,4
134069,338253,Undirected,3
27370,254631,Undirected,3
23212,88572,Undirected,3
88572,148638,Undirected,8
88572,263169,Undirected,6
148638,263169,Undirected,5
263169,374918,Undirected,5
56773,130855,Undirected,3
97472,178289,Undirected,3
86975,229037,Undirected,3
112681,162796,Undirected,3
112681,378353,Undirected,4
299813,343606,Undirected,3
152404,295958,Undirected,4
152404,296886,Undirected,4
152404,319176,Undirected,4
152404,338208,Undirected,4
295958,296886,Undirected,3
295958,319176,Undirected,4
295958,338208,Undirected,4
296886,319176,Undirected,3
296886,338208,Undirected,3
319176,338208,Undirected,4
26202,332338,Undirected,3
83234,353114,Undirected,3
265988,352219,Undirected,3
236220,341392,Undirected,3
44417,295422,Undirected,4
75581,76970,Undirected,15
75581,87115,Undirected,13
75581,122576,Undirected,10
75581,163464,Undirected,51
75581,212072,Undirected,14
75581,250271,Undirected,38
75581,301307,Undirected,4
75581,378177,Undirected,4
75581,387609,Undirected,6
76970,87115,Undirected,15
76970,163464,Undirected,7
76970,212072,Undirected,5
76970,250271,Undirected,5
76970,378177,Undirected,5
87115,122576,Undirected,6
87115,163464,Undirected,13
87115,212072,Undirected,9
87115,250271,Undirected,5
87115,301307,Undirected,4
87115,378177,Undirected,5
87115,387609,Undirected,3
122576,163464,Undirected,25
122576,212072,Undirected,11
122576,250271,Undirected,20
122576,301307,Undirected,5
163464,212072,Undirected,42
163464,250271,Undirected,88
163464,301307,Undirected,6
163464,378177,Undirected,6
163464,387609,Undirected,5
212072,250271,Undirected,15
212072,378177,Undirected,6
250271,378177,Undirected,5
250271,387609,Undirected,5
378177,387609,Undirected,4
32016,69430,Undirected,6
32016,112169,Undirected,4
32016,170072,Undirected,8
32016,171030,Undirected,3
32016,210800,Undirected,4
32016,214007,Undirected,3
32016,249865,Undirected,6
69430,112169,Undirected,5
69430,170072,Undirected,8
69430,171030,Undirected,7
69430,210800,Undirected,9
69430,214007,Undirected,11
69430,249865,Undirected,7
69430,317559,Undirected,9
69430,355129,Undirected,3
112169,170072,Undirected,11
112169,171030,Undirected,4
112169,210800,Undirected,5
112169,249865,Undirected,4
112169,317559,Undirected,3
170072,171030,Undirected,6
170072,214007,Undirected,5
171030,210800,Undirected,4
171030,214007,Undirected,6
171030,249865,Undirected,5
171030,317559,Undirected,4
210800,214007,Undirected,4
210800,317559,Undirected,7
249865,317559,Undirected,11
14074,69430,Undirected,12
14074,117661,Undirected,4
14074,190587,Undirected,5
14074,210800,Undirected,7
14074,214007,Undirected,9
14074,255874,Undirected,4
14074,257257,Undirected,4
14074,282525,Undirected,4
69430,190587,Undirected,3
69430,255874,Undirected,6
69430,257257,Undirected,3
69430,282525,Undirected,5
117661,210800,Undirected,4
117661,214007,Undirected,5
117661,255874,Undirected,5
210800,255874,Undirected,11
210800,257257,Undirected,3
210800,282525,Undirected,3
119156,267696,Undirected,3
342259,380564,Undirected,3
117143,218094,Undirected,4
218094,388392,Undirected,11
28132,380199,Undirected,3
32781,383820,Undirected,4
134124,271615,Undirected,3
380202,383820,Undirected,3
94084,183084,Undirected,3
23649,76185,Undirected,6
185474,239596,Undirected,12
185474,318564,Undirected,9
239596,252334,Undirected,13
239596,318564,Undirected,7
252334,314666,Undirected,11
252334,318564,Undirected,11
309402,317844,Undirected,9
314666,318564,Undirected,12
149368,380203,Undirected,3
26452,91108,Undirected,3
88686,354861,Undirected,5
318907,342096,Undirected,3
35981,189939,Undirected,3
76185,167348,Undirected,5
117771,155961,Undirected,4
26054,161309,Undirected,5
155606,161309,Undirected,3
7089,75630,Undirected,4
68867,83362,Undirected,8
68867,297680,Undirected,24
83362,297680,Undirected,5
90643,391784,Undirected,4
244153,361815,Undirected,3
369446,386653,Undirected,3
44991,114187,Undirected,3
82411,104208,Undirected,3
225997,297907,Undirected,3
184801,269313,Undirected,3
214405,368255,Undirected,4
55535,188330,Undirected,3
246158,277598,Undirected,3
22012,132175,Undirected,8
22012,230113,Undirected,9
22012,287731,Undirected,8
132175,230113,Undirected,8
132175,287731,Undirected,8
230113,287731,Undirected,17
29324,353583,Undirected,3
38686,161987,Undirected,3
161987,209088,Undirected,4
125916,150845,Undirected,3
104329,185474,Undirected,3
104329,323584,Undirected,5
107705,127757,Undirected,3
107705,185474,Undirected,5
127757,133498,Undirected,3
127757,323584,Undirected,7
133498,179516,Undirected,6
133498,185474,Undirected,7
179516,185474,Undirected,5
179516,323584,Undirected,9
185474,323584,Undirected,13
98213,186764,Undirected,3
98213,322999,Undirected,3
186764,222398,Undirected,3
186764,263580,Undirected,3
221939,322999,Undirected,3
222398,263580,Undirected,3
172279,263781,Undirected,12
116258,326365,Undirected,3
116258,372086,Undirected,3
150802,154995,Undirected,4
150802,271748,Undirected,4
154995,271748,Undirected,3
92140,157037,Undirected,3
52751,299740,Undirected,5
76214,184745,Undirected,4
296864,299740,Undirected,3
297339,299740,Undirected,5
118086,266554,Undirected,14
118086,364519,Undirected,14
118086,364566,Undirected,15
266554,364519,Undirected,16
266554,364566,Undirected,21
364519,364566,Undirected,14
49926,197040,Undirected,3
58465,90889,Undirected,3
58465,317570,Undirected,3
58465,385345,Undirected,5
90889,317570,Undirected,3
61830,145386,Undirected,3
44435,48842,Undirected,3
44435,232190,Undirected,3
44435,301089,Undirected,4
44507,48842,Undirected,3
44507,232190,Undirected,5
44507,301089,Undirected,3
48842,112688,Undirected,3
48842,209093,Undirected,3
48842,223163,Undirected,3
48842,232190,Undirected,3
48842,301089,Undirected,4
112688,232190,Undirected,6
112688,301089,Undirected,3
209093,232190,Undirected,6
209093,301089,Undirected,3
223163,232190,Undirected,5
223163,301089,Undirected,3
232190,301089,Undirected,3
20491,51552,Undirected,3
49696,51552,Undirected,3
206815,354798,Undirected,3
62532,295366,Undirected,3
98108,113901,Undirected,3
74599,346204,Undirected,3
15538,260423,Undirected,3
88686,166850,Undirected,5
164256,357735,Undirected,3
203631,386389,Undirected,3
13497,334407,Undirected,3
299815,314109,Undirected,3
134069,179516,Undirected,7
116837,328194,Undirected,3
179049,185200,Undirected,8
179049,309402,Undirected,8
179049,317844,Undirected,7
185200,309402,Undirected,8
185200,317844,Undirected,9
135709,323096,Undirected,3
49588,146510,Undirected,3
53084,146510,Undirected,3
53084,253999,Undirected,3
146510,253999,Undirected,3
98933,160436,Undirected,3
160436,300380,Undirected,3
160436,350435,Undirected,3
181828,315359,Undirected,5
181828,385896,Undirected,3
300380,315359,Undirected,4
315359,372103,Undirected,3
315359,385896,Undirected,3
83821,98824,Undirected,3
83821,144616,Undirected,5
83821,271581,Undirected,4
83821,281864,Undirected,5
83821,301727,Undirected,6
83821,311620,Undirected,6
83821,342616,Undirected,3
144616,271581,Undirected,3
144616,281864,Undirected,9
144616,301727,Undirected,7
144616,311620,Undirected,8
271581,281864,Undirected,3
271581,301727,Undirected,3
271581,311620,Undirected,3
281864,301727,Undirected,9
281864,311620,Undirected,10
301727,311620,Undirected,8
58125,263727,Undirected,3
91888,192903,Undirected,4
91888,323096,Undirected,3
22637,134779,Undirected,6
22637,188240,Undirected,5
22637,190193,Undirected,7
133637,188240,Undirected,4
134779,190193,Undirected,5
194540,198753,Undirected,5
65612,74080,Undirected,3
107968,120745,Undirected,3
107968,214412,Undirected,4
214412,380811,Undirected,3
139607,149057,Undirected,6
119512,354099,Undirected,4
213583,354099,Undirected,5
70549,202985,Undirected,4
150625,150904,Undirected,8
7199,321449,Undirected,3
30598,297382,Undirected,6
52812,128298,Undirected,3
58125,128298,Undirected,3
58125,213958,Undirected,3
101583,314666,Undirected,3
50436,181630,Undirected,3
42365,132136,Undirected,4
42365,291902,Undirected,3
42365,373468,Undirected,4
132136,291902,Undirected,9
291902,373468,Undirected,9
312858,374021,Undirected,4
59929,361672,Undirected,3
81344,361672,Undirected,3
96909,357894,Undirected,3
96909,361672,Undirected,6
170978,361672,Undirected,3
249179,361672,Undirected,3
58125,127566,Undirected,6
58125,317436,Undirected,5
58125,361672,Undirected,13
88994,96909,Undirected,3
88994,127566,Undirected,5
88994,317436,Undirected,3
88994,357894,Undirected,5
88994,361672,Undirected,8
166789,317436,Undirected,4
166789,361672,Undirected,6
98574,199579,Undirected,3
48822,81524,Undirected,4
48822,363096,Undirected,4
58205,219695,Undirected,7
109264,219695,Undirected,9
162131,363096,Undirected,3
150625,189719,Undirected,6
150625,316827,Undirected,4
150904,189719,Undirected,6
150904,316827,Undirected,4
189719,316827,Undirected,4
111274,167246,Undirected,4
48194,230079,Undirected,3
48194,266155,Undirected,3
3330,315017,Undirected,3
35526,78000,Undirected,3
35526,147196,Undirected,4
35526,134069,Undirected,25
151713,370279,Undirected,3
66200,102929,Undirected,3
130758,248939,Undirected,3
41608,113319,Undirected,4
262248,273034,Undirected,4
165975,172179,Undirected,3
209056,270559,Undirected,3
180548,206618,Undirected,4
93302,249640,Undirected,5
49428,206960,Undirected,3
114768,344453,Undirected,3
188654,218094,Undirected,11
188654,324362,Undirected,5
188654,344453,Undirected,3
218094,324362,Undirected,3
218094,344453,Undirected,5
28143,127566,Undirected,3
28143,142710,Undirected,3
127566,142710,Undirected,3
307123,350452,Undirected,3
98991,241849,Undirected,3
151283,309567,Undirected,3
266926,319373,Undirected,3
294782,319373,Undirected,3
186285,266315,Undirected,3
134069,144498,Undirected,3
144498,323584,Undirected,3
64120,319192,Undirected,4
35526,77530,Undirected,4
35526,186285,Undirected,11
35526,206913,Undirected,4
35526,223487,Undirected,4
35526,314666,Undirected,9
186285,223487,Undirected,3
186285,314666,Undirected,4
222872,314666,Undirected,3
223487,314666,Undirected,3
119973,249626,Undirected,3
181253,301144,Undirected,5
62771,281933,Undirected,4
271694,328284,Undirected,4
181492,371359,Undirected,4
267231,333562,Undirected,5
52964,264811,Undirected,3
64783,169719,Undirected,3
371359,375558,Undirected,3
149374,320207,Undirected,3
149374,383697,Undirected,5
149374,388288,Undirected,3
320207,380203,Undirected,3
383697,388288,Undirected,3
314083,363627,Undirected,3
97433,172611,Undirected,4
355850,383523,Undirected,3
6334,50836,Undirected,10
6334,271016,Undirected,8
50836,271016,Undirected,9
101360,315080,Undirected,3
114890,194842,Undirected,3
168657,383523,Undirected,3
55041,92232,Undirected,3
55041,93010,Undirected,3
55041,94134,Undirected,4
55041,184940,Undirected,3
94134,335208,Undirected,3
9496,83821,Undirected,8
9496,91053,Undirected,8
9496,138505,Undirected,8
83821,91053,Undirected,10
83821,138505,Undirected,11
91053,138505,Undirected,8
160557,204982,Undirected,3
70284,112681,Undirected,5
46039,326776,Undirected,4
214442,230180,Undirected,4
230180,326776,Undirected,3
209093,371340,Undirected,6
340167,340219,Undirected,11
325491,384401,Undirected,3
5199,60114,Undirected,4
27822,181828,Undirected,5
27822,184801,Undirected,3
133127,184801,Undirected,4
181828,222698,Undirected,5
181828,269313,Undirected,8
181828,321872,Undirected,6
269313,321872,Undirected,3
4267,49696,Undirected,3
4267,206091,Undirected,4
49696,105229,Undirected,4
49696,285401,Undirected,8
51559,105229,Undirected,7
51559,150718,Undirected,5
49696,254101,Undirected,3
49696,361672,Undirected,3
51552,51559,Undirected,5
51552,105229,Undirected,5
51552,254101,Undirected,6
51559,77506,Undirected,3
51559,254101,Undirected,6
51559,361672,Undirected,3
105229,254101,Undirected,5
254101,361672,Undirected,3
30282,184498,Undirected,3
19447,46039,Undirected,3
46039,185699,Undirected,3
49926,135614,Undirected,3
135614,388044,Undirected,3
371850,388044,Undirected,3
387384,388044,Undirected,3
190214,380202,Undirected,3
77506,130758,Undirected,6
77506,300447,Undirected,3
77506,337229,Undirected,5
130758,227120,Undirected,3
130758,300447,Undirected,3
300447,337229,Undirected,3
85564,194567,Undirected,3
85564,213958,Undirected,3
299985,331021,Undirected,4
301137,353500,Undirected,3
78000,101583,Undirected,3
101583,326112,Undirected,3
134069,326112,Undirected,5
81450,367077,Undirected,3
111925,371892,Undirected,3
289633,321796,Undirected,3
159200,229551,Undirected,3
87737,293368,Undirected,3
182352,234290,Undirected,3
182352,316362,Undirected,4
182352,371276,Undirected,3
234290,371276,Undirected,4
336366,386207,Undirected,3
93565,168023,Undirected,3
72416,188936,Undirected,4
88686,297393,Undirected,3
166850,283934,Undirected,3
166850,297393,Undirected,3
42900,169723,Undirected,3
139304,175545,Undirected,3
139304,314576,Undirected,3
140538,169723,Undirected,3
140538,314576,Undirected,5
169723,175545,Undirected,3
169723,205621,Undirected,3
175545,301874,Undirected,4
175545,314576,Undirected,4
301874,314576,Undirected,3
51053,87737,Undirected,3
51053,172279,Undirected,3
51053,263781,Undirected,3
85075,172279,Undirected,3
85075,263781,Undirected,3
87737,172279,Undirected,3
178511,228909,Undirected,3
178511,301299,Undirected,3
228909,327054,Undirected,3
45507,125184,Undirected,6
45949,138289,Undirected,3
140941,184801,Undirected,7
125934,318399,Undirected,3
162203,354861,Undirected,3
225797,355570,Undirected,4
252482,355570,Undirected,8
316235,355570,Undirected,3
182352,202684,Undirected,3
198753,302478,Undirected,5
96206,118654,Undirected,3
140413,182870,Undirected,3
93678,223602,Undirected,8
124210,307180,Undirected,3
131219,310659,Undirected,3
41949,44594,Undirected,13
41949,175101,Undirected,4
41949,269463,Undirected,12
41949,301885,Undirected,9
346542,360541,Undirected,3
49436,118519,Undirected,3
82583,84367,Undirected,3
82583,212506,Undirected,3
95969,319373,Undirected,4
49977,86975,Undirected,3
237017,318478,Undirected,3
37169,48895,Undirected,3
244535,245917,Undirected,3
31179,38309,Undirected,5
31179,67775,Undirected,4
31179,252482,Undirected,5
38309,67775,Undirected,4
38309,252482,Undirected,6
67775,252482,Undirected,4
42847,181741,Undirected,3
42847,196643,Undirected,3
199864,260887,Undirected,5
61969,101061,Undirected,3
61969,341480,Undirected,5
101061,254101,Undirected,5
101061,285401,Undirected,3
101061,341480,Undirected,3
101061,382708,Undirected,7
285401,382708,Undirected,4
341480,382708,Undirected,3
240126,338884,Undirected,3
192246,333948,Undirected,3
181741,221939,Undirected,3
308,17991,Undirected,5
308,182870,Undirected,4
308,222202,Undirected,3
17991,182870,Undirected,5
17991,222202,Undirected,3
182870,222202,Undirected,5
182870,346153,Undirected,4
222202,346153,Undirected,3
37719,195409,Undirected,4
195409,325064,Undirected,3
205248,316323,Undirected,3
179319,361672,Undirected,6
340219,386236,Undirected,3
175214,323909,Undirected,3
262723,388392,Undirected,4
237835,251202,Undirected,3
164206,182289,Undirected,3
82583,139556,Undirected,3
59137,353500,Undirected,3
58125,371359,Undirected,14
140578,334712,Undirected,3
97433,249491,Undirected,4
97433,257202,Undirected,5
127566,337240,Undirected,4
140538,337240,Undirected,5
249491,272829,Undirected,4
257202,361672,Undirected,4
272829,361672,Undirected,7
95035,322955,Undirected,3
31943,161671,Undirected,3
254167,373759,Undirected,3
159714,184847,Undirected,3
159714,346998,Undirected,3
184847,346998,Undirected,3
97422,374918,Undirected,3
144680,318399,Undirected,3
172279,323852,Undirected,3
21494,152118,Undirected,3
95035,249399,Undirected,3
132568,188149,Undirected,3
170770,371450,Undirected,3
118519,333719,Undirected,3
160958,390661,Undirected,3
7089,75627,Undirected,3
75627,133885,Undirected,3
133885,355543,Undirected,3
51552,167786,Undirected,4
51559,61969,Undirected,4
51559,167786,Undirected,4
51559,331198,Undirected,5
77506,331198,Undirected,4
105229,167786,Undirected,3
130758,254101,Undirected,3
130758,331198,Undirected,4
163690,254101,Undirected,3
167786,254101,Undirected,3
167786,331198,Undirected,3
254101,331198,Undirected,4
19208,123301,Undirected,3
304520,387094,Undirected,12
25864,162940,Undirected,3
46061,68240,Undirected,4
46061,94084,Undirected,3
46061,240641,Undirected,5
80322,181920,Undirected,3
71785,122222,Undirected,5
71785,310472,Undirected,6
71785,363225,Undirected,8
122222,359099,Undirected,5
122222,383924,Undirected,11
310472,383924,Undirected,4
363225,383924,Undirected,3
49123,52936,Undirected,3
119812,369499,Undirected,9
369499,387570,Undirected,4
28757,169593,Undirected,3
221939,385322,Undirected,3
89176,364760,Undirected,3
42444,256178,Undirected,3
53364,137228,Undirected,6
53364,184847,Undirected,11
53364,249549,Undirected,3
53364,271187,Undirected,4
53364,323117,Undirected,4
53364,356099,Undirected,3
76850,184847,Undirected,6
76850,271187,Undirected,8
76850,356099,Undirected,3
137228,184847,Undirected,5
137228,249549,Undirected,4
137228,271187,Undirected,4
184847,271187,Undirected,4
184847,323117,Undirected,6
184847,356099,Undirected,3
249549,257097,Undirected,3
249549,356099,Undirected,3
257097,271187,Undirected,3
271187,323117,Undirected,3
271187,356099,Undirected,6
29821,242637,Undirected,3
140538,242637,Undirected,3
182947,361366,Undirected,3
337996,361366,Undirected,3
258422,335869,Undirected,3
52136,313922,Undirected,3
77950,262896,Undirected,3
168284,262896,Undirected,4
168284,365324,Undirected,3
262896,338045,Undirected,3
262896,365324,Undirected,3
338045,365324,Undirected,4
5199,27076,Undirected,4
5199,133687,Undirected,3
27076,60114,Undirected,8
27076,133687,Undirected,4
27076,144101,Undirected,6
60114,144101,Undirected,4
72785,133687,Undirected,3
122772,133687,Undirected,4
126416,133687,Undirected,9
133687,144101,Undirected,5
133687,144942,Undirected,3
42095,87737,Undirected,4
301874,317436,Undirected,3
71785,264897,Undirected,10
101192,264897,Undirected,4
101192,306360,Undirected,3
264897,306360,Undirected,3
189939,362661,Undirected,5
182870,218132,Undirected,7
42676,373081,Undirected,3
152618,385961,Undirected,3
225805,281703,Undirected,3
95035,334949,Undirected,3
9530,227772,Undirected,3
91920,262803,Undirected,3
214031,281933,Undirected,3
281933,291921,Undirected,3
281933,314276,Undirected,3
54169,330876,Undirected,3
54169,368014,Undirected,3
14044,22637,Undirected,4
14044,388033,Undirected,3
151340,295401,Undirected,3
87737,367652,Undirected,4
170016,197116,Undirected,3
354505,382443,Undirected,3
9137,72469,Undirected,4
72469,76214,Undirected,3
2898,75027,Undirected,9
281563,326362,Undirected,3
182870,212319,Undirected,3
108268,127566,Undirected,4
108268,317436,Undirected,3
46061,216633,Undirected,3
73137,264811,Undirected,3
42781,224339,Undirected,3
44125,265401,Undirected,4
44125,320210,Undirected,4
265401,320210,Undirected,4
70065,112681,Undirected,4
70065,140578,Undirected,3
70065,200534,Undirected,3
140578,169896,Undirected,4
169896,371603,Undirected,3
366237,371603,Undirected,5
214262,307479,Undirected,9
127228,206172,Undirected,5
169951,265988,Undirected,3
302964,370563,Undirected,6
194531,261864,Undirected,3
194531,362062,Undirected,3
261864,362062,Undirected,3
5055,43137,Undirected,9
162995,385513,Undirected,3
235672,244763,Undirected,3
35461,102230,Undirected,4
102230,165879,Undirected,3
102230,304396,Undirected,4
28132,378909,Undirected,3
378909,392615,Undirected,3
49689,173968,Undirected,3
173968,197040,Undirected,3
35742,295270,Undirected,3
35742,324448,Undirected,3
35742,377287,Undirected,3
231297,325873,Undirected,4
295270,324448,Undirected,3
324448,377287,Undirected,3
150845,211257,Undirected,3
150845,252152,Undirected,3
150845,313507,Undirected,3
211257,252152,Undirected,3
211257,313507,Undirected,3
252152,313507,Undirected,3
175210,179166,Undirected,5
179166,265231,Undirected,3
265231,296931,Undirected,9
306632,379807,Undirected,3
12090,221247,Undirected,3
181828,356175,Undirected,4
131575,299280,Undirected,3
69598,386334,Undirected,3
271476,301719,Undirected,8
265988,306066,Undirected,3
19442,314276,Undirected,3
19442,331198,Undirected,5
19442,337229,Undirected,4
24815,150718,Undirected,3
24815,337229,Undirected,3
31511,314276,Undirected,3
150718,341480,Undirected,3
210383,331198,Undirected,6
314276,341480,Undirected,3
314276,359594,Undirected,4
331198,341480,Undirected,4
341480,359594,Undirected,8
2520,137228,Undirected,31
2520,185943,Undirected,11
2520,248995,Undirected,16
2520,308403,Undirected,15
53364,296762,Undirected,3
53364,308403,Undirected,4
53364,328188,Undirected,4
137228,248995,Undirected,14
137228,308403,Undirected,14
137228,328188,Undirected,10
185943,248995,Undirected,12
185943,308403,Undirected,16
248995,328188,Undirected,6
155927,156986,Undirected,3
38920,250619,Undirected,4
77346,250619,Undirected,6
17356,101362,Undirected,4
17356,147041,Undirected,4
101362,147041,Undirected,4
161671,172828,Undirected,5
161671,264738,Undirected,8
161671,282774,Undirected,6
172828,264738,Undirected,4
172828,282774,Undirected,5
264738,282774,Undirected,5
282774,394041,Undirected,3
93321,337229,Undirected,3
130906,317820,Undirected,4
149101,317820,Undirected,4
166935,317820,Undirected,3
250166,317820,Undirected,5
226,157168,Undirected,8
89176,157168,Undirected,13
157168,187234,Undirected,4
337084,387737,Undirected,3
19447,326776,Undirected,4
319373,326776,Undirected,3
380202,383697,Undirected,4
14414,382917,Undirected,3
176467,382917,Undirected,3
132844,138920,Undirected,3
132844,392544,Undirected,4
55184,257496,Undirected,3
42847,160759,Undirected,4
85395,319132,Undirected,3
66018,131101,Undirected,3
119905,165004,Undirected,5
119905,206091,Undirected,5
119905,255555,Undirected,5
119905,300447,Undirected,5
119905,331198,Undirected,5
165004,255555,Undirected,5
165004,300447,Undirected,5
165004,331198,Undirected,5
206091,331198,Undirected,8
255555,300447,Undirected,6
255555,331198,Undirected,8
300447,331198,Undirected,5
331198,364584,Undirected,4
47858,340167,Undirected,9
97433,340167,Undirected,4
127566,194567,Undirected,4
140538,194567,Undirected,7
314830,330000,Undirected,3
108672,324416,Undirected,3
41805,155813,Undirected,5
203592,296017,Undirected,4
7048,64433,Undirected,3
72785,133653,Undirected,3
72785,322069,Undirected,3
109289,184913,Undirected,3
133653,322069,Undirected,4
89176,212639,Undirected,4
89176,269143,Undirected,4
89176,335789,Undirected,6
157168,212639,Undirected,4
157168,269143,Undirected,4
157168,335789,Undirected,7
212639,269143,Undirected,4
212639,335789,Undirected,7
269143,335789,Undirected,3
147613,323096,Undirected,4
222766,323096,Undirected,3
345312,359843,Undirected,3
127453,248998,Undirected,4
194338,211508,Undirected,3
213237,252409,Undirected,12
213237,256284,Undirected,4
213237,296890,Undirected,3
213237,351592,Undirected,7
252409,256284,Undirected,5
252409,300560,Undirected,3
252409,327489,Undirected,3
252409,351592,Undirected,4
252409,377429,Undirected,3
256284,296890,Undirected,3
256284,300560,Undirected,4
256284,327489,Undirected,6
256284,351592,Undirected,5
256284,377429,Undirected,4
296890,327489,Undirected,3
300560,327489,Undirected,3
300560,377429,Undirected,4
327489,351592,Undirected,4
327489,377429,Undirected,5
223428,375342,Undirected,7
116837,327630,Undirected,3
42400,335789,Undirected,3
93226,155223,Undirected,3
93226,341392,Undirected,3
40736,338721,Undirected,5
40736,371816,Undirected,4
184801,385896,Undirected,3
338721,371816,Undirected,3
46528,72054,Undirected,3
72054,246257,Undirected,3
359866,380320,Undirected,4
61022,66918,Undirected,3
33325,177261,Undirected,3
177261,194489,Undirected,5
19447,91311,Undirected,5
91311,185699,Undirected,3
76672,384402,Undirected,3
2585,43343,Undirected,3
55786,331021,Undirected,3
147289,154995,Undirected,3
150802,171364,Undirected,4
150802,367100,Undirected,4
171364,209303,Undirected,3
227014,271748,Undirected,3
271748,367100,Undirected,5
169006,218155,Undirected,8
107654,196643,Undirected,3
326653,338561,Undirected,3
293132,316278,Undirected,3
49924,89176,Undirected,3
89176,227727,Undirected,4
90499,227727,Undirected,4
80616,129818,Undirected,4
90692,367100,Undirected,3
112297,337993,Undirected,3
180662,341215,Undirected,3
16549,269225,Undirected,5
16549,359352,Undirected,3
16549,393749,Undirected,4
136200,165427,Undirected,3
136200,359352,Undirected,3
165427,269225,Undirected,3
263242,393749,Undirected,3
269225,311312,Undirected,3
269225,353618,Undirected,3
269225,393749,Undirected,3
311312,393749,Undirected,3
353618,393749,Undirected,3
47603,89006,Undirected,3
47603,148638,Undirected,7
47603,318449,Undirected,4
47603,342699,Undirected,7
89006,148638,Undirected,6
89006,318449,Undirected,4
89006,342699,Undirected,8
148638,318449,Undirected,5
148638,342699,Undirected,13
318449,342699,Undirected,8
89986,383523,Undirected,5
45237,238686,Undirected,3
85689,167786,Undirected,3
60114,340167,Undirected,3
270788,340167,Undirected,6
98933,355570,Undirected,3
133687,355570,Undirected,11
186430,355570,Undirected,5
323080,355570,Undirected,3
281933,343036,Undirected,3
28878,124417,Undirected,4
28878,359606,Undirected,5
28878,394400,Undirected,5
124417,359606,Undirected,5
124417,394400,Undirected,5
359606,394400,Undirected,4
184715,368258,Undirected,5
130971,235261,Undirected,3
317092,366564,Undirected,3
118519,187676,Undirected,3
100297,362354,Undirected,4
31511,51552,Undirected,3
31511,167786,Undirected,3
89228,108156,Undirected,3
89228,134649,Undirected,7
134649,319671,Undirected,4
116210,234372,Undirected,4
111448,322894,Undirected,3
306040,315755,Undirected,3
979,335365,Undirected,3
2571,32316,Undirected,3
17991,222757,Undirected,3
222757,291692,Undirected,3
249848,267148,Undirected,3
182197,265459,Undirected,3
265459,378649,Undirected,4
9496,301737,Undirected,3
83821,301737,Undirected,3
91053,301737,Undirected,3
138505,301737,Undirected,3
46033,233782,Undirected,3
316569,390615,Undirected,8
320517,321909,Undirected,4
320517,382018,Undirected,3
320517,389937,Undirected,4
321909,389937,Undirected,4
109474,299530,Undirected,3
109474,321882,Undirected,3
287731,299530,Undirected,3
23140,144660,Undirected,3
23140,198779,Undirected,3
144325,175282,Undirected,3
89006,95130,Undirected,5
89006,129757,Undirected,3
89006,186751,Undirected,3
89006,356832,Undirected,3
89006,375397,Undirected,5
95130,129757,Undirected,6
95130,186751,Undirected,3
95130,318449,Undirected,3
95130,364824,Undirected,3
129757,148638,Undirected,5
129757,186751,Undirected,4
129757,342699,Undirected,5
129757,364824,Undirected,3
148638,186751,Undirected,5
148638,356832,Undirected,3
186751,342699,Undirected,7
342699,356832,Undirected,4
342699,375397,Undirected,5
95219,317034,Undirected,8
95219,353583,Undirected,3
317034,353583,Undirected,9
380202,389821,Undirected,3
35526,331664,Undirected,3
252286,265988,Undirected,3
78545,384402,Undirected,4
169314,299740,Undirected,4
203078,299740,Undirected,3
239821,338561,Undirected,3
194488,331021,Undirected,3
43964,375248,Undirected,5
54081,254657,Undirected,3
254657,373435,Undirected,5
254657,375248,Undirected,3
373435,375248,Undirected,4
83821,230113,Undirected,4
83821,287731,Undirected,5
165588,230113,Undirected,3
165588,287731,Undirected,3
37577,122222,Undirected,3
37577,285510,Undirected,3
118634,383924,Undirected,3
185959,285510,Undirected,4
185959,383924,Undirected,4
2668,227938,Undirected,3
98315,227938,Undirected,3
178511,329967,Undirected,4
52753,383829,Undirected,7
153045,329558,Undirected,3
196643,329558,Undirected,3
21299,304726,Undirected,3
78968,97433,Undirected,9
97433,292617,Undirected,4
200184,378649,Undirected,3
238686,378828,Undirected,3
134003,325978,Undirected,5
54120,112681,Undirected,3
112681,169930,Undirected,7
112681,287922,Undirected,4
94269,300061,Undirected,3
41960,363195,Undirected,3
69302,184847,Undirected,4
69302,248995,Undirected,3
69302,344055,Undirected,4
76850,248995,Undirected,5
83362,184847,Undirected,5
83362,248995,Undirected,6
83362,381540,Undirected,3
122414,184847,Undirected,4
184847,248995,Undirected,22
184847,344055,Undirected,10
184847,381540,Undirected,3
248995,344055,Undirected,3
248995,381540,Undirected,3
73668,151197,Undirected,3
151197,151200,Undirected,5
45183,175879,Undirected,3
45183,252197,Undirected,4
45183,341215,Undirected,4
45183,346030,Undirected,3
175879,346030,Undirected,3
252197,346030,Undirected,4
15500,371603,Undirected,3
158567,286132,Undirected,5
42374,365586,Undirected,4
45514,149801,Undirected,3
45514,196643,Undirected,48
45514,337399,Undirected,9
45514,338847,Undirected,3
149801,196643,Undirected,5
171030,337399,Undirected,3
171030,338847,Undirected,3
196643,337399,Undirected,8
196643,338847,Undirected,3
214007,337399,Undirected,4
214007,338847,Undirected,3
138611,203631,Undirected,3
299740,321872,Undirected,3
130758,185833,Undirected,3
49384,316891,Undirected,7
147360,323080,Undirected,3
66824,80772,Undirected,4
66824,108268,Undirected,6
66824,205621,Undirected,5
66824,361672,Undirected,5
80772,108268,Undirected,5
80772,375558,Undirected,4
118086,138498,Undirected,7
138498,184913,Undirected,9
138498,266554,Undirected,9
138498,364519,Undirected,9
138498,364566,Undirected,9
184913,364519,Undirected,15
184913,364566,Undirected,15
84210,132844,Undirected,4
93043,363880,Undirected,3
209474,363880,Undirected,15
61022,377778,Undirected,9
316581,371477,Undirected,3
189992,364088,Undirected,3
37905,133687,Undirected,6
55474,120349,Undirected,3
55474,133687,Undirected,4
160161,371359,Undirected,6
98077,115391,Undirected,4
19195,92558,Undirected,4
187349,370195,Undirected,7
211297,370195,Undirected,11
160925,272084,Undirected,3
245593,339370,Undirected,4
90267,127566,Undirected,3
54396,230627,Undirected,3
54396,278639,Undirected,3
168284,278639,Undirected,5
123660,162940,Undirected,3
123660,237936,Undirected,4
162940,237936,Undirected,3
54396,237936,Undirected,3
162940,172664,Undirected,3
58832,292621,Undirected,3
214007,219695,Undirected,5
214007,345473,Undirected,4
219695,345473,Undirected,4
128298,320485,Undirected,4
320485,353434,Undirected,3
111970,305073,Undirected,5
292555,305073,Undirected,3
41359,278639,Undirected,3
252955,265459,Undirected,3
58125,169719,Undirected,7
58125,205621,Undirected,9
169719,179319,Undirected,3
169719,194567,Undirected,3
175545,179319,Undirected,3
179319,205621,Undirected,3
179319,301874,Undirected,3
4053,185474,Undirected,3
35526,185474,Undirected,6
35526,239596,Undirected,7
147928,179516,Undirected,3
147928,239596,Undirected,5
147928,278180,Undirected,6
147928,323584,Undirected,7
179516,239596,Undirected,4
179516,314666,Undirected,7
318564,323584,Undirected,5
173968,185329,Undirected,5
88381,349740,Undirected,3
88381,357663,Undirected,3
92040,355668,Undirected,3
65612,174272,Undirected,3
17910,41840,Undirected,5
17812,108832,Undirected,4
133709,186484,Undirected,5
38920,150845,Undirected,3
38920,252152,Undirected,5
150845,238650,Undirected,3
76185,168997,Undirected,3
76185,269641,Undirected,3
76185,383523,Undirected,4
168997,383523,Undirected,4
160207,352977,Undirected,4
144254,218094,Undirected,4
38920,371263,Undirected,3
109345,300749,Undirected,3
130758,341480,Undirected,3
282319,352796,Undirected,3
35974,52621,Undirected,3
167786,285401,Undirected,3
112778,181938,Undirected,3
118519,372540,Undirected,3
54525,329492,Undirected,3
329492,383295,Undirected,3
28079,332499,Undirected,3
88436,105853,Undirected,10
88436,144367,Undirected,9
88436,371091,Undirected,11
126944,140941,Undirected,3
161208,180695,Undirected,3
161208,316235,Undirected,3
161208,326865,Undirected,3
180695,316235,Undirected,3
180695,326865,Undirected,3
240126,326865,Undirected,3
316235,326865,Undirected,3
37201,300135,Undirected,3
4368,264542,Undirected,3
205108,223428,Undirected,11
98315,209502,Undirected,3
172875,186476,Undirected,4
172875,309485,Undirected,3
186476,209502,Undirected,3
194762,209502,Undirected,3
209502,309485,Undirected,3
185327,378052,Undirected,4
221939,316834,Undirected,3
320029,392776,Undirected,3
293638,333790,Undirected,3
27775,47603,Undirected,3
28287,69273,Undirected,3
42432,223178,Undirected,3
218537,330417,Undirected,3
219695,261357,Undirected,4
219695,269310,Undirected,12
219695,294211,Undirected,10
219695,297680,Undirected,11
219695,312955,Undirected,8
219695,344055,Undirected,5
261357,297680,Undirected,5
261357,308403,Undirected,4
261357,312955,Undirected,3
269310,294211,Undirected,4
269310,297680,Undirected,7
269310,308403,Undirected,6
294211,297680,Undirected,9
294211,308403,Undirected,7
294211,312955,Undirected,6
294211,344055,Undirected,3
297680,308403,Undirected,5
297680,312955,Undirected,8
297680,344055,Undirected,7
308403,344055,Undirected,3
312955,344055,Undirected,7
83362,90439,Undirected,4
83362,112169,Undirected,6
83362,170072,Undirected,10
90439,184847,Undirected,6
90439,353349,Undirected,5
170072,184847,Undirected,6
170072,353349,Undirected,4
184847,353349,Undirected,9
248995,353349,Undirected,11
89176,369499,Undirected,4
325978,369499,Undirected,6
313946,352817,Undirected,3
42917,62996,Undirected,3
63456,108707,Undirected,3
63456,112681,Undirected,3
63456,171622,Undirected,6
63456,218884,Undirected,4
63456,318449,Undirected,3
70065,134527,Undirected,5
70065,171622,Undirected,4
70065,218884,Undirected,4
70065,318449,Undirected,8
108707,171622,Undirected,4
108707,218884,Undirected,4
108707,318449,Undirected,3
134527,171622,Undirected,4
134527,218884,Undirected,4
134527,318449,Undirected,5
171622,218884,Undirected,5
171622,318449,Undirected,6
47428,243501,Undirected,4
6444,160365,Undirected,3
6444,252334,Undirected,3
79369,252334,Undirected,3
160365,252334,Undirected,3
252334,276435,Undirected,3
276435,314666,Undirected,4
276435,318564,Undirected,3
43030,347732,Undirected,4
96204,387691,Undirected,3
64703,170072,Undirected,3
100571,351872,Undirected,3
249865,353427,Undirected,4
296745,351872,Undirected,6
2520,20970,Undirected,5
2520,170072,Undirected,32
2520,214007,Undirected,3
2520,256964,Undirected,11
2520,275540,Undirected,3
20970,170072,Undirected,5
20970,214007,Undirected,3
20970,248995,Undirected,6
20970,256964,Undirected,5
20970,275540,Undirected,4
81524,248995,Undirected,3
170072,292270,Undirected,5
214007,248995,Undirected,5
214007,292270,Undirected,3
248995,256964,Undirected,13
248995,275540,Undirected,7
90439,374354,Undirected,3
179166,301043,Undirected,6
44420,196643,Undirected,3
109264,184847,Undirected,5
109264,196643,Undirected,3
109264,248995,Undirected,7
109264,344055,Undirected,3
184847,196643,Undirected,3
184847,219695,Undirected,13
184847,350189,Undirected,3
196643,219695,Undirected,6
196643,248995,Undirected,8
219695,248995,Undirected,12
248995,350189,Undirected,3
344055,350189,Undirected,3
581,115696,Undirected,3
22488,77975,Undirected,3
22488,155927,Undirected,3
50836,235852,Undirected,3
43541,342096,Undirected,3
108156,367834,Undirected,4
110253,134649,Undirected,4
134649,367834,Undirected,4
137469,371850,Undirected,3
137469,387384,Undirected,3
43964,222015,Undirected,3
34010,313473,Undirected,3
184801,186410,Undirected,3
22131,88686,Undirected,3
68688,234290,Undirected,3
214262,234290,Undirected,3
61871,108268,Undirected,5
61871,140538,Undirected,3
61871,169719,Undirected,3
61871,172611,Undirected,3
61871,322018,Undirected,3
61871,361672,Undirected,4
61871,371340,Undirected,4
61871,371359,Undirected,4
108268,140538,Undirected,4
108268,169719,Undirected,5
108268,172611,Undirected,3
108268,322018,Undirected,3
108268,371340,Undirected,5
108268,371359,Undirected,6
169719,371340,Undirected,5
172611,371340,Undirected,3
301874,371340,Undirected,7
322018,371340,Undirected,3
322018,371359,Undirected,3
361672,371340,Undirected,8
371340,371359,Undirected,10
48822,68867,Undirected,4
66084,109264,Undirected,4
66084,296745,Undirected,3
68867,132500,Undirected,7
68867,296745,Undirected,36
109264,296745,Undirected,6
132500,296745,Undirected,9
159610,310336,Undirected,3
127566,199864,Undirected,3
41805,257496,Undirected,5
319671,363216,Undirected,4
41600,77533,Undirected,3
44490,229566,Undirected,3
139370,170493,Undirected,5
139370,229566,Undirected,5
183546,199781,Undirected,3
13435,117143,Undirected,5
121090,183108,Undirected,12
121090,359214,Undirected,3
183108,359214,Undirected,3
14144,269310,Undirected,7
14144,317559,Undirected,3
68867,167054,Undirected,4
68867,269310,Undirected,6
68867,317559,Undirected,3
73508,167054,Undirected,3
269310,317559,Undirected,4
269310,321393,Undirected,3
88381,382840,Undirected,4
168496,321909,Undirected,3
82583,307974,Undirected,3
6844,302297,Undirected,3
6844,316784,Undirected,3
105506,346542,Undirected,3
299671,316784,Undirected,4
299671,346542,Undirected,9
172030,175387,Undirected,3
2520,68867,Undirected,28
2520,217586,Undirected,6
2520,268504,Undirected,4
2520,283924,Undirected,3
2520,297680,Undirected,22
68867,137228,Undirected,28
68867,191183,Undirected,5
68867,195242,Undirected,3
68867,217586,Undirected,15
68867,268504,Undirected,7
68867,283924,Undirected,16
68867,335508,Undirected,3
137228,191183,Undirected,6
137228,217586,Undirected,17
137228,268504,Undirected,7
137228,283924,Undirected,16
137228,297680,Undirected,23
137228,335508,Undirected,5
191183,195242,Undirected,9
191183,217586,Undirected,11
191183,283924,Undirected,13
191183,297680,Undirected,3
191183,335508,Undirected,5
195242,217586,Undirected,12
195242,283924,Undirected,10
195242,335508,Undirected,4
217586,268504,Undirected,12
217586,283924,Undirected,32
217586,297680,Undirected,18
217586,335508,Undirected,9
268504,283924,Undirected,9
268504,297680,Undirected,8
268504,335508,Undirected,3
283924,297680,Undirected,13
283924,335508,Undirected,7
297680,335508,Undirected,3
36360,258210,Undirected,10
36360,320599,Undirected,13
258210,320599,Undirected,10
46039,57308,Undirected,3
57308,91311,Undirected,5
91311,311387,Undirected,3
202951,301560,Undirected,3
96204,252286,Undirected,4
205108,289145,Undirected,6
42242,361694,Undirected,3
22347,92211,Undirected,4
79510,373961,Undirected,3
88686,373961,Undirected,3
169951,373961,Undirected,3
249491,373961,Undirected,3
52980,102161,Undirected,3
52753,248998,Undirected,3
264434,385264,Undirected,3
48076,77122,Undirected,3
48076,108123,Undirected,3
48076,302703,Undirected,3
77122,302703,Undirected,3
108123,302703,Undirected,3
45858,71785,Undirected,3
45858,268819,Undirected,3
45858,359099,Undirected,8
45858,383924,Undirected,3
17778,45858,Undirected,5
17778,109296,Undirected,3
37577,118289,Undirected,3
37577,259382,Undirected,4
45858,127634,Undirected,4
118289,127634,Undirected,3
118289,259382,Undirected,3
296873,373081,Undirected,3
198537,320517,Undirected,3
198537,321909,Undirected,3
198537,389937,Undirected,4
235005,237243,Undirected,3
231297,314830,Undirected,4
76850,104215,Undirected,9
76850,145320,Undirected,3
76850,177726,Undirected,6
104215,177726,Undirected,7
104215,184847,Undirected,4
104215,248995,Undirected,4
145320,177726,Undirected,4
145320,184847,Undirected,5
145320,248995,Undirected,4
177726,184847,Undirected,6
184847,264278,Undirected,4
184847,294211,Undirected,3
248995,294211,Undirected,10
264278,353349,Undirected,3
294211,353349,Undirected,5
44911,167147,Undirected,5
44911,339154,Undirected,3
125562,209750,Undirected,3
125562,339154,Undirected,5
167147,339154,Undirected,5
209750,312022,Undirected,3
312022,339154,Undirected,3
167147,263169,Undirected,7
209750,374918,Undirected,3
263169,353618,Undirected,3
335673,363720,Undirected,3
23649,383523,Undirected,3
57428,76185,Undirected,4
45858,312022,Undirected,3
28964,339154,Undirected,3
28964,359341,Undirected,3
28964,363005,Undirected,3
61293,125562,Undirected,4
61293,339154,Undirected,4
61293,363005,Undirected,3
125562,363005,Undirected,3
127634,310472,Undirected,7
286227,359843,Undirected,3
90551,181920,Undirected,3
6963,215636,Undirected,7
271356,371628,Undirected,3
95688,317710,Undirected,3
149594,352493,Undirected,5
266554,352493,Undirected,3
269333,299530,Undirected,3
10430,74774,Undirected,3
6234,375487,Undirected,3
375487,381555,Undirected,3
22548,203748,Undirected,3
22548,364661,Undirected,3
203748,364661,Undirected,3
183508,379807,Undirected,3
249604,370977,Undirected,7
249604,375057,Undirected,7
370977,375057,Undirected,7
174711,246736,Undirected,3
174711,273560,Undirected,3
76083,296873,Undirected,5
92723,117771,Undirected,3
114710,301719,Undirected,4
296873,301719,Undirected,3
172030,280340,Undirected,3
76185,220872,Undirected,4
237996,270559,Undirected,4
45514,248995,Undirected,8
45514,256964,Undirected,5
45514,294211,Undirected,4
45514,341153,Undirected,5
196643,256964,Undirected,4
196643,341153,Undirected,5
248995,255122,Undirected,3
248995,341153,Undirected,9
255122,256964,Undirected,3
255122,341153,Undirected,3
256964,294211,Undirected,5
256964,341153,Undirected,5
294211,341153,Undirected,4
37105,91129,Undirected,3
37105,105795,Undirected,3
91129,105795,Undirected,3
93678,98824,Undirected,3
250242,294325,Undirected,3
106567,215636,Undirected,6
106567,353871,Undirected,5
106567,353999,Undirected,5
133127,140941,Undirected,3
140941,387473,Undirected,5
181828,186410,Undirected,11
181828,215636,Undirected,6
181828,353871,Undirected,7
186410,215636,Undirected,4
186410,269313,Undirected,4
186410,353871,Undirected,4
215636,269313,Undirected,3
215636,353871,Undirected,11
215636,353999,Undirected,8
269313,353871,Undirected,4
353871,353999,Undirected,9
152404,257505,Undirected,3
284238,373421,Undirected,3
2520,177726,Undirected,3
2520,179166,Undirected,8
137228,179166,Undirected,4
137228,225942,Undirected,7
177726,217586,Undirected,10
177726,297680,Undirected,5
179166,297680,Undirected,4
185943,217586,Undirected,10
185943,225942,Undirected,4
185943,268504,Undirected,7
185943,297680,Undirected,9
217586,225942,Undirected,8
225942,268504,Undirected,7
225942,297680,Undirected,6
126944,139607,Undirected,3
139607,319731,Undirected,3
21892,132463,Undirected,4
21892,149801,Undirected,6
21892,353349,Undirected,3
149801,353349,Undirected,6
175210,353349,Undirected,3
312955,315373,Undirected,4
312955,353349,Undirected,7
312955,383055,Undirected,3
353349,383055,Undirected,3
292214,368564,Undirected,3
91311,353446,Undirected,3
35621,133498,Undirected,6
74661,200371,Undirected,3
74661,317034,Undirected,4
74661,353583,Undirected,4
200371,317034,Undirected,3
200371,353583,Undirected,3
13632,167786,Undirected,3
31511,264542,Undirected,4
167786,257808,Undirected,3
32488,221939,Undirected,3
179393,273766,Undirected,6
7698,117771,Undirected,3
7698,169708,Undirected,3
34987,117771,Undirected,5
117771,169708,Undirected,5
322587,367834,Undirected,3
94601,178827,Undirected,4
94601,256284,Undirected,8
178827,256284,Undirected,4
361632,391334,Undirected,12
96204,187676,Undirected,3
134801,337229,Undirected,3
63533,151197,Undirected,3
63533,190101,Undirected,3
155212,381112,Undirected,4
381112,387570,Undirected,3
267135,343401,Undirected,4
145118,325491,Undirected,3
198779,314511,Undirected,3
228490,314511,Undirected,4
228490,325491,Undirected,4
30421,231565,Undirected,3
48822,184847,Undirected,3
51276,308403,Undirected,3
122414,297680,Undirected,3
122414,394591,Undirected,3
179166,184847,Undirected,4
179166,308403,Undirected,3
184847,297680,Undirected,10
184847,308403,Undirected,15
297680,356099,Undirected,4
308403,394591,Undirected,6
356099,394591,Undirected,4
189573,283943,Undirected,4
122772,315654,Undirected,3
127336,133687,Undirected,4
133687,188322,Undirected,6
133687,315654,Undirected,4
150836,309444,Undirected,3
9002,340219,Undirected,6
32781,186429,Undirected,3
365816,367927,Undirected,3
102914,188654,Undirected,4
188654,199850,Undirected,9
188654,252821,Undirected,4
183084,201342,Undirected,5
183084,296017,Undirected,3
201342,296017,Undirected,3
257496,296017,Undirected,4
2520,175210,Undirected,5
2520,288071,Undirected,3
2520,296447,Undirected,4
2520,350189,Undirected,4
2520,364329,Undirected,3
57954,350189,Undirected,3
285726,374354,Undirected,3
288071,374354,Undirected,3
296447,350189,Undirected,3
350189,364329,Undirected,3
350189,374354,Undirected,5
364329,374354,Undirected,3
17531,186453,Undirected,3
17531,248995,Undirected,3
17531,294211,Undirected,8
17531,308403,Undirected,3
58205,185943,Undirected,6
58205,294211,Undirected,6
58205,308403,Undirected,4
117661,248995,Undirected,3
117661,294211,Undirected,3
117661,308403,Undirected,4
127781,185943,Undirected,4
127781,248995,Undirected,3
127781,308403,Undirected,3
185943,342076,Undirected,3
186453,248995,Undirected,9
186453,294211,Undirected,3
186453,308403,Undirected,4
2839,67782,Undirected,3
320864,386334,Undirected,3
88686,109290,Undirected,3
7836,104215,Undirected,4
7836,177726,Undirected,10
7836,271187,Undirected,5
7836,352462,Undirected,4
104215,182143,Undirected,3
104215,271187,Undirected,7
104215,352462,Undirected,6
177726,271187,Undirected,3
177726,352462,Undirected,6
182143,271187,Undirected,3
182143,352462,Undirected,4
271187,352462,Undirected,9
271187,388627,Undirected,3
352462,356099,Undirected,5
352462,388627,Undirected,4
7836,217586,Undirected,4
7836,394591,Undirected,3
20511,217586,Undirected,5
20511,271187,Undirected,3
20511,394591,Undirected,3
217586,271187,Undirected,13
217586,352462,Undirected,14
217586,356099,Undirected,8
217586,394591,Undirected,10
271187,394591,Undirected,8
335508,352462,Undirected,3
352462,394591,Undirected,4
185943,280845,Undirected,5
185943,283924,Undirected,8
185943,352462,Undirected,3
185943,363095,Undirected,4
185943,394591,Undirected,3
217586,280845,Undirected,5
217586,308403,Undirected,10
217586,363095,Undirected,8
268504,280845,Undirected,3
268504,308403,Undirected,5
268504,352462,Undirected,3
280845,283924,Undirected,4
280845,308403,Undirected,9
280845,394591,Undirected,3
283924,308403,Undirected,5
283924,352462,Undirected,7
283924,356099,Undirected,3
283924,363095,Undirected,3
308403,352462,Undirected,6
308403,363095,Undirected,4
352462,363095,Undirected,6
363095,394591,Undirected,5
137228,145320,Undirected,3
137228,388627,Undirected,5
145320,283924,Undirected,4
145320,388627,Undirected,3
177726,283924,Undirected,9
217586,388627,Undirected,4
225942,283924,Undirected,6
283924,388627,Undirected,4
7836,283924,Undirected,7
7836,323117,Undirected,7
104215,217586,Undirected,8
104215,283924,Undirected,5
104215,301686,Undirected,4
104215,394591,Undirected,3
217586,301686,Undirected,3
217586,323117,Undirected,6
271187,283924,Undirected,4
283924,323117,Undirected,9
301686,323117,Undirected,4
301686,394591,Undirected,3
323117,394591,Undirected,3
168284,301611,Undirected,6
305129,386334,Undirected,4
138621,162395,Undirected,3
147500,385345,Undirected,6
76850,182143,Undirected,5
76850,217586,Undirected,16
76850,352462,Undirected,9
76850,363095,Undirected,5
76850,394591,Undirected,4
104215,363095,Undirected,3
182143,217586,Undirected,4
271187,363095,Undirected,4
132318,340409,Undirected,4
2898,240641,Undirected,7
2898,312102,Undirected,4
46061,75027,Undirected,4
46061,312102,Undirected,3
75027,240641,Undirected,5
51520,179685,Undirected,3
42676,296873,Undirected,3
186737,296873,Undirected,3
47428,100297,Undirected,8
173165,200620,Undirected,3
370340,372128,Undirected,6
254801,310307,Undirected,3
128322,222698,Undirected,3
305073,332338,Undirected,5
91757,235969,Undirected,5
271615,380203,Undirected,3
44079,325595,Undirected,4
170256,325595,Undirected,3
282166,296872,Undirected,3
296872,388082,Undirected,3
73897,127554,Undirected,3
73897,382629,Undirected,3
127554,382629,Undirected,7
97433,221312,Undirected,4
79627,144511,Undirected,3
2320,372110,Undirected,3
236273,299988,Undirected,3
4690,133127,Undirected,3
4690,184801,Undirected,3
133127,139607,Undirected,3
184801,300396,Undirected,3
213958,257202,Undirected,6
213958,258027,Undirected,3
89176,327059,Undirected,3
227727,327059,Undirected,11
292817,327059,Undirected,3
20873,183734,Undirected,3
20873,257171,Undirected,4
183734,257171,Undirected,3
44840,312955,Undirected,3
50455,252331,Undirected,4
50455,291725,Undirected,3
50455,353349,Undirected,6
252331,312955,Undirected,5
252331,353349,Undirected,4
291725,353349,Undirected,6
178333,308507,Undirected,3
313928,355570,Undirected,6
355570,371224,Undirected,4
134124,383697,Undirected,3
378909,383697,Undirected,5
76185,123761,Undirected,3
177607,226130,Undirected,4
177607,387979,Undirected,5
177607,392537,Undirected,5
226130,387979,Undirected,4
226130,392537,Undirected,4
387979,392537,Undirected,5
49678,331198,Undirected,4
49696,323042,Undirected,5
49696,331198,Undirected,4
227120,331198,Undirected,4
35250,88686,Undirected,3
71996,332338,Undirected,3
85129,384685,Undirected,3
103649,295714,Undirected,3
189507,318459,Undirected,3
40689,52687,Undirected,4
40689,114048,Undirected,4
214262,350370,Undirected,6
60870,294974,Undirected,4
161410,359594,Undirected,4
78873,235261,Undirected,3
128933,382495,Undirected,3
182756,354676,Undirected,3
88686,115391,Undirected,4
19574,161972,Undirected,3
9650,160378,Undirected,3
43430,160378,Undirected,3
4267,300455,Undirected,3
96349,332034,Undirected,4
112681,124210,Undirected,3
112681,169593,Undirected,3
104354,112863,Undirected,5
104354,172828,Undirected,5
104354,194540,Undirected,5
104354,227960,Undirected,3
104354,230135,Undirected,5
104354,350591,Undirected,5
104354,388956,Undirected,5
112863,172828,Undirected,8
112863,194540,Undirected,8
112863,227960,Undirected,3
112863,230135,Undirected,5
112863,350591,Undirected,5
112863,388956,Undirected,6
172828,194540,Undirected,8
172828,227960,Undirected,3
172828,230135,Undirected,5
172828,350591,Undirected,5
172828,388956,Undirected,6
194540,227960,Undirected,3
194540,230135,Undirected,5
194540,350591,Undirected,5
194540,388956,Undirected,6
227960,230135,Undirected,3
227960,350591,Undirected,3
227960,388956,Undirected,3
230135,350591,Undirected,5
230135,388956,Undirected,5
350591,388956,Undirected,5
35461,328284,Undirected,4
43964,271694,Undirected,3
43964,328284,Undirected,4
328284,373435,Undirected,5
168997,242796,Undirected,3
247830,318907,Undirected,3
318907,385306,Undirected,3
318907,387024,Undirected,3
87542,88994,Undirected,3
42528,71785,Undirected,8
42528,127634,Undirected,11
42528,363225,Undirected,8
71785,127634,Undirected,6
127634,363225,Undirected,4
131309,173968,Undirected,5
135224,185959,Undirected,3
27076,249491,Undirected,9
27076,371340,Undirected,3
286011,301874,Undirected,4
65916,277882,Undirected,3
65916,319603,Undirected,3
78366,336503,Undirected,3
160436,263781,Undirected,3
156968,324594,Undirected,3
213840,370163,Undirected,3
141401,264738,Undirected,3
141401,288042,Undirected,3
264738,288042,Undirected,3
264738,338259,Undirected,4
47428,325978,Undirected,4
243501,325978,Undirected,3
154973,308384,Undirected,7
284269,297393,Undirected,3
108156,251163,Undirected,3
40372,111274,Undirected,4
70549,221567,Undirected,3
45620,289071,Undirected,3
289071,343036,Undirected,3
140538,370529,Undirected,3
42522,49689,Undirected,3
49924,269310,Undirected,3
68004,68867,Undirected,22
68004,100571,Undirected,11
68004,102494,Undirected,3
68004,132500,Undirected,4
68004,190459,Undirected,7
68004,266032,Undirected,8
68004,269310,Undirected,7
68004,301043,Undirected,6
68867,100571,Undirected,15
68867,190459,Undirected,6
68867,266032,Undirected,6
68867,301043,Undirected,8
100571,266032,Undirected,11
100571,269310,Undirected,4
100571,301043,Undirected,5
132500,190459,Undirected,3
132500,269310,Undirected,4
190459,266032,Undirected,3
190459,269310,Undirected,4
190459,301043,Undirected,5
266032,269310,Undirected,3
269310,301043,Undirected,4
28964,263169,Undirected,3
207136,263169,Undirected,3
207136,311312,Undirected,3
263169,311312,Undirected,7
41042,264897,Undirected,5
122222,264897,Undirected,4
264897,363225,Undirected,5
264897,383924,Undirected,4
136644,340219,Undirected,3
272084,295248,Undirected,6
272084,340219,Undirected,7
295248,340219,Undirected,7
45514,137228,Undirected,10
45514,219695,Undirected,8
83362,137228,Undirected,8
83362,265227,Undirected,3
117661,219695,Undirected,3
137228,219695,Undirected,9
137228,265227,Undirected,3
137228,281877,Undirected,3
137228,352462,Undirected,4
95035,326758,Undirected,3
23921,363378,Undirected,3
45875,248752,Undirected,3
248752,363378,Undirected,3
13328,156946,Undirected,3
13328,274782,Undirected,4
108672,338884,Undirected,3
53364,217586,Undirected,3
53364,301686,Undirected,9
112978,217586,Undirected,4
112978,271187,Undirected,4
112978,301686,Undirected,3
112978,394591,Undirected,3
50436,109749,Undirected,3
135212,305514,Undirected,4
135212,306770,Undirected,5
262896,305514,Undirected,4
262896,306770,Undirected,5
305514,306770,Undirected,5
37905,188322,Undirected,3
37905,315654,Undirected,3
47959,130855,Undirected,3
47959,252075,Undirected,3
83362,89827,Undirected,3
83362,217586,Undirected,4
83362,256631,Undirected,5
83362,268504,Undirected,3
83362,283924,Undirected,6
89827,137228,Undirected,15
89827,217586,Undirected,6
89827,297680,Undirected,7
137228,168572,Undirected,3
137228,256631,Undirected,5
168572,297680,Undirected,3
217586,256631,Undirected,12
256631,268504,Undirected,3
256631,283924,Undirected,13
256631,297680,Undirected,5
188654,385103,Undirected,5
188654,388392,Undirected,7
199850,218094,Undirected,3
218094,385103,Undirected,5
385103,388392,Undirected,6
109474,169669,Undirected,11
109474,255198,Undirected,11
109474,271108,Undirected,11
109474,355910,Undirected,11
169669,255198,Undirected,11
169669,271108,Undirected,10
169669,355910,Undirected,12
255198,271108,Undirected,10
255198,355910,Undirected,10
271108,355910,Undirected,10
184847,265231,Undirected,10
184847,296931,Undirected,3
184847,352462,Undirected,3
184847,382296,Undirected,8
265231,352462,Undirected,3
265231,363095,Undirected,6
265231,382296,Undirected,4
296931,382296,Undirected,4
70506,222015,Undirected,4
70506,373024,Undirected,4
70506,373435,Undirected,4
222015,373024,Undirected,3
104329,314666,Undirected,3
105631,140941,Undirected,4
140941,323230,Undirected,3
49924,364427,Undirected,3
49924,364509,Undirected,3
49924,376647,Undirected,4
91972,174366,Undirected,8
91972,174898,Undirected,4
91972,337116,Undirected,3
174366,174898,Undirected,7
174366,337116,Undirected,5
174366,364427,Undirected,4
178742,376647,Undirected,3
337116,364427,Undirected,3
337116,364509,Undirected,4
337116,376647,Undirected,3
364427,364509,Undirected,4
364427,376647,Undirected,4
364509,376647,Undirected,3
2520,126604,Undirected,3
2520,219695,Undirected,15
2520,269310,Undirected,8
2520,283475,Undirected,5
2520,301043,Undirected,6
2520,371402,Undirected,5
35437,64602,Undirected,5
35437,126604,Undirected,3
35437,371402,Undirected,6
64602,371402,Undirected,3
126604,371402,Undirected,4
219695,364509,Undirected,3
269310,364509,Undirected,5
269310,371402,Undirected,5
35437,376647,Undirected,3
100571,255594,Undirected,6
100571,364509,Undirected,3
188322,364509,Undirected,3
249865,255594,Undirected,4
249865,364427,Undirected,3
255594,376647,Undirected,3
125934,352977,Undirected,3
140538,222481,Undirected,3
205621,222481,Undirected,5
22112,256300,Undirected,3
321360,323909,Undirected,5
281933,311065,Undirected,3
154922,314666,Undirected,4
193626,314666,Undirected,4
42117,264908,Undirected,3
90439,167054,Undirected,4
90439,196643,Undirected,5
90439,352462,Undirected,4
107654,184847,Undirected,7
149801,184847,Undirected,4
149801,296745,Undirected,3
149801,308403,Undirected,3
167054,184847,Undirected,5
167054,196643,Undirected,3
167054,296745,Undirected,6
167054,308403,Undirected,6
184847,296745,Undirected,10
196643,296745,Undirected,6
196643,308403,Undirected,7
296745,352462,Undirected,7
12408,285401,Undirected,3
21967,382231,Undirected,5
252178,382231,Undirected,5
88307,108837,Undirected,3
95219,287725,Undirected,3
27775,88572,Undirected,6
47577,140606,Undirected,3
88572,140606,Undirected,3
38707,209474,Undirected,9
38707,212830,Undirected,5
38707,256330,Undirected,8
38707,263532,Undirected,6
38707,363880,Undirected,9
209474,212830,Undirected,9
209474,256330,Undirected,10
209474,263532,Undirected,6
212830,256330,Undirected,5
212830,263532,Undirected,3
212830,363880,Undirected,7
256330,263532,Undirected,6
256330,363880,Undirected,11
263532,363880,Undirected,6
164206,209016,Undirected,3
35461,288838,Undirected,5
54081,271694,Undirected,5
89641,288838,Undirected,3
271694,288838,Undirected,3
6426,93203,Undirected,3
49320,49815,Undirected,3
122881,369201,Undirected,3
186229,375487,Undirected,4
178169,389792,Undirected,3
44185,50256,Undirected,5
44185,128404,Undirected,4
44185,185166,Undirected,4
44185,296270,Undirected,3
44185,322171,Undirected,6
50256,296270,Undirected,3
296270,322171,Undirected,3
95686,116401,Undirected,4
95686,185327,Undirected,4
95686,287696,Undirected,4
116401,185327,Undirected,4
116401,287696,Undirected,4
185327,287696,Undirected,4
12261,46800,Undirected,3
12261,71342,Undirected,4
389792,392732,Undirected,4
54297,131474,Undirected,4
12699,333562,Undirected,3
12699,354320,Undirected,4
267231,281539,Undirected,3
235748,322361,Undirected,3
322361,354867,Undirected,4
17889,74401,Undirected,4
17889,187210,Undirected,4
17889,320821,Undirected,5
17889,348472,Undirected,4
74401,157965,Undirected,3
74401,187210,Undirected,4
74401,320821,Undirected,6
74401,348472,Undirected,4
122911,394041,Undirected,3
57954,294211,Undirected,3
158172,233189,Undirected,3
158172,294211,Undirected,5
158172,364329,Undirected,3
158172,374354,Undirected,3
233126,233189,Undirected,4
233126,294211,Undirected,11
233126,350189,Undirected,3
233126,374354,Undirected,5
233189,288071,Undirected,3
233189,294211,Undirected,7
233189,364329,Undirected,3
233189,374354,Undirected,5
288071,294211,Undirected,3
294211,350189,Undirected,8
294211,364329,Undirected,4
294211,374354,Undirected,6
17531,233126,Undirected,4
17531,350189,Undirected,4
17531,374354,Undirected,5
269532,294211,Undirected,3
17531,158172,Undirected,4
17531,233189,Undirected,4
95738,157030,Undirected,4
95738,233126,Undirected,3
95738,294211,Undirected,3
157030,374354,Undirected,3
342076,374354,Undirected,3
233126,268504,Undirected,3
73508,374776,Undirected,3
73508,225212,Undirected,4
225212,344024,Undirected,4
38920,204008,Undirected,3
127082,160207,Undirected,3
237769,260275,Undirected,3
241455,260275,Undirected,4
260275,292617,Undirected,4
260275,309052,Undirected,4
41522,125839,Undirected,5
41522,127336,Undirected,5
41522,213237,Undirected,4
59817,125839,Undirected,6
59817,127336,Undirected,6
59817,213237,Undirected,9
59817,252409,Undirected,7
125839,127336,Undirected,9
125839,213237,Undirected,8
125839,252409,Undirected,4
127336,213237,Undirected,8
127336,252409,Undirected,4
60114,249491,Undirected,8
133687,249491,Undirected,6
283927,313186,Undirected,3
283927,373274,Undirected,4
36009,296745,Undirected,5
76850,112978,Undirected,3
76850,296745,Undirected,12
104215,296745,Undirected,6
112978,296745,Undirected,7
112978,352462,Undirected,3
177726,296745,Undirected,6
217586,296745,Undirected,23
271187,296745,Undirected,8
261809,275736,Undirected,3
35977,222872,Undirected,3
35977,314666,Undirected,3
35977,384486,Undirected,3
35264,165622,Undirected,3
55184,165622,Undirected,3
3364,175349,Undirected,3
123662,223178,Undirected,3
123662,249604,Undirected,3
17910,150970,Undirected,4
17910,255099,Undirected,3
150970,255099,Undirected,3
269333,296873,Undirected,5
134758,197224,Undirected,3
127566,187913,Undirected,7
140538,187913,Undirected,4
169719,187913,Undirected,3
48844,248912,Undirected,3
160770,248912,Undirected,5
42800,116015,Undirected,4
42800,166312,Undirected,3
42800,273815,Undirected,4
116015,273815,Undirected,5
166312,273815,Undirected,3
27636,182297,Undirected,3
98119,355875,Undirected,3
47393,107471,Undirected,9
149835,186082,Undirected,3
149835,224485,Undirected,7
186082,224485,Undirected,4
224485,251138,Undirected,3
102962,308249,Undirected,3
102962,336436,Undirected,3
102962,358929,Undirected,6
42095,59805,Undirected,3
144101,355570,Undirected,3
144101,385041,Undirected,3
302056,355570,Undirected,3
1326,316439,Undirected,4
41810,296745,Undirected,4
68004,170072,Undirected,16
68004,296745,Undirected,23
170072,394591,Undirected,3
296745,394591,Undirected,8
80772,213958,Undirected,3
22523,339344,Undirected,4
22523,353500,Undirected,3
150970,166778,Undirected,3
213261,266933,Undirected,4
200534,227423,Undirected,3
9650,326253,Undirected,3
119637,261751,Undirected,3
72495,178527,Undirected,3
92505,313718,Undirected,3
166809,283927,Undirected,4
76850,283924,Undirected,5
76850,297680,Undirected,5
104215,256631,Undirected,3
104215,297680,Undirected,7
177726,186435,Undirected,3
177726,256631,Undirected,7
186435,256631,Undirected,3
256631,296745,Undirected,10
283924,296745,Undirected,13
296745,297680,Undirected,22
297680,352462,Undirected,7
42917,319373,Undirected,3
336651,390661,Undirected,4
114710,133749,Undirected,3
114710,296270,Undirected,5
2162,255838,Undirected,3
17991,205205,Undirected,5
163892,205205,Undirected,4
182870,205205,Undirected,6
63533,129463,Undirected,3
41840,259478,Undirected,4
85395,137095,Undirected,3
42800,302703,Undirected,3
48076,116015,Undirected,3
273815,302703,Undirected,3
54525,323328,Undirected,5
323328,329492,Undirected,3
187676,252286,Undirected,3
102519,386255,Undirected,3
265459,386255,Undirected,4
157941,287735,Undirected,3
195598,265530,Undirected,4
172875,330102,Undirected,3
166091,214267,Undirected,3
87632,296017,Undirected,4
315639,336651,Undirected,5
92040,389821,Undirected,3
6801,222872,Undirected,3
168023,188651,Undirected,4
196643,387163,Undirected,3
47959,71915,Undirected,3
47959,335365,Undirected,3
52181,219747,Undirected,3
98282,390631,Undirected,8
267776,306989,Undirected,3
306989,368731,Undirected,3
57685,260889,Undirected,9
354178,371901,Undirected,3
284382,394400,Undirected,3
83562,306066,Undirected,3
70065,227423,Undirected,3
44064,227727,Undirected,8
44064,236859,Undirected,4
44064,327059,Undirected,9
44064,353476,Undirected,7
96748,236859,Undirected,3
227727,236859,Undirected,3
227727,353476,Undirected,6
236859,292817,Undirected,3
236859,327059,Undirected,4
236859,353476,Undirected,3
327059,353476,Undirected,7
210297,291902,Undirected,3
210297,342278,Undirected,3
291902,342278,Undirected,4
291902,392776,Undirected,3
29000,217586,Undirected,3
29000,283924,Undirected,3
29000,308403,Undirected,4
185943,256631,Undirected,4
185943,323117,Undirected,3
256631,308403,Undirected,4
256631,323117,Undirected,3
308403,323117,Undirected,5
144289,297673,Undirected,4
144289,353583,Undirected,3
127566,262045,Undirected,3
244999,363251,Undirected,3
73484,92688,Undirected,3
73484,370979,Undirected,3
92688,370979,Undirected,6
265988,387456,Undirected,3
370979,387456,Undirected,3
183129,202684,Undirected,4
202684,224063,Undirected,4
89986,288977,Undirected,3
122396,319651,Undirected,3
41642,179516,Undirected,5
44417,386663,Undirected,3
118754,184715,Undirected,4
118754,386663,Undirected,3
118754,391912,Undirected,5
184715,386653,Undirected,5
184715,391912,Undirected,3
92103,362842,Undirected,4
249399,252152,Undirected,3
50868,110208,Undirected,3
40906,207243,Undirected,3
89827,167054,Undirected,3
89827,170072,Undirected,13
89827,248995,Undirected,6
89827,308403,Undirected,4
90776,137228,Undirected,4
90776,170072,Undirected,4
90776,248995,Undirected,3
90776,308403,Undirected,5
104215,137228,Undirected,5
104215,170072,Undirected,4
104215,308403,Undirected,8
137228,167054,Undirected,6
167054,170072,Undirected,9
167054,248995,Undirected,3
168572,170072,Undirected,3
68867,104215,Undirected,4
68867,256964,Undirected,3
68867,323117,Undirected,3
137228,301686,Undirected,3
144803,301686,Undirected,3
48822,296788,Undirected,3
100571,217586,Undirected,3
249549,249865,Undirected,3
67880,312955,Undirected,3
68910,265231,Undirected,5
68910,269310,Undirected,4
89827,265231,Undirected,3
265231,296447,Undirected,3
265231,297680,Undirected,6
265231,353446,Undirected,4
269310,296447,Undirected,4
296447,297680,Undirected,3
296447,312955,Undirected,3
283943,386653,Undirected,3
130221,162243,Undirected,4
118519,330000,Undirected,3
196646,330000,Undirected,4
68450,145619,Undirected,3
76185,89986,Undirected,3
160685,284510,Undirected,10
160685,338539,Undirected,10
284510,338539,Undirected,10
47908,70549,Undirected,3
70549,76185,Undirected,4
70549,167348,Undirected,3
276933,347565,Undirected,6
319849,342499,Undirected,3
91757,114710,Undirected,4
161528,323402,Undirected,3
252482,382179,Undirected,3
166744,262651,Undirected,3
56053,96909,Undirected,12
181741,316834,Undirected,3
23151,358358,Undirected,3
54360,57757,Undirected,3
54360,360183,Undirected,3
57757,358929,Undirected,4
102962,272560,Undirected,3
152982,358929,Undirected,3
19195,373081,Undirected,5
117661,149801,Undirected,3
117661,382296,Undirected,3
149801,382296,Undirected,7
351872,382296,Undirected,7
207118,315918,Undirected,3
61634,353355,Undirected,3
61769,95035,Undirected,8
61769,254801,Undirected,3
41642,65213,Undirected,3
140578,155223,Undirected,3
32781,291705,Undirected,8
291705,380202,Undirected,3
291705,380203,Undirected,3
186844,388392,Undirected,4
281699,388392,Undirected,3
155813,257496,Undirected,6
81524,265231,Undirected,3
143729,315373,Undirected,3
143729,364509,Undirected,3
265231,315373,Undirected,3
265231,321393,Undirected,3
296931,312955,Undirected,4
296931,364509,Undirected,3
315373,353446,Undirected,4
184715,335121,Undirected,3
195615,258573,Undirected,3
22548,300380,Undirected,3
155927,300380,Undirected,3
278523,300380,Undirected,3
226921,230180,Undirected,3
243204,392293,Undirected,4
134649,190964,Undirected,3
126918,183215,Undirected,9
126918,253508,Undirected,9
126918,374544,Undirected,10
183215,253508,Undirected,10
183215,374544,Undirected,10
253508,374544,Undirected,9
35646,170910,Undirected,3
73187,110596,Undirected,3
73187,161144,Undirected,5
73187,218473,Undirected,6
73187,224606,Undirected,4
73187,290955,Undirected,4
73187,355347,Undirected,5
73187,379037,Undirected,4
110596,224606,Undirected,5
110596,290955,Undirected,3
110596,355347,Undirected,6
161144,218473,Undirected,7
161144,224606,Undirected,3
161144,290955,Undirected,3
161144,355347,Undirected,6
161144,379037,Undirected,6
218473,224606,Undirected,4
218473,290955,Undirected,4
218473,355347,Undirected,4
218473,379037,Undirected,5
224606,290955,Undirected,3
224606,355347,Undirected,5
224606,379037,Undirected,4
290955,355347,Undirected,3
290955,379037,Undirected,4
355347,379037,Undirected,4
354317,373024,Undirected,3
168284,316278,Undirected,4
301611,338045,Undirected,4
9992,25122,Undirected,3
9992,205205,Undirected,4
25122,209344,Undirected,3
205205,209344,Undirected,7
107413,212389,Undirected,3
114890,212389,Undirected,3
101192,127634,Undirected,3
127634,267363,Undirected,3
183125,198793,Undirected,3
42104,43876,Undirected,4
42104,53084,Undirected,3
42104,110482,Undirected,4
42104,125988,Undirected,4
42104,202869,Undirected,3
43876,110482,Undirected,3
43876,125988,Undirected,3
43876,167152,Undirected,3
43876,202869,Undirected,3
53084,110482,Undirected,3
110482,125988,Undirected,4
110482,202869,Undirected,3
110482,367782,Undirected,3
125988,202869,Undirected,3
202869,367782,Undirected,3
46372,393769,Undirected,3
43597,209034,Undirected,3
209034,305688,Undirected,3
96846,112681,Undirected,3
96846,371816,Undirected,3
112681,239773,Undirected,4
90643,160925,Undirected,5
90643,382275,Undirected,3
44079,359214,Undirected,3
78857,252286,Undirected,3
166091,306045,Undirected,3
79231,136110,Undirected,3
97964,136110,Undirected,3
308,205205,Undirected,3
205205,222202,Undirected,3
222757,283077,Undirected,3
2898,284715,Undirected,3
70506,321603,Undirected,3
321603,373435,Undirected,6
139963,368258,Undirected,5
12525,33044,Undirected,3
33044,159402,Undirected,3
124735,318564,Undirected,4
134078,252334,Undirected,3
158135,185474,Undirected,9
158135,314666,Undirected,3
158135,384486,Undirected,3
185474,363168,Undirected,3
252334,384486,Undirected,3
318564,363168,Undirected,3
25521,256932,Undirected,3
94275,356176,Undirected,4
188322,355570,Undirected,9
35526,133498,Undirected,7
35526,186752,Undirected,10
41642,186752,Undirected,5
41642,239596,Undirected,6
133498,147928,Undirected,6
133498,239596,Undirected,9
133498,278192,Undirected,3
147928,186752,Undirected,6
147928,252334,Undirected,3
239596,278192,Undirected,3
278192,314666,Undirected,3
278192,323584,Undirected,12
53084,61809,Undirected,3
131329,356176,Undirected,3
91880,305129,Undirected,3
235665,386334,Undirected,3
3589,182870,Undirected,6
3589,205205,Undirected,3
3589,212389,Undirected,3
3589,346153,Undirected,5
3589,348879,Undirected,3
146555,182870,Undirected,3
182870,212389,Undirected,3
182870,348879,Undirected,4
205205,212389,Undirected,5
205205,348879,Undirected,5
346153,348879,Undirected,3
238686,382801,Undirected,3
68004,137228,Undirected,19
68004,179166,Undirected,3
68004,221945,Undirected,4
68004,337399,Undirected,3
68867,170072,Undirected,26
68867,179166,Undirected,6
68867,221945,Undirected,7
68867,337399,Undirected,4
100571,179166,Undirected,3
100571,221945,Undirected,4
100571,337399,Undirected,9
137228,221945,Undirected,5
137228,301043,Undirected,4
137228,337399,Undirected,5
170072,179166,Undirected,4
170072,221945,Undirected,7
170072,301043,Undirected,6
179166,221945,Undirected,3
179166,296745,Undirected,5
221945,296745,Undirected,5
221945,301043,Undirected,4
296745,301043,Undirected,7
296745,337399,Undirected,4
2520,107498,Undirected,5
2520,167054,Undirected,9
2520,196643,Undirected,5
2520,317559,Undirected,6
45514,167054,Undirected,3
45514,317559,Undirected,6
107498,317559,Undirected,3
196643,301043,Undirected,3
196643,317559,Undirected,6
41810,137228,Undirected,5
41810,249865,Undirected,3
41810,317559,Undirected,3
117661,249865,Undirected,4
137228,317559,Undirected,6
137228,341153,Undirected,5
137228,382296,Undirected,8
248995,249865,Undirected,8
248995,382296,Undirected,6
249865,308403,Undirected,4
249865,341153,Undirected,6
308403,341153,Undirected,5
308403,382296,Undirected,8
311726,382296,Undirected,3
317559,341153,Undirected,3
317559,382296,Undirected,3
341153,382296,Undirected,8
110280,308403,Undirected,4
117661,350189,Undirected,3
179166,190459,Undirected,5
179166,294211,Undirected,5
179166,296447,Undirected,3
190459,233126,Undirected,4
190459,294211,Undirected,6
233126,308403,Undirected,4
294211,296447,Undirected,4
296447,308403,Undirected,3
301043,350189,Undirected,3
308403,350189,Undirected,4
17531,382296,Undirected,3
186453,350189,Undirected,3
255122,382296,Undirected,3
64234,109264,Undirected,3
64234,344055,Undirected,4
107654,109264,Undirected,3
107654,190459,Undirected,3
107654,255122,Undirected,3
107654,266032,Undirected,5
107654,382296,Undirected,11
109264,255122,Undirected,3
109264,382296,Undirected,3
190459,344055,Undirected,3
344055,364514,Undirected,3
185474,281327,Undirected,4
24517,137038,Undirected,3
137038,250792,Undirected,4
2520,267109,Undirected,3
2520,312955,Undirected,12
178599,179166,Undirected,3
178599,182296,Undirected,3
178599,267109,Undirected,4
179166,267109,Undirected,3
182296,252331,Undirected,4
182296,312955,Undirected,3
267109,312955,Undirected,4
42763,316784,Undirected,3
42763,346542,Undirected,4
90234,326865,Undirected,3
244978,336041,Undirected,3
41810,68867,Undirected,4
41810,100571,Undirected,3
41810,337399,Undirected,3
68004,297680,Undirected,8
100571,297680,Undirected,10
137228,269310,Undirected,8
255874,337399,Undirected,3
269310,296745,Undirected,8
2520,249865,Undirected,5
45514,249865,Undirected,9
45514,300222,Undirected,7
45514,308403,Undirected,6
137228,196643,Undirected,8
137228,283475,Undirected,3
196643,249865,Undirected,9
196643,300222,Undirected,6
248995,257795,Undirected,3
58205,132500,Undirected,7
132500,294211,Undirected,6
132500,350189,Undirected,3
248995,296447,Undirected,3
73201,327658,Undirected,3
169481,333049,Undirected,3
147928,363168,Undirected,3
181600,363168,Undirected,3
320298,327489,Undirected,3
190193,350300,Undirected,3
2520,58205,Undirected,9
2520,68004,Undirected,16
2520,132500,Undirected,6
2520,190459,Undirected,4
2520,296745,Undirected,30
2520,336876,Undirected,6
58205,68004,Undirected,5
58205,68867,Undirected,7
58205,137228,Undirected,11
58205,190459,Undirected,4
58205,296745,Undirected,14
58205,297680,Undirected,8
68004,336876,Undirected,3
68867,336876,Undirected,3
132500,137228,Undirected,7
132500,297680,Undirected,3
137228,190459,Undirected,7
137228,336876,Undirected,6
190459,296745,Undirected,7
190459,297680,Undirected,3
297680,336876,Undirected,5
167306,338863,Undirected,5
88686,118519,Undirected,4
88686,319373,Undirected,3
118519,319373,Undirected,5
68867,177726,Undirected,4
68867,256631,Undirected,6
83362,269310,Undirected,3
7280,315886,Undirected,3
315886,353948,Undirected,5
269309,355729,Undirected,3
45453,209369,Undirected,6
212189,232520,Undirected,3
124946,353071,Undirected,3
287957,301874,Undirected,4
287957,353071,Undirected,3
127269,267548,Undirected,4
99144,137279,Undirected,3
62454,371357,Undirected,3
111384,160770,Undirected,6
69837,88096,Undirected,11
69837,185933,Undirected,10
88096,185933,Undirected,10
90439,382187,Undirected,3
99162,261809,Undirected,3
178122,312683,Undirected,4
101345,318399,Undirected,3
23870,261751,Undirected,3
71785,119637,Undirected,7
119637,264897,Undirected,6
183125,342816,Undirected,3
198793,342816,Undirected,7
264246,264880,Undirected,9
264880,306017,Undirected,4
3589,218132,Undirected,4
182870,194067,Undirected,4
205205,218132,Undirected,3
39650,194842,Undirected,6
58205,126604,Undirected,3
68004,88958,Undirected,3
68004,126604,Undirected,3
68004,345025,Undirected,5
88958,137228,Undirected,3
35264,88432,Undirected,3
35264,160958,Undirected,3
35264,296017,Undirected,5
87632,122391,Undirected,3
87632,160958,Undirected,4
88432,122391,Undirected,3
88432,160958,Undirected,3
88432,296017,Undirected,5
122391,160958,Undirected,3
122391,296017,Undirected,4
160958,296017,Undirected,5
165622,296017,Undirected,3
42528,118289,Undirected,6
42528,264897,Undirected,5
42528,268889,Undirected,3
42528,308468,Undirected,4
71785,118289,Undirected,5
71785,268889,Undirected,4
118289,264897,Undirected,7
118289,363225,Undirected,3
264897,268889,Undirected,3
268889,308468,Undirected,3
268889,363225,Undirected,3
2616,194488,Undirected,3
12134,294055,Undirected,10
175410,364800,Undirected,3
29080,47959,Undirected,4
29080,209253,Undirected,3
60763,75112,Undirected,9
60763,209807,Undirected,8
60763,286969,Undirected,9
75112,209807,Undirected,9
75112,286969,Undirected,10
209807,286969,Undirected,10
42400,93706,Undirected,3
50125,220860,Undirected,3
199864,317436,Undirected,3
120389,387024,Undirected,3
19331,137095,Undirected,4
22112,148943,Undirected,3
182333,234168,Undirected,3
324807,349740,Undirected,3
171755,187705,Undirected,3
181938,387004,Undirected,3
183433,331029,Undirected,3
216884,331029,Undirected,3
356175,371276,Undirected,3
127590,133377,Undirected,6
118519,130971,Undirected,3
128506,222848,Undirected,3
44064,90499,Undirected,4
90499,327059,Undirected,4
90499,353476,Undirected,3
118197,119692,Undirected,3
118197,265643,Undirected,4
118197,305367,Undirected,4
118197,374581,Undirected,3
119692,265643,Undirected,3
119692,305367,Undirected,3
119692,374581,Undirected,3
265643,305367,Undirected,4
265643,374581,Undirected,3
305367,374581,Undirected,3
112978,297680,Undirected,4
271187,297680,Undirected,3
20491,285401,Undirected,3
140941,296097,Undirected,3
295270,353597,Undirected,4
35526,306188,Undirected,3
1142,264846,Undirected,6
1142,266422,Undirected,4
264846,266422,Undirected,11
28079,303722,Undirected,3
51438,239773,Undirected,4
51438,301130,Undirected,5
234290,239773,Undirected,4
239773,301130,Undirected,3
138874,222848,Undirected,3
197731,222848,Undirected,3
310005,386038,Undirected,3
38707,370619,Undirected,5
209474,370619,Undirected,6
256330,370619,Undirected,4
263532,370619,Undirected,3
363880,370619,Undirected,5
107967,122576,Undirected,4
94008,300749,Undirected,3
221472,373081,Undirected,7
50376,301130,Undirected,3
301130,311729,Undirected,3
311729,347706,Undirected,3
51438,284016,Undirected,3
160629,234290,Undirected,3
234290,386274,Undirected,3
283927,316784,Undirected,3
220000,257959,Undirected,3
316235,326594,Undirected,4
77950,201450,Undirected,3
14144,20970,Undirected,3
14144,249865,Undirected,5
14144,275540,Undirected,6
14144,338543,Undirected,5
14144,353427,Undirected,4
20970,249865,Undirected,5
20970,297680,Undirected,4
20970,338543,Undirected,3
249865,275540,Undirected,4
249865,297680,Undirected,4
249865,338543,Undirected,5
269310,275540,Undirected,3
275540,338543,Undirected,3
297680,353427,Undirected,3
338543,353427,Undirected,3
223178,367854,Undirected,6
23870,74281,Undirected,3
23870,101192,Undirected,3
23870,127634,Undirected,4
23870,359341,Undirected,3
74281,127634,Undirected,5
127634,199037,Undirected,5
127634,359341,Undirected,4
199037,310472,Undirected,3
233491,372540,Undirected,3
28446,190186,Undirected,4
28446,290955,Undirected,11
190186,290955,Undirected,4
128322,137279,Undirected,3
137279,218656,Undirected,4
218656,372540,Undirected,3
97433,328794,Undirected,4
166789,213958,Undirected,5
166789,371359,Undirected,3
222481,361672,Undirected,3
328794,361672,Undirected,3
239860,248998,Undirected,4
80001,219720,Undirected,3
161659,314163,Undirected,26
128298,376521,Undirected,5
353434,376521,Undirected,4
361672,376521,Undirected,4
91311,326776,Undirected,6
142452,234528,Undirected,3
154676,267148,Undirected,3
267148,342262,Undirected,3
301241,330737,Undirected,3
52041,107654,Undirected,5
52041,184847,Undirected,6
52041,219695,Undirected,4
52041,269310,Undirected,5
52041,312955,Undirected,3
52041,353349,Undirected,6
52041,382296,Undirected,3
107654,219695,Undirected,13
107654,269310,Undirected,9
107654,353349,Undirected,14
184847,269310,Undirected,4
184847,312955,Undirected,8
219695,264278,Undirected,3
219695,353349,Undirected,15
219695,382296,Undirected,8
269310,353349,Undirected,11
269310,382296,Undirected,7
353349,382296,Undirected,7
64120,182393,Undirected,3
88280,90568,Undirected,3
88280,366312,Undirected,3
90568,366312,Undirected,3
103095,333897,Undirected,3
175618,209344,Undirected,3
65296,117771,Undirected,3
50455,107498,Undirected,3
107498,353349,Undirected,6
149801,252331,Undirected,3
272258,388044,Undirected,3
53364,330233,Undirected,5
53364,336674,Undirected,24
330233,336674,Undirected,6
97282,330938,Undirected,4
23151,210910,Undirected,5
23151,305688,Undirected,4
23151,319192,Undirected,6
64120,305688,Undirected,3
156560,209034,Undirected,3
209034,210910,Undirected,3
210910,305688,Undirected,6
210910,319192,Undirected,6
305688,319192,Undirected,5
54360,193273,Undirected,5
9530,209344,Undirected,4
42387,68450,Undirected,3
48839,171382,Undirected,4
176021,325066,Undirected,3
29000,195242,Undirected,4
29000,286230,Undirected,3
195242,256631,Undirected,3
195242,286230,Undirected,4
217586,286230,Undirected,6
286230,308403,Undirected,6
68527,103649,Undirected,4
68795,103649,Undirected,3
103649,174489,Undirected,3
103649,250394,Undirected,3
216642,296105,Undirected,3
245765,373080,Undirected,3
175272,213237,Undirected,11
175272,252409,Undirected,6
183753,213237,Undirected,8
183753,252409,Undirected,5
336263,339105,Undirected,3
50892,154973,Undirected,4
169006,330868,Undirected,3
196643,330868,Undirected,4
238130,330868,Undirected,3
98996,118104,Undirected,7
281589,295385,Undirected,3
295385,381529,Undirected,3
104354,171277,Undirected,3
104354,302478,Undirected,3
112863,171277,Undirected,3
112863,302478,Undirected,4
171277,172828,Undirected,3
171277,194540,Undirected,3
171277,230135,Undirected,3
171277,350591,Undirected,3
171277,388956,Undirected,3
172828,302478,Undirected,4
194540,302478,Undirected,4
230135,302478,Undirected,3
302478,350591,Undirected,3
302478,388956,Undirected,3
262858,373522,Undirected,3
79320,338731,Undirected,4
48822,214007,Undirected,4
48822,248995,Undirected,4
48822,291725,Undirected,3
48822,336542,Undirected,3
48822,353349,Undirected,6
81524,353349,Undirected,3
94839,214007,Undirected,3
214007,353349,Undirected,5
248995,265231,Undirected,8
248995,336542,Undirected,3
265231,353349,Undirected,15
265231,363096,Undirected,3
336542,353349,Undirected,3
353349,363096,Undirected,3
42847,245014,Undirected,3
287603,357663,Undirected,3
28981,275083,Undirected,3
72103,273034,Undirected,5
205205,225831,Undirected,4
225831,236131,Undirected,3
225831,348879,Undirected,9
236131,348879,Undirected,3
44781,297266,Undirected,3
140027,211534,Undirected,3
174985,371359,Undirected,3
90425,128298,Undirected,3
128298,172611,Undirected,3
222481,261631,Undirected,3
12525,201769,Undirected,4
8773,331198,Undirected,3
34987,58465,Undirected,3
34987,355871,Undirected,3
44055,87677,Undirected,3
44055,211297,Undirected,6
44055,250244,Undirected,4
44055,353655,Undirected,6
87677,211297,Undirected,6
87677,250244,Undirected,5
87677,353655,Undirected,6
211297,250244,Undirected,10
211297,353655,Undirected,14
250244,353655,Undirected,11
46061,390661,Undirected,3
155606,390661,Undirected,3
201342,390661,Undirected,6
12408,167786,Undirected,3
386495,391912,Undirected,4
42528,220747,Undirected,6
42528,359341,Undirected,6
220747,264897,Undirected,3
220747,359341,Undirected,3
220747,363225,Undirected,3
62635,191982,Undirected,3
979,299702,Undirected,3
47959,299702,Undirected,3
35461,321603,Undirected,3
43964,321603,Undirected,3
212722,271694,Undirected,3
270564,342661,Undirected,3
271694,342661,Undirected,3
52741,97503,Undirected,4
97503,169878,Undirected,3
97503,344202,Undirected,3
169878,344202,Undirected,4
96846,160224,Undirected,4
160224,234290,Undirected,7
237996,347732,Undirected,3
35526,198277,Undirected,5
2520,109264,Undirected,6
2520,184847,Undirected,10
109264,170072,Undirected,3
170072,265231,Undirected,8
170072,336876,Undirected,6
184847,256964,Undirected,5
184847,336876,Undirected,4
45183,285070,Undirected,3
57227,281068,Undirected,3
89260,238013,Undirected,3
166850,307479,Undirected,5
307479,337276,Undirected,3
138545,361190,Undirected,3
111970,214262,Undirected,3
97433,107736,Undirected,3
97433,371340,Undirected,4
53364,283924,Undirected,6
53364,297680,Undirected,4
53364,380970,Undirected,4
184847,283924,Undirected,5
184847,328188,Undirected,7
184847,376154,Undirected,3
184847,380970,Undirected,5
283924,328188,Undirected,17
283924,376154,Undirected,3
283924,380970,Undirected,4
297680,328188,Undirected,7
297680,376154,Undirected,3
297680,380970,Undirected,4
328188,376154,Undirected,3
118519,177032,Undirected,6
168836,177032,Undirected,4
168836,320821,Undirected,4
177032,320821,Undirected,5
228571,245978,Undirected,3
47959,257959,Undirected,4
41042,137038,Undirected,11
56,169816,Undirected,3
346531,354320,Undirected,3
42528,323003,Undirected,3
71785,323003,Undirected,3
127634,323003,Undirected,3
186514,234290,Undirected,3
234290,284660,Undirected,4
88572,89006,Undirected,7
234290,350370,Undirected,4
125687,169593,Undirected,5
58125,286011,Undirected,8
107736,127566,Undirected,3
246150,371359,Undirected,4
286011,371359,Undirected,10
14018,329328,Undirected,3
69993,151265,Undirected,4
69993,190663,Undirected,3
69993,194453,Undirected,4
69993,218343,Undirected,4
151265,190663,Undirected,6
151265,194453,Undirected,8
151265,218343,Undirected,8
190663,194453,Undirected,6
190663,218343,Undirected,6
194453,218343,Undirected,7
22523,386663,Undirected,3
234372,383375,Undirected,3
95881,218343,Undirected,3
161180,212758,Undirected,3
68910,137228,Undirected,4
68910,219695,Undirected,7
68910,394590,Undirected,3
109264,149801,Undirected,4
149801,219695,Undirected,3
219695,265231,Undirected,10
219695,394590,Undirected,4
329158,394590,Undirected,3
208542,314461,Undirected,3
53364,177726,Undirected,4
104215,380970,Undirected,3
145320,256631,Undirected,3
177726,380970,Undirected,4
184847,256631,Undirected,3
256631,380970,Undirected,4
308403,380970,Undirected,3
152074,167128,Undirected,3
167128,338320,Undirected,3
158373,301130,Undirected,3
57308,271256,Undirected,3
23870,42528,Undirected,3
42528,261751,Undirected,4
127634,220747,Undirected,4
127634,261751,Undirected,3
261751,359341,Undirected,4
137539,239843,Undirected,3
19195,221472,Undirected,3
160436,345840,Undirected,4
160419,297410,Undirected,3
295759,382629,Undirected,4
358401,368363,Undirected,3
91311,309568,Undirected,3
75178,140411,Undirected,3
140411,274653,Undirected,3
186410,326131,Undirected,3
190819,326131,Undirected,3
250747,274653,Undirected,3
250747,326131,Undirected,4
274653,326131,Undirected,3
337599,367834,Undirected,5
2152,132497,Undirected,8
2152,297431,Undirected,8
2152,299926,Undirected,6
132497,297431,Undirected,15
132497,299926,Undirected,6
297431,299926,Undirected,7
295733,301739,Undirected,3
114132,376400,Undirected,3
225319,376400,Undirected,5
179096,255132,Undirected,3
93565,188651,Undirected,3
168023,175349,Undirected,4
175349,188651,Undirected,4
109289,266554,Undirected,3
109289,364566,Undirected,3
144289,364566,Undirected,3
266554,349743,Undirected,3
349743,364566,Undirected,3
241849,265553,Undirected,5
74281,267363,Undirected,3
53364,195242,Undirected,3
195242,359408,Undirected,3
283927,299671,Undirected,5
283927,322361,Undirected,3
283927,346542,Undirected,4
68989,155556,Undirected,6
68989,183650,Undirected,6
68989,200957,Undirected,5
68989,221905,Undirected,6
155556,183650,Undirected,5
155556,200957,Undirected,5
155556,221905,Undirected,6
183650,200957,Undirected,5
183650,221905,Undirected,5
319,214163,Undirected,9
50189,214163,Undirected,10
149310,214163,Undirected,9
214163,283374,Undirected,8
237243,314830,Undirected,3
237243,375138,Undirected,3
32176,145619,Undirected,3
32176,191546,Undirected,3
68450,191546,Undirected,4
145619,191546,Undirected,5
82126,346448,Undirected,3
326131,371477,Undirected,3
92145,287927,Undirected,6
77530,134069,Undirected,3
252482,365438,Undirected,11
323096,342816,Undirected,3
25290,188013,Undirected,3
25290,284058,Undirected,3
25290,322171,Undirected,3
25290,346416,Undirected,3
12699,190276,Undirected,3
12699,371542,Undirected,5
314096,333562,Undirected,3
314096,371542,Undirected,3
333562,371542,Undirected,4
53539,197731,Undirected,3
347732,390050,Undirected,3
69516,203208,Undirected,3
175214,188654,Undirected,3
151860,265464,Undirected,3
267448,331278,Undirected,5
331278,334905,Undirected,3
96846,284660,Undirected,5
183031,369499,Undirected,3
284660,325978,Undirected,3
216642,370037,Undirected,3
52753,113945,Undirected,4
27489,127051,Undirected,4
27489,130150,Undirected,4
27489,210800,Undirected,4
27489,249865,Undirected,5
27489,319738,Undirected,8
27489,319988,Undirected,3
27489,353446,Undirected,3
87115,127051,Undirected,10
87115,130150,Undirected,4
87115,170072,Undirected,10
87115,210800,Undirected,7
87115,249865,Undirected,10
87115,319738,Undirected,16
87115,353446,Undirected,7
127051,130150,Undirected,6
127051,170072,Undirected,11
127051,210800,Undirected,5
127051,249865,Undirected,13
127051,319738,Undirected,12
127051,319988,Undirected,8
127051,353446,Undirected,8
130150,170072,Undirected,3
130150,210800,Undirected,3
130150,249865,Undirected,6
130150,319738,Undirected,19
130150,319988,Undirected,4
130150,353446,Undirected,5
170072,319738,Undirected,13
210800,319738,Undirected,14
210800,353446,Undirected,4
249865,319738,Undirected,11
249865,319988,Undirected,4
249865,353446,Undirected,6
319738,319988,Undirected,4
319738,353446,Undirected,5
140538,150153,Undirected,4
64385,342337,Undirected,3
263026,322595,Undirected,3
322595,342337,Undirected,4
197477,203748,Undirected,3
364661,370027,Undirected,3
111558,357000,Undirected,5
111558,360242,Undirected,6
357000,360242,Undirected,6
138624,266554,Undirected,3
267557,302964,Undirected,4
267557,370563,Undirected,4
7836,26983,Undirected,3
7836,167054,Undirected,3
26983,177726,Undirected,3
109189,291105,Undirected,3
177726,323117,Undirected,4
280845,323117,Undirected,4
301223,376483,Undirected,3
116388,260883,Undirected,3
116388,381487,Undirected,3
260883,381487,Undirected,3
29848,246509,Undirected,6
29848,272854,Undirected,3
272854,342816,Undirected,3
41042,308468,Undirected,5
122222,308468,Undirected,4
285510,308468,Undirected,4
308468,383924,Undirected,3
106815,357794,Undirected,3
32226,168119,Undirected,3
300380,315031,Undirected,3
323584,384486,Undirected,4
346542,380010,Undirected,4
124210,275333,Undirected,3
14144,248995,Undirected,5
14144,299188,Undirected,4
20970,299188,Undirected,3
248995,297680,Undirected,5
248995,299188,Undirected,5
248995,338543,Undirected,3
249865,299188,Undirected,5
297680,299188,Undirected,5
299188,338543,Undirected,3
299188,353427,Undirected,3
14144,294211,Undirected,3
20970,317559,Undirected,3
249865,294211,Undirected,4
2520,83362,Undirected,5
2520,261357,Undirected,6
58205,83362,Undirected,8
58205,170072,Undirected,9
58205,261357,Undirected,5
68004,83362,Undirected,4
68004,185943,Undirected,7
68004,261357,Undirected,4
83362,185943,Undirected,4
83362,261357,Undirected,5
126604,185943,Undirected,3
126604,261357,Undirected,3
170072,261357,Undirected,8
185943,261357,Undirected,12
58205,112169,Undirected,4
58205,269310,Undirected,3
83362,296745,Undirected,8
170072,256631,Undirected,3
170072,269310,Undirected,6
58205,217586,Undirected,3
58205,283924,Undirected,5
68867,89827,Undirected,14
89827,296745,Undirected,16
170072,217586,Undirected,6
170072,265227,Undirected,5
170072,283924,Undirected,4
217586,265227,Undirected,3
265227,296745,Undirected,4
58205,268504,Undirected,3
68867,225942,Undirected,4
225942,296745,Undirected,3
268504,296745,Undirected,6
196643,208585,Undirected,4
50451,160557,Undirected,5
134003,226462,Undirected,14
47428,362354,Undirected,3
6444,326112,Undirected,3
104362,326112,Undirected,4
186285,186752,Undirected,4
74326,385493,Undirected,5
45858,279047,Undirected,3
45858,285408,Undirected,5
14074,85934,Undirected,12
14074,87115,Undirected,10
14074,288793,Undirected,15
14074,312257,Undirected,8
14074,319738,Undirected,6
85934,87115,Undirected,4
85934,212072,Undirected,7
85934,288793,Undirected,11
85934,312257,Undirected,3
85934,319738,Undirected,4
85934,336342,Undirected,3
87115,108919,Undirected,3
87115,288793,Undirected,12
91972,319738,Undirected,4
212072,319738,Undirected,4
288793,319738,Undirected,20
312257,336342,Undirected,3
51438,92226,Undirected,3
216367,220822,Undirected,3
69568,108837,Undirected,3
32016,87115,Undirected,7
32016,127051,Undirected,11
32016,266571,Undirected,7
32016,319738,Undirected,8
87115,266571,Undirected,11
112169,266571,Undirected,3
112169,319738,Undirected,3
127051,212072,Undirected,6
127051,266571,Undirected,5
170072,266571,Undirected,4
210800,212072,Undirected,5
212072,249865,Undirected,4
249865,266571,Undirected,5
266571,319738,Undirected,10
10258,367326,Undirected,3
308,87737,Undirected,3
87737,202684,Undirected,4
2520,90776,Undirected,3
2520,186453,Undirected,4
2520,249549,Undirected,4
90776,256964,Undirected,3
90776,296745,Undirected,3
170072,186453,Undirected,3
170072,249549,Undirected,4
248995,249549,Undirected,3
249549,256964,Undirected,4
249549,296745,Undirected,3
199850,324362,Undirected,5
252821,262723,Undirected,3
34987,54160,Undirected,6
34987,139875,Undirected,3
54160,139875,Undirected,3
45858,148638,Undirected,4
45858,167147,Undirected,6
92044,129757,Undirected,3
92044,148638,Undirected,3
92044,165427,Undirected,3
92044,167147,Undirected,3
95130,167147,Undirected,4
129757,167147,Undirected,5
148638,167147,Undirected,4
165427,167147,Undirected,6
167147,345321,Undirected,6
7836,53364,Undirected,4
7836,68867,Undirected,3
7836,184847,Undirected,4
7836,380970,Undirected,4
26983,296745,Undirected,3
68867,184847,Undirected,8
68867,380970,Undirected,3
296745,380970,Undirected,3
323117,380970,Undirected,4
88572,95130,Undirected,5
88572,102379,Undirected,4
88572,356832,Undirected,3
213688,323137,Undirected,3
41042,250792,Undirected,7
41792,65626,Undirected,6
41792,94304,Undirected,29
41792,141402,Undirected,28
41792,154348,Undirected,14
41792,251574,Undirected,12
41792,264681,Undirected,13
41792,352598,Undirected,6
41792,385915,Undirected,14
65626,94304,Undirected,5
65626,141402,Undirected,5
65626,264681,Undirected,3
65626,385915,Undirected,3
94304,141402,Undirected,21
94304,154348,Undirected,9
94304,251574,Undirected,6
94304,264681,Undirected,8
94304,352598,Undirected,5
94304,385915,Undirected,7
141402,154348,Undirected,9
141402,251574,Undirected,11
141402,264681,Undirected,7
141402,352598,Undirected,4
141402,385915,Undirected,10
154348,251574,Undirected,4
154348,385915,Undirected,3
251574,264681,Undirected,6
251574,352598,Undirected,3
251574,385915,Undirected,8
264681,385915,Undirected,10
352598,385915,Undirected,3
252482,349740,Undirected,3
265459,355754,Undirected,5
344453,355754,Undirected,3
100297,120017,Undirected,3
77346,285266,Undirected,3
149588,161671,Undirected,5
149588,264738,Undirected,4
150845,161671,Undirected,4
150845,264738,Undirected,4
161671,295171,Undirected,4
264738,295171,Undirected,4
41792,137407,Undirected,21
41792,249883,Undirected,27
41792,326523,Undirected,16
65626,137407,Undirected,4
65626,249883,Undirected,5
65626,326523,Undirected,4
94304,137407,Undirected,11
94304,249883,Undirected,20
94304,326523,Undirected,12
137407,249883,Undirected,10
137407,264681,Undirected,6
137407,326523,Undirected,8
137407,385915,Undirected,5
249883,264681,Undirected,9
249883,326523,Undirected,11
249883,385915,Undirected,7
264681,326523,Undirected,7
326523,385915,Undirected,7
310973,314096,Undirected,3
120463,387024,Undirected,3
247830,342096,Undirected,3
86576,98077,Undirected,8
86576,120254,Undirected,6
86576,378902,Undirected,4
98077,378902,Undirected,4
120254,378902,Undirected,3
156698,185474,Undirected,7
156698,226819,Undirected,6
185474,226819,Undirected,8
6398,252482,Undirected,3
6398,318399,Undirected,5
190690,252348,Undirected,3
221709,252348,Undirected,4
96204,99281,Undirected,3
2520,107654,Undirected,9
2520,353349,Undirected,5
53364,107654,Undirected,5
107654,179166,Undirected,4
179166,219695,Undirected,3
179166,353349,Undirected,5
179166,353446,Undirected,3
219695,353446,Undirected,3
353349,353446,Undirected,3
131262,252274,Undirected,5
33044,156504,Undirected,3
31744,127181,Undirected,7
31744,187095,Undirected,7
31744,188028,Undirected,7
31744,301433,Undirected,7
127181,187095,Undirected,8
127181,188028,Undirected,13
127181,301433,Undirected,10
187095,188028,Undirected,10
187095,301433,Undirected,9
188028,301433,Undirected,11
210383,264542,Undirected,3
118612,132497,Undirected,4
118612,297431,Undirected,4
134003,296195,Undirected,4
134003,342816,Undirected,5
296195,325978,Undirected,3
173450,334851,Undirected,3
6234,186229,Undirected,3
186229,381555,Undirected,3
329303,334401,Undirected,3
93678,144265,Undirected,3
14074,127051,Undirected,15
14074,170072,Undirected,6
14074,219695,Undirected,7
14074,249865,Undirected,10
85934,127051,Undirected,11
85934,170072,Undirected,3
85934,249865,Undirected,5
127051,282525,Undirected,5
127051,288793,Undirected,11
170072,219695,Undirected,12
170072,282525,Undirected,3
170072,288793,Undirected,5
219695,233126,Undirected,4
219695,249865,Undirected,9
219695,282525,Undirected,3
219695,288793,Undirected,5
219695,312257,Undirected,3
249865,282525,Undirected,4
249865,288793,Undirected,7
112863,198753,Undirected,4
171277,198753,Undirected,4
172828,198753,Undirected,4
28446,193197,Undirected,3
17697,95389,Undirected,6
17697,166240,Undirected,7
95389,166240,Undirected,6
91614,209474,Undirected,5
91614,212830,Undirected,4
91614,256330,Undirected,4
91614,355248,Undirected,3
91614,363880,Undirected,8
209474,355248,Undirected,6
212830,355248,Undirected,5
256330,355248,Undirected,4
355248,363880,Undirected,5
8028,252482,Undirected,3
149835,160427,Undirected,3
149835,228490,Undirected,4
149835,250747,Undirected,3
149835,252482,Undirected,4
149835,326131,Undirected,5
160427,250747,Undirected,5
160427,252482,Undirected,3
215636,250747,Undirected,3
228490,274653,Undirected,3
228490,326131,Undirected,9
250747,252482,Undirected,5
252482,326131,Undirected,3
12134,299740,Undirected,3
294055,299740,Undirected,7
42395,50037,Undirected,7
42395,65296,Undirected,6
42395,209369,Undirected,8
42395,269333,Undirected,9
50037,65296,Undirected,7
50037,209369,Undirected,8
50037,269333,Undirected,10
181971,235883,Undirected,6
188192,235883,Undirected,5
86376,166598,Undirected,4
86376,318139,Undirected,4
166598,318139,Undirected,6
211028,301137,Undirected,3
118289,119637,Undirected,4
118289,383924,Undirected,4
119637,383924,Undirected,4
118519,219140,Undirected,3
76850,190645,Undirected,6
76850,296447,Undirected,4
217586,296447,Undirected,5
181492,314576,Undirected,3
16923,33318,Undirected,8
16923,74326,Undirected,3
16923,96909,Undirected,10
16923,119905,Undirected,9
16923,122211,Undirected,7
16923,205108,Undirected,8
16923,223428,Undirected,9
16923,289145,Undirected,6
16923,329871,Undirected,10
33318,74326,Undirected,4
33318,96909,Undirected,11
33318,119905,Undirected,11
33318,122211,Undirected,10
33318,205108,Undirected,11
33318,223428,Undirected,10
33318,289145,Undirected,5
33318,329871,Undirected,10
74326,96909,Undirected,7
74326,119905,Undirected,7
74326,122211,Undirected,4
74326,223428,Undirected,4
74326,289145,Undirected,3
74326,329871,Undirected,4
96909,119905,Undirected,14
96909,122211,Undirected,11
96909,205108,Undirected,18
96909,223428,Undirected,12
96909,329871,Undirected,15
119905,122211,Undirected,10
119905,205108,Undirected,12
119905,223428,Undirected,11
119905,289145,Undirected,6
119905,329871,Undirected,11
122211,205108,Undirected,10
122211,223428,Undirected,9
122211,289145,Undirected,4
122211,329871,Undirected,11
205108,329871,Undirected,11
223428,289145,Undirected,6
223428,329871,Undirected,12
289145,329871,Undirected,6
49924,371402,Undirected,3
186229,272854,Undirected,3
272854,381555,Undirected,4
44563,326131,Undirected,3
228490,319513,Undirected,4
319513,326131,Undirected,6
202684,338721,Undirected,8
118206,149835,Undirected,7
118206,224485,Undirected,4
118206,252482,Undirected,5
118206,326131,Undirected,5
224485,252482,Undirected,3
252482,288441,Undirected,3
314901,326131,Undirected,5
41102,200957,Undirected,4
41102,221472,Undirected,4
210790,322069,Undirected,3
50264,204982,Undirected,3
289675,338016,Undirected,4
234290,334401,Undirected,3
49588,250619,Undirected,3
34987,186737,Undirected,4
45453,186737,Undirected,3
117771,186737,Undirected,5
48982,166809,Undirected,3
166809,287706,Undirected,3
166809,354967,Undirected,3
36514,112789,Undirected,5
61488,96846,Undirected,4
61488,234290,Undirected,6
96846,186899,Undirected,3
227689,234290,Undirected,3
235748,283927,Undirected,3
235748,299671,Undirected,3
38012,140538,Undirected,4
97433,321874,Undirected,5
128298,321874,Undirected,8
128298,371359,Undirected,5
140538,321874,Undirected,3
321874,361672,Undirected,4
321874,371359,Undirected,4
25025,160551,Undirected,4
25025,200957,Undirected,3
25025,219650,Undirected,3
71520,160551,Undirected,3
160551,200957,Undirected,3
160551,219650,Undirected,3
200957,219650,Undirected,3
172756,205205,Undirected,5
172756,231951,Undirected,9
205205,231951,Undirected,6
13328,64900,Undirected,4
13328,69516,Undirected,4
13328,112863,Undirected,3
13328,283943,Undirected,6
13328,386495,Undirected,3
13328,386653,Undirected,3
64900,69516,Undirected,4
64900,112863,Undirected,3
64900,283943,Undirected,4
64900,386495,Undirected,3
69516,112863,Undirected,4
69516,283943,Undirected,6
69516,386495,Undirected,3
112863,283943,Undirected,3
112863,386495,Undirected,3
114187,156504,Undirected,3
44214,127476,Undirected,3
96349,127476,Undirected,7
96349,197472,Undirected,4
96349,234044,Undirected,4
127476,132431,Undirected,3
127476,197472,Undirected,5
127476,234044,Undirected,4
132431,197472,Undirected,6
197472,234044,Undirected,7
42395,323909,Undirected,3
50037,323909,Undirected,3
234290,342816,Undirected,7
12595,385264,Undirected,4
55486,110609,Undirected,3
55486,132745,Undirected,3
55486,160224,Undirected,4
110609,132745,Undirected,5
110609,160224,Undirected,5
110609,186514,Undirected,8
110609,234290,Undirected,3
110609,317987,Undirected,3
132745,160224,Undirected,6
132745,234290,Undirected,3
132745,317987,Undirected,5
160224,317987,Undirected,4
234290,317987,Undirected,3
118871,176909,Undirected,3
7698,323909,Undirected,3
92723,323909,Undirected,3
6444,35526,Undirected,3
35526,326112,Undirected,4
107136,305009,Undirected,4
87115,106634,Undirected,4
106634,127051,Undirected,3
106634,249865,Undirected,3
106634,319738,Undirected,3
266571,353446,Undirected,3
60665,103895,Undirected,13
60665,187913,Undirected,8
103895,187913,Undirected,6
103895,263741,Undirected,3
103895,285242,Undirected,9
187913,263741,Undirected,3
187913,272829,Undirected,4
187913,285242,Undirected,6
263741,285242,Undirected,3
295270,380320,Undirected,6
353597,380320,Undirected,3
295422,336490,Undirected,3
42147,249399,Undirected,3
112297,303001,Undirected,3
26054,201342,Undirected,4
169593,269622,Undirected,3
53043,189344,Undirected,3
114790,296873,Undirected,4
257202,376521,Undirected,3
376521,391334,Undirected,5
100297,176443,Undirected,4
126416,251252,Undirected,3
128298,237769,Undirected,3
128298,269401,Undirected,4
237769,269401,Undirected,4
707,177726,Undirected,4
707,296447,Undirected,4
707,297680,Undirected,3
707,328188,Undirected,8
7836,328188,Undirected,5
53364,75581,Undirected,20
75581,328188,Undirected,4
177726,296447,Undirected,3
177726,328188,Undirected,8
296447,328188,Undirected,5
2616,60114,Undirected,5
2616,82962,Undirected,8
2616,103052,Undirected,4
2616,144101,Undirected,4
2616,184574,Undirected,6
2616,239173,Undirected,4
2616,249491,Undirected,7
2616,291330,Undirected,6
60114,82962,Undirected,6
60114,103052,Undirected,4
60114,184574,Undirected,6
60114,239173,Undirected,4
60114,291330,Undirected,5
82962,103052,Undirected,5
82962,144101,Undirected,4
82962,184574,Undirected,7
82962,239173,Undirected,4
82962,249491,Undirected,8
82962,291330,Undirected,7
103052,184574,Undirected,4
103052,239173,Undirected,3
103052,249491,Undirected,4
103052,291330,Undirected,5
144101,184574,Undirected,3
144101,239173,Undirected,3
144101,249491,Undirected,4
144101,291330,Undirected,3
184574,239173,Undirected,4
184574,249491,Undirected,8
184574,291330,Undirected,6
239173,249491,Undirected,4
239173,291330,Undirected,3
249491,291330,Undirected,6
264387,265699,Undirected,3
78119,130211,Undirected,3
147041,174272,Undirected,3
249848,313968,Undirected,3
71718,75800,Undirected,4
71718,172952,Undirected,6
71718,223428,Undirected,4
71718,391334,Undirected,6
75800,105795,Undirected,4
75800,172952,Undirected,3
75800,391334,Undirected,4
93625,172952,Undirected,3
105795,172952,Undirected,4
105795,223428,Undirected,3
105795,391334,Undirected,4
172952,223428,Undirected,4
172952,391334,Undirected,5
223428,391334,Undirected,6
264552,285401,Undirected,3
178965,185474,Undirected,4
98949,267548,Undirected,3
127269,249491,Undirected,3
127269,350370,Undirected,5
267548,350370,Undirected,4
212319,231951,Undirected,3
222757,231951,Undirected,3
225831,231951,Undirected,3
225831,346153,Undirected,3
231951,348879,Undirected,3
94193,177085,Undirected,3
88431,161972,Undirected,5
40769,326131,Undirected,3
26054,183084,Undirected,3
26054,363766,Undirected,3
93678,220463,Undirected,14
98824,153488,Undirected,4
98824,220463,Undirected,3
98824,223602,Undirected,3
153488,220463,Undirected,3
153488,223602,Undirected,3
220463,223602,Undirected,5
28330,34033,Undirected,3
91822,313860,Undirected,3
297010,319691,Undirected,3
9137,75358,Undirected,3
9137,147098,Undirected,3
9137,184801,Undirected,3
9137,186906,Undirected,3
72469,75358,Undirected,4
72469,147098,Undirected,3
72469,184801,Undirected,3
72469,186906,Undirected,3
75358,147098,Undirected,3
75358,184801,Undirected,3
75358,186906,Undirected,3
147098,184801,Undirected,3
147098,186906,Undirected,3
184801,186906,Undirected,3
318399,365438,Undirected,6
282496,388077,Undirected,6
50083,68004,Undirected,5
50083,126604,Undirected,3
50083,185943,Undirected,4
50083,219695,Undirected,4
50083,261357,Undirected,3
50083,345025,Undirected,3
68004,219695,Undirected,11
91972,219695,Undirected,3
185943,219695,Undirected,3
185943,345025,Undirected,3
219695,336876,Undirected,3
219695,345025,Undirected,3
125687,303001,Undirected,3
169593,361965,Undirected,5
169783,308013,Undirected,3
303001,308013,Undirected,3
308013,361965,Undirected,4
14074,106634,Undirected,4
87115,174178,Undirected,5
87115,177453,Undirected,3
127051,174178,Undirected,4
174178,176846,Undirected,3
174178,319738,Undirected,5
176846,319738,Undirected,4
177453,319738,Undirected,3
109289,118086,Undirected,3
38731,361672,Undirected,3
97433,131301,Undirected,4
97433,317436,Undirected,6
131301,140538,Undirected,4
131301,166789,Undirected,4
131301,317436,Undirected,4
131301,361672,Undirected,5
140538,166789,Undirected,3
317436,328794,Undirected,3
196464,290955,Undirected,3
58465,272254,Undirected,4
67236,147500,Undirected,3
147500,272254,Undirected,5
7836,76970,Undirected,6
7836,190645,Undirected,6
76970,190645,Undirected,10
76970,323117,Undirected,4
190645,323117,Undirected,4
117661,127051,Undirected,3
117661,364512,Undirected,3
127051,255874,Undirected,5
130150,174178,Undirected,5
130150,255874,Undirected,4
255874,319738,Undirected,11
255874,319988,Undirected,3
255874,364512,Undirected,4
319738,364512,Undirected,5
27489,255874,Undirected,7
27489,266571,Undirected,4
32016,130150,Undirected,3
32016,319988,Undirected,5
130150,266571,Undirected,5
249865,255874,Undirected,10
255874,266571,Undirected,3
255874,353446,Undirected,3
249865,364512,Undirected,3
112169,255874,Undirected,3
170072,255874,Undirected,4
66084,219695,Undirected,4
66084,249865,Undirected,3
66084,317559,Undirected,5
100571,219695,Undirected,7
100571,288793,Undirected,10
100571,317559,Undirected,3
106634,219695,Undirected,3
219695,255874,Undirected,8
219695,269532,Undirected,9
219695,317559,Undirected,8
255874,269532,Undirected,6
255874,288793,Undirected,3
255874,317559,Undirected,9
269532,317559,Undirected,7
35526,127757,Undirected,4
35621,41642,Undirected,3
41642,127757,Undirected,4
41642,223487,Undirected,3
127757,239596,Undirected,3
29821,89080,Undirected,4
29821,391866,Undirected,3
89080,391866,Undirected,3
69598,109373,Undirected,3
69598,252309,Undirected,3
252309,374890,Undirected,3
188084,290217,Undirected,3
54160,117771,Undirected,5
37960,161659,Undirected,3
161659,174080,Undirected,25
9002,12156,Undirected,3
9002,47858,Undirected,3
9002,280237,Undirected,3
9002,297209,Undirected,3
9002,340167,Undirected,7
12156,47858,Undirected,3
12156,280237,Undirected,3
12156,297209,Undirected,3
12156,340167,Undirected,3
47858,280237,Undirected,3
47858,297209,Undirected,3
280237,297209,Undirected,3
280237,340167,Undirected,3
297209,340167,Undirected,3
68638,339696,Undirected,3
181938,337501,Undirected,3
44055,187349,Undirected,3
44055,370195,Undirected,5
169930,187349,Undirected,3
187349,250244,Undirected,5
27310,61809,Undirected,3
276058,282286,Undirected,3
28446,174627,Undirected,6
174627,290955,Undirected,6
160436,355570,Undirected,5
186410,302056,Undirected,3
233189,353349,Undirected,3
93203,364800,Undirected,4
92040,98085,Undirected,3
118519,157110,Undirected,3
208012,323096,Undirected,3
246150,385210,Undirected,3
222848,370340,Undirected,3
98085,284935,Undirected,3
98085,333719,Undirected,5
120079,284935,Undirected,3
120079,333719,Undirected,3
120079,353886,Undirected,3
284935,333719,Undirected,4
284935,353886,Undirected,3
333719,353886,Undirected,3
44507,185049,Undirected,4
44507,269534,Undirected,4
185049,223163,Undirected,4
185049,269534,Undirected,6
223163,269534,Undirected,4
235356,269534,Undirected,3
88507,185049,Undirected,4
112688,269534,Undirected,5
185049,209093,Undirected,5
209093,269534,Undirected,5
163690,185049,Undirected,4
163690,269534,Undirected,4
163690,232190,Undirected,3
185049,232190,Undirected,3
232190,269534,Undirected,3
41805,55184,Undirected,3
55184,78752,Undirected,3
178026,390661,Undirected,3
50376,249852,Undirected,3
17778,263169,Undirected,4
135224,167147,Undirected,3
167147,311312,Undirected,5
41042,46793,Undirected,3
46793,71785,Undirected,4
68384,71785,Undirected,3
121510,218515,Undirected,3
15181,258027,Undirected,5
68297,187460,Undirected,5
44991,340237,Undirected,3
88572,375397,Undirected,4
89006,140606,Undirected,4
170256,182974,Undirected,3
182974,296873,Undirected,3
6575,21315,Undirected,5
6575,106567,Undirected,7
6575,118206,Undirected,4
6575,160427,Undirected,3
6575,250747,Undirected,6
21315,106567,Undirected,5
21315,118206,Undirected,4
21315,250747,Undirected,5
106567,118206,Undirected,7
106567,160427,Undirected,3
106567,250747,Undirected,8
106567,326131,Undirected,4
118206,250747,Undirected,4
6575,252482,Undirected,4
106567,252482,Undirected,4
21315,252482,Undirected,3
17910,44991,Undirected,4
17910,229566,Undirected,3
17910,297910,Undirected,3
41840,229566,Undirected,3
41840,297910,Undirected,3
229566,314357,Undirected,3
61322,146643,Undirected,3
7836,181522,Undirected,5
76970,177726,Undirected,5
76970,181522,Undirected,7
76970,283924,Undirected,14
76970,328188,Undirected,14
181522,190645,Undirected,10
181522,283924,Undirected,10
181522,323117,Undirected,4
181522,328188,Undirected,8
190645,283924,Undirected,6
190645,328188,Undirected,7
323117,328188,Undirected,4
106424,257202,Undirected,3
42528,46793,Undirected,4
46793,363225,Undirected,3
41042,42528,Undirected,5
41042,118289,Undirected,5
42528,209750,Undirected,3
118289,122222,Undirected,3
214283,386007,Undirected,53
45858,308468,Undirected,4
41042,259382,Undirected,4
88572,137038,Undirected,3
137038,259382,Undirected,4
101803,128298,Undirected,3
101803,169719,Undirected,4
101803,185222,Undirected,3
128298,185222,Undirected,6
128298,257202,Undirected,4
128298,272829,Undirected,4
169719,257202,Undirected,7
45988,85349,Undirected,3
45988,364070,Undirected,3
85349,364070,Undirected,3
95219,189059,Undirected,3
95219,344225,Undirected,3
317034,329967,Undirected,3
17356,181075,Undirected,3
17356,323958,Undirected,3
181075,323958,Undirected,5
263157,371263,Undirected,3
61211,244154,Undirected,3
160925,179095,Undirected,5
160925,336941,Undirected,5
160925,367921,Undirected,4
336941,367921,Undirected,4
5259,88522,Undirected,3
127294,145619,Undirected,3
127294,319197,Undirected,4
189059,273303,Undirected,3
162796,177032,Undirected,3
41840,88522,Undirected,3
41840,167248,Undirected,3
36038,188084,Undirected,3
36038,373081,Undirected,3
355754,373081,Undirected,5
202684,371816,Undirected,3
16549,67496,Undirected,3
17778,67496,Undirected,3
36168,102379,Undirected,4
67496,102379,Undirected,4
67496,359352,Undirected,3
106866,243161,Undirected,4
106866,359352,Undirected,5
243161,359352,Undirected,3
88994,160161,Undirected,3
160161,249491,Undirected,3
89827,394591,Undirected,3
90439,217586,Undirected,3
90439,265231,Undirected,11
90439,271187,Undirected,6
90439,363095,Undirected,3
90439,394591,Undirected,7
217586,265231,Undirected,7
265231,271187,Undirected,9
265231,296745,Undirected,21
265231,394591,Undirected,6
296745,363095,Undirected,4
72130,316834,Undirected,4
98213,316834,Undirected,3
14144,162383,Undirected,4
14144,188266,Undirected,5
162383,207345,Undirected,6
42551,161255,Undirected,10
16549,95130,Undirected,3
16549,167147,Undirected,6
16549,341416,Undirected,3
54310,89006,Undirected,3
54310,263242,Undirected,3
89006,263242,Undirected,3
89006,341416,Undirected,3
167147,263242,Undirected,3
42095,202684,Undirected,5
202684,234290,Undirected,3
222757,224471,Undirected,4
68867,185943,Undirected,4
68867,344055,Undirected,4
217586,344055,Undirected,3
296745,344055,Undirected,4
25864,176467,Undirected,3
25864,257267,Undirected,4
176467,257267,Undirected,3
176467,264038,Undirected,3
257267,264038,Undirected,3
52227,87115,Undirected,4
66084,87115,Undirected,3
66084,127051,Undirected,3
69430,87115,Undirected,12
69430,127051,Undirected,7
69430,212072,Undirected,3
69430,269532,Undirected,4
69430,353446,Undirected,5
153574,161671,Undirected,3
153574,286747,Undirected,3
153574,382917,Undirected,3
161671,286747,Undirected,3
161671,382917,Undirected,3
174536,382917,Undirected,3
286747,382917,Undirected,3
149594,273174,Undirected,3
149594,313848,Undirected,3
149594,368450,Undirected,3
273174,313848,Undirected,3
273174,325185,Undirected,3
273174,368450,Undirected,3
313848,325185,Undirected,4
313848,368450,Undirected,3
325185,368450,Undirected,3
325185,373813,Undirected,3
296873,390615,Undirected,8
29080,118255,Undirected,3
140411,251138,Undirected,4
60226,310069,Undirected,3
60226,362842,Undirected,3
310069,362842,Undirected,3
114790,371665,Undirected,5
35621,134069,Undirected,3
35621,370823,Undirected,3
133498,370823,Undirected,3
130758,364800,Undirected,3
218913,319197,Undirected,3
173450,214412,Undirected,4
160925,378831,Undirected,4
35526,189947,Undirected,3
147928,189947,Undirected,3
297673,312858,Undirected,3
297673,346261,Undirected,3
312858,346261,Undirected,3
60802,199858,Undirected,4
199858,297322,Undirected,3
318068,366564,Undirected,3
182202,288352,Undirected,4
222757,225394,Undirected,3
225394,288352,Undirected,4
35526,101583,Undirected,5
94601,118103,Undirected,10
94601,354743,Undirected,7
108865,118104,Undirected,10
108865,342507,Undirected,4
118104,342507,Undirected,10
139413,209303,Undirected,3
137279,168997,Undirected,3
3364,22523,Undirected,3
3364,213659,Undirected,3
3364,339344,Undirected,3
22523,94870,Undirected,3
22523,208643,Undirected,3
264227,281327,Undirected,5
190276,313935,Undirected,3
10243,278772,Undirected,5
61969,361672,Undirected,5
227120,361672,Undirected,4
95686,164253,Undirected,3
95686,167496,Undirected,3
95686,377615,Undirected,3
95686,378052,Undirected,3
116401,164253,Undirected,3
116401,167496,Undirected,3
116401,318335,Undirected,3
116401,377615,Undirected,3
116401,378052,Undirected,3
164253,167496,Undirected,3
164253,185327,Undirected,3
164253,287696,Undirected,3
164253,318335,Undirected,3
164253,377615,Undirected,3
164253,378052,Undirected,3
167496,185327,Undirected,3
167496,287696,Undirected,3
167496,318335,Undirected,3
167496,377615,Undirected,3
167496,378052,Undirected,3
185327,318335,Undirected,3
185327,377615,Undirected,3
287696,318335,Undirected,3
287696,377615,Undirected,3
287696,378052,Undirected,3
318335,377615,Undirected,3
318335,378052,Undirected,3
377615,378052,Undirected,3
58900,59817,Undirected,4
58900,94601,Undirected,8
58900,118103,Undirected,9
58900,213237,Undirected,4
58900,228998,Undirected,6
58900,252409,Undirected,5
58900,354743,Undirected,3
59817,94601,Undirected,5
59817,118103,Undirected,6
59817,354743,Undirected,5
94601,213237,Undirected,8
94601,228998,Undirected,5
94601,252409,Undirected,5
118103,213237,Undirected,8
118103,228998,Undirected,6
118103,252409,Undirected,6
118103,296890,Undirected,4
213237,354743,Undirected,8
296890,354743,Undirected,4
68004,90439,Undirected,3
68004,184847,Undirected,5
68004,248995,Undirected,9
68004,256964,Undirected,3
68004,341153,Undirected,3
90439,256964,Undirected,3
170072,341153,Undirected,8
2520,108065,Undirected,4
108065,137228,Undirected,5
108065,170072,Undirected,5
170072,257108,Undirected,3
249549,308403,Undirected,3
161076,321872,Undirected,3
321872,375487,Undirected,3
283927,295733,Undirected,4
295733,299671,Undirected,5
295733,346542,Undirected,5
295733,373274,Undirected,3
299671,373274,Undirected,4
22488,78545,Undirected,4
78545,371521,Undirected,6
49678,296105,Undirected,3
223753,375658,Undirected,3
21643,252334,Undirected,4
125184,286672,Undirected,3
2520,68910,Undirected,3
2520,221945,Undirected,5
2520,296931,Undirected,3
68910,296931,Undirected,5
219695,296931,Undirected,5
149801,248995,Undirected,4
248995,296788,Undirected,6
296788,341153,Undirected,3
351871,353349,Undirected,3
7034,139671,Undirected,4
7034,246234,Undirected,5
139671,235078,Undirected,4
139671,246234,Undirected,4
139671,317455,Undirected,3
221356,246234,Undirected,3
235078,246234,Undirected,5
235078,281563,Undirected,3
156376,208220,Undirected,3
156376,338320,Undirected,4
156376,353607,Undirected,3
208220,338320,Undirected,4
208220,353607,Undirected,3
2520,256631,Undirected,4
2520,382296,Undirected,13
68004,265231,Undirected,4
68004,351872,Undirected,3
68004,382296,Undirected,9
256631,265231,Undirected,3
265231,351872,Undirected,3
234123,328400,Undirected,18
234123,334038,Undirected,4
328400,334038,Undirected,5
126416,322536,Undirected,6
69418,312955,Undirected,3
133127,193769,Undirected,3
133127,371816,Undirected,5
193769,371816,Undirected,3
116307,247602,Undirected,3
111970,181828,Undirected,3
181828,234290,Undirected,5
234290,375962,Undirected,3
69320,337898,Undirected,3
40769,60464,Undirected,3
40769,140411,Undirected,3
40769,251138,Undirected,3
60464,140411,Undirected,3
140411,185699,Undirected,4
185699,251138,Undirected,3
68867,328188,Undirected,6
191183,328188,Undirected,9
217586,328188,Undirected,15
328188,335508,Undirected,3
111970,139607,Undirected,3
50125,55041,Undirected,3
172279,284289,Undirected,4
263781,284289,Undirected,3
16923,199096,Undirected,3
33318,199096,Undirected,6
96909,199096,Undirected,5
119905,199096,Undirected,5
122211,199096,Undirected,7
199096,205108,Undirected,5
199096,223428,Undirected,3
199096,329871,Undirected,4
45514,109264,Undirected,3
45514,208411,Undirected,3
45514,292270,Undirected,3
50455,182296,Undirected,3
90631,300222,Undirected,4
109264,208816,Undirected,3
208411,300222,Undirected,5
292270,300222,Undirected,6
2856,387024,Undirected,3
45949,125009,Undirected,3
178511,199310,Undirected,3
16923,56053,Undirected,6
33318,56053,Undirected,6
56053,119905,Undirected,8
56053,122211,Undirected,8
56053,223428,Undirected,8
56053,289145,Undirected,4
2754,345478,Undirected,3
202684,345478,Undirected,4
52687,133127,Undirected,3
369861,385896,Undirected,3
2898,321221,Undirected,5
75027,321221,Undirected,3
240641,321221,Undirected,3
14144,36514,Undirected,7
14144,177261,Undirected,4
14144,194489,Undirected,4
36514,177261,Undirected,5
36514,194489,Undirected,4
219848,378039,Undirected,3
67880,267109,Undirected,3
707,76850,Undirected,4
707,76970,Undirected,7
707,121390,Undirected,8
707,217586,Undirected,9
707,352462,Undirected,5
76850,76970,Undirected,5
76850,121390,Undirected,4
76850,328188,Undirected,8
76970,121390,Undirected,16
76970,217586,Undirected,14
76970,296447,Undirected,3
76970,352462,Undirected,7
121390,217586,Undirected,24
121390,296447,Undirected,3
121390,328188,Undirected,12
121390,352462,Undirected,4
210910,252286,Undirected,4
47428,381112,Undirected,3
232416,381112,Undirected,5
325978,381112,Undirected,4
145646,318544,Undirected,3
318544,385896,Undirected,4
45858,140606,Undirected,3
45858,156376,Undirected,3
45858,342699,Undirected,6
140606,165427,Undirected,5
140606,342699,Undirected,6
165427,342699,Undirected,4
216575,342699,Undirected,3
84708,248782,Undirected,4
84708,354664,Undirected,3
215460,367100,Undirected,4
248782,354664,Undirected,5
12595,151340,Undirected,3
72758,387979,Undirected,3
25864,61322,Undirected,3
115504,186352,Undirected,3
44125,226130,Undirected,3
44125,355570,Undirected,3
76214,355570,Undirected,3
226130,355570,Undirected,3
252482,313928,Undirected,5
171364,223178,Undirected,3
21897,371359,Undirected,3
144211,386334,Undirected,3
132526,260889,Undirected,5
58772,217492,Undirected,4
58772,226054,Undirected,4
217492,226054,Undirected,5
374737,394019,Undirected,3
242695,276435,Undirected,4
93706,320382,Undirected,3
69430,174178,Undirected,7
69430,317550,Undirected,10
87115,265227,Undirected,4
87115,282525,Undirected,8
87115,317550,Undirected,6
174178,317550,Undirected,4
265227,282525,Undirected,3
282525,317550,Undirected,5
282525,353446,Undirected,3
67027,373977,Undirected,4
66033,272854,Undirected,4
166739,272854,Undirected,3
192952,236273,Undirected,3
85395,266563,Undirected,3
174191,222757,Undirected,5
223428,376521,Undirected,3
375342,376521,Undirected,5
80596,161070,Undirected,3
124210,367652,Undirected,5
34010,312943,Undirected,3
52041,109264,Undirected,4
109264,312955,Undirected,3
170072,344055,Undirected,4
118086,320864,Undirected,3
191045,364519,Undirected,3
168284,210359,Undirected,4
168284,390244,Undirected,3
175918,208012,Undirected,3
300071,314096,Undirected,3
52687,330990,Undirected,5
363462,364800,Undirected,3
108156,301130,Undirected,4
290636,374989,Undirected,3
174751,214412,Undirected,4
61634,234372,Undirected,3
45514,68004,Undirected,4
45514,269310,Undirected,5
45514,312955,Undirected,3
48822,68004,Undirected,4
48822,269310,Undirected,4
48822,312955,Undirected,3
68004,109264,Undirected,8
68004,196643,Undirected,3
68004,312955,Undirected,5
109264,269310,Undirected,4
196643,269310,Undirected,3
196643,312955,Undirected,3
47393,90980,Undirected,9
47393,120114,Undirected,5
90980,120114,Undirected,7
22637,235969,Undirected,6
160770,183601,Undirected,4
96204,219312,Undirected,5
264246,351882,Undirected,8
264880,351882,Undirected,11
29000,184847,Undirected,4
29000,248995,Undirected,3
29000,328188,Undirected,3
52041,297680,Undirected,4
184847,385259,Undirected,4
296745,328188,Undirected,7
328188,385259,Undirected,5
237323,383375,Undirected,7
160568,219695,Undirected,4
160568,255874,Undirected,5
219695,364514,Undirected,4
255874,364514,Undirected,3
34379,182652,Undirected,4
34379,350370,Undirected,9
182652,350370,Undirected,7
68910,107654,Undirected,3
68910,353349,Undirected,5
107654,296931,Undirected,6
269310,296931,Undirected,6
269310,351871,Undirected,3
296931,353349,Undirected,6
110379,120666,Undirected,3
120666,316770,Undirected,3
2616,27076,Undirected,5
27076,82962,Undirected,6
27076,103052,Undirected,3
27076,184574,Undirected,6
27076,291330,Undirected,6
219140,233069,Undirected,4
134003,211508,Undirected,3
211508,296195,Undirected,3
40676,301223,Undirected,5
133916,226692,Undirected,3
140538,300408,Undirected,3
140538,379743,Undirected,6
161972,213958,Undirected,6
17910,148943,Undirected,3
93043,116846,Undirected,5
93043,179649,Undirected,3
116846,179649,Undirected,4
188878,287731,Undirected,3
27822,234290,Undirected,3
323757,353583,Undirected,4
45514,382296,Undirected,3
104362,382296,Undirected,3
294211,382296,Undirected,6
74835,97433,Undirected,8
97433,257811,Undirected,3
118519,371892,Undirected,6
102230,315607,Undirected,3
165879,315607,Undirected,6
170644,315607,Undirected,4
188841,315607,Undirected,6
252482,352489,Undirected,3
41642,363168,Undirected,3
14144,341153,Undirected,3
248995,269310,Undirected,7
269310,341153,Undirected,5
269310,376647,Undirected,3
337399,376647,Undirected,7
73008,143506,Undirected,3
251163,342816,Undirected,3
220000,268721,Undirected,3
88381,265988,Undirected,3
50477,272879,Undirected,3
53483,272879,Undirected,4
272879,384405,Undirected,4
76470,159853,Undirected,3
118519,272854,Undirected,5
49308,67027,Undirected,3
67027,222015,Undirected,3
67027,297243,Undirected,3
295759,387374,Undirected,4
162344,294055,Undirected,3
84698,125108,Undirected,3
347799,392341,Undirected,3
57447,319691,Undirected,3
35526,388714,Undirected,3
41642,185474,Undirected,5
41642,388714,Undirected,3
127757,134069,Undirected,3
134069,185474,Undirected,10
134069,388714,Undirected,3
144498,193915,Undirected,3
144498,314666,Undirected,3
144498,388714,Undirected,5
185474,388714,Undirected,4
193915,388714,Undirected,4
314666,388714,Undirected,3
149553,249533,Undirected,3
137407,141402,Undirected,10
141402,249883,Undirected,19
141402,326523,Undirected,12
86399,382840,Undirected,3
45615,72469,Undirected,3
45615,215636,Undirected,3
45615,353871,Undirected,3
72469,215636,Undirected,5
72469,353871,Undirected,4
72469,353999,Undirected,3
128298,230213,Undirected,5
230213,321874,Undirected,5
301874,321874,Undirected,3
226633,356736,Undirected,3
35437,161631,Undirected,5
35437,174366,Undirected,6
35437,174898,Undirected,4
35437,263956,Undirected,4
64602,161631,Undirected,4
64602,174366,Undirected,3
64602,263956,Undirected,3
161631,174366,Undirected,5
161631,174898,Undirected,4
161631,263956,Undirected,4
161631,371402,Undirected,4
174366,211201,Undirected,9
174366,263956,Undirected,9
174366,371402,Undirected,4
174898,211201,Undirected,5
174898,263956,Undirected,5
174898,371402,Undirected,3
211201,263956,Undirected,11
211201,371402,Undirected,3
263956,371402,Undirected,4
35437,235889,Undirected,3
35437,254345,Undirected,3
161631,235889,Undirected,3
174366,235889,Undirected,4
174366,294774,Undirected,3
174898,235889,Undirected,5
211201,235889,Undirected,6
73431,91972,Undirected,8
73431,174366,Undirected,7
73431,174898,Undirected,4
73431,188242,Undirected,8
73431,211201,Undirected,10
73431,235889,Undirected,5
73431,255594,Undirected,4
73431,364514,Undirected,11
73431,387679,Undirected,6
91972,188242,Undirected,8
91972,211201,Undirected,9
91972,235889,Undirected,4
91972,255594,Undirected,4
91972,364514,Undirected,10
91972,387679,Undirected,7
174366,188242,Undirected,6
174366,255594,Undirected,4
174366,364514,Undirected,8
174366,387679,Undirected,8
174898,364514,Undirected,3
188242,211201,Undirected,8
188242,235889,Undirected,4
188242,255594,Undirected,4
188242,364514,Undirected,9
188242,387679,Undirected,7
211201,255594,Undirected,4
211201,364514,Undirected,11
211201,387679,Undirected,7
235889,255594,Undirected,3
235889,364514,Undirected,5
235889,387679,Undirected,4
255594,364514,Undirected,7
364514,387679,Undirected,8
174366,388085,Undirected,3
364427,388085,Undirected,3
2374,174366,Undirected,5
2374,364514,Undirected,6
2374,387679,Undirected,4
72042,174366,Undirected,3
126604,263956,Undirected,4
235889,263956,Undirected,6
263956,387679,Undirected,7
2856,370706,Undirected,5
137407,154348,Undirected,5
137407,251574,Undirected,3
154348,249883,Undirected,7
154348,326523,Undirected,4
249883,251574,Undirected,5
251574,326523,Undirected,7
219645,295733,Undirected,3
219645,346542,Undirected,4
373274,380010,Undirected,3
214442,295297,Undirected,3
17991,146555,Undirected,3
126416,360183,Undirected,3
42502,187507,Undirected,4
42502,300380,Undirected,5
112257,300380,Undirected,6
150845,300380,Undirected,4
187507,300380,Undirected,4
300380,337898,Undirected,5
313860,387473,Undirected,3
355570,387473,Undirected,7
45507,377788,Undirected,3
181600,314666,Undirected,3
25208,97195,Undirected,3
25208,240250,Undirected,9
92146,97195,Undirected,7
92146,240250,Undirected,6
97195,240250,Undirected,10
174514,344287,Undirected,5
2754,90980,Undirected,3
318540,346999,Undirected,3
346999,353727,Undirected,3
68867,76970,Undirected,5
76970,81638,Undirected,4
76970,184847,Undirected,3
76970,385259,Undirected,3
81638,181522,Undirected,3
81638,190645,Undirected,3
81638,328188,Undirected,4
81638,385259,Undirected,3
181522,184847,Undirected,4
181522,385259,Undirected,3
184847,190645,Undirected,3
190645,385259,Undirected,3
72948,90643,Undirected,3
90643,340278,Undirected,5
174946,324448,Undirected,3
340278,391784,Undirected,3
45858,198012,Undirected,3
45858,263169,Undirected,5
45858,269225,Undirected,4
92044,198012,Undirected,4
129757,140606,Undirected,5
129757,198012,Undirected,3
136200,140606,Undirected,4
136200,263169,Undirected,4
140606,263169,Undirected,4
165427,263169,Undirected,3
198012,263169,Undirected,3
120389,247830,Undirected,3
45858,250792,Undirected,3
17778,177848,Undirected,3
67496,177848,Undirected,3
156376,177848,Undirected,3
232734,263169,Undirected,3
45858,268889,Undirected,5
45858,355573,Undirected,3
68004,107654,Undirected,11
68004,353349,Undirected,4
107654,265231,Undirected,7
33355,88572,Undirected,3
33355,216927,Undirected,4
88572,186751,Undirected,4
88572,342699,Undirected,8
88572,357361,Undirected,3
341416,342699,Undirected,6
127098,359352,Undirected,3
212571,359352,Undirected,4
55474,355570,Undirected,6
126416,355570,Undirected,7
126416,384602,Undirected,3
133687,384602,Undirected,4
184745,186906,Undirected,5
186906,252482,Undirected,3
355570,384602,Undirected,4
299740,326131,Undirected,5
707,191183,Undirected,5
707,283924,Undirected,6
68867,121390,Undirected,4
83362,328188,Undirected,3
121390,191183,Undirected,10
121390,256631,Undirected,3
121390,283924,Undirected,14
191183,256631,Undirected,5
217492,341916,Undirected,6
301851,341916,Undirected,3
262858,355570,Undirected,4
100735,366114,Undirected,3
75027,160413,Undirected,3
87632,293171,Undirected,3
30810,248998,Undirected,3
167071,261167,Undirected,3
215636,257685,Undirected,5
14074,160568,Undirected,5
87115,160568,Undirected,6
87115,361913,Undirected,6
100571,127051,Undirected,12
100571,160568,Undirected,4
127051,160568,Undirected,3
160568,210800,Undirected,7
160568,249865,Undirected,9
81764,251163,Undirected,4
111970,332338,Undirected,3
7072,355804,Undirected,3
193273,387374,Undirected,3
226,335789,Undirected,3
45453,359894,Undirected,3
175899,252334,Undirected,4
53896,240250,Undirected,3
118406,240250,Undirected,7
19442,310648,Undirected,8
19442,361672,Undirected,10
31511,310648,Undirected,9
31511,361672,Undirected,10
285401,310648,Undirected,4
285401,314276,Undirected,3
285401,361672,Undirected,5
310648,341480,Undirected,8
310648,359594,Undirected,8
310648,361672,Undirected,9
314276,361672,Undirected,3
341480,361672,Undirected,7
359594,361672,Undirected,9
365277,377361,Undirected,12
365277,390244,Undirected,3
377361,390244,Undirected,3
186427,255761,Undirected,5
140538,320485,Undirected,4
140538,357894,Undirected,3
26004,248863,Undirected,3
26004,281591,Undirected,3
248863,281591,Undirected,3
241405,284382,Undirected,3
219399,251163,Undirected,3
219399,380617,Undirected,3
251163,380617,Undirected,5
140538,375342,Undirected,4
140538,376521,Undirected,9
293380,316922,Undirected,3
255838,277737,Undirected,6
45858,208328,Undirected,3
308468,385749,Undirected,3
117990,228490,Undirected,4
181828,228490,Undirected,4
263169,357361,Undirected,7
140538,255728,Undirected,3
39839,353055,Undirected,3
77122,116015,Undirected,3
108123,116015,Undirected,3
167054,181522,Undirected,3
167054,190645,Undirected,3
209369,246996,Undirected,3
246996,269333,Undirected,3
53273,55151,Undirected,3
53273,275726,Undirected,3
92688,371402,Undirected,4
61488,105765,Undirected,3
234290,277473,Undirected,4
167973,292286,Undirected,3
77346,361840,Undirected,3
250619,361840,Undirected,3
53364,76970,Undirected,17
53364,190645,Undirected,3
76970,280845,Undirected,4
181522,280845,Undirected,4
184847,280845,Undirected,5
155227,173450,Undirected,3
173450,275266,Undirected,3
2520,294211,Undirected,12
58205,382296,Undirected,3
137228,294211,Undirected,11
170072,294211,Undirected,8
170072,297680,Undirected,16
170072,382296,Undirected,13
185943,382296,Undirected,6
294211,296745,Undirected,13
296745,382296,Undirected,15
297680,382296,Undirected,10
60870,313695,Undirected,3
60870,381796,Undirected,3
58900,125839,Undirected,3
58900,256284,Undirected,7
58900,324418,Undirected,3
58900,351592,Undirected,3
94601,125839,Undirected,5
94601,127336,Undirected,5
94601,351592,Undirected,7
125839,256284,Undirected,4
127336,256284,Undirected,3
127336,351592,Undirected,4
256284,324418,Undirected,4
101362,225269,Undirected,3
62507,369298,Undirected,3
50125,261254,Undirected,5
87619,296017,Undirected,3
158013,160958,Undirected,3
158013,296017,Undirected,3
261254,296017,Undirected,7
126098,209236,Undirected,3
130971,272854,Undirected,4
68004,89827,Undirected,10
68867,107654,Undirected,15
89827,100571,Undirected,7
89827,107654,Undirected,7
89827,266032,Undirected,4
100571,107654,Undirected,9
107654,137228,Undirected,8
107654,297680,Undirected,8
137228,266032,Undirected,5
266032,296745,Undirected,5
385667,389157,Undirected,5
105483,219695,Undirected,4
105483,297680,Undirected,3
219695,323317,Undirected,3
219695,348084,Undirected,4
297680,364514,Undirected,3
170072,381540,Undirected,3
296745,374354,Undirected,3
374354,394591,Undirected,4
2520,341153,Undirected,8
20970,341153,Undirected,4
36286,248995,Undirected,3
52995,269310,Undirected,3
233189,269310,Undirected,3
14144,296745,Undirected,3
137228,338543,Undirected,3
266032,338543,Undirected,4
2520,364514,Undirected,4
137228,364514,Undirected,3
170072,255594,Undirected,3
170072,337116,Undirected,7
170072,364514,Undirected,5
170072,371402,Undirected,4
186453,297680,Undirected,4
297680,371402,Undirected,4
337116,364514,Undirected,7
337116,371402,Undirected,3
364514,371402,Undirected,3
68004,299188,Undirected,6
170072,180494,Undirected,3
170072,299188,Undirected,5
180494,248995,Undirected,4
180494,256964,Undirected,3
45514,89827,Undirected,6
45514,90439,Undirected,5
45514,342076,Undirected,8
45514,394591,Undirected,5
89827,196643,Undirected,6
90439,90631,Undirected,5
90631,394591,Undirected,3
196643,342076,Undirected,6
196643,394591,Undirected,5
110280,185943,Undirected,4
127781,210800,Undirected,3
210800,308403,Undirected,6
282590,387558,Undirected,4
20970,100571,Undirected,4
68004,255122,Undirected,3
72720,109264,Undirected,3
100571,341153,Undirected,3
107654,341153,Undirected,4
296745,341153,Undirected,6
41642,186285,Undirected,7
147928,186285,Undirected,7
138667,194408,Undirected,4
62507,313946,Undirected,3
313946,322069,Undirected,3
80322,160557,Undirected,3
287957,376521,Undirected,8
365152,365829,Undirected,3
182296,353349,Undirected,3
33318,191599,Undirected,3
56053,191599,Undirected,5
96909,191599,Undirected,5
119905,191599,Undirected,5
122211,191599,Undirected,7
191599,205108,Undirected,3
191599,223428,Undirected,4
191599,329871,Undirected,5
353871,371816,Undirected,3
306017,351882,Undirected,3
106081,264246,Undirected,3
106081,264880,Undirected,3
106081,351882,Undirected,3
2520,280845,Undirected,5
122414,280845,Undirected,3
256964,280845,Undirected,3
256964,297680,Undirected,4
280845,297680,Undirected,3
107751,226054,Undirected,3
58772,107751,Undirected,3
58772,341916,Undirected,3
226054,341916,Undirected,4
131893,146555,Undirected,3
4267,375658,Undirected,3
44911,61293,Undirected,3
44911,278163,Undirected,4
285070,329727,Undirected,3
44911,47577,Undirected,3
44911,215388,Undirected,3
47577,167147,Undirected,3
47577,278163,Undirected,3
47577,345321,Undirected,3
167147,215388,Undirected,6
167147,359843,Undirected,3
215388,216575,Undirected,3
345321,359843,Undirected,3
188109,263650,Undirected,3
41642,290940,Undirected,3
87433,213544,Undirected,3
213315,374737,Undirected,4
336602,376090,Undirected,5
30643,95833,Undirected,3
30643,197895,Undirected,3
95833,197895,Undirected,4
42557,72544,Undirected,3
42557,317464,Undirected,4
72544,317464,Undirected,3
68004,96454,Undirected,5
68867,96454,Undirected,4
68867,299188,Undirected,4
96454,100571,Undirected,4
96454,107654,Undirected,3
96454,170072,Undirected,3
96454,296745,Undirected,3
96454,299188,Undirected,5
100571,299188,Undirected,6
107654,299188,Undirected,3
107654,301043,Undirected,4
296745,299188,Undirected,3
22378,217538,Undirected,3
100571,186453,Undirected,3
100571,382296,Undirected,4
297680,351872,Undirected,5
68867,382296,Undirected,8
293745,296745,Undirected,3
20970,137228,Undirected,3
336876,382296,Undirected,3
107654,351872,Undirected,3
167054,219695,Undirected,10
167054,341153,Undirected,3
219695,256964,Undirected,11
219695,296745,Undirected,9
219695,341153,Undirected,3
219695,351872,Undirected,4
266032,294211,Undirected,4
2520,89827,Undirected,10
2520,100571,Undirected,7
68004,338543,Undirected,3
170072,266032,Undirected,5
68004,294211,Undirected,6
89827,299188,Undirected,3
107654,294211,Undirected,5
219695,275540,Undirected,3
275540,296745,Undirected,3
296745,353349,Undirected,8
68004,350189,Undirected,3
68867,294211,Undirected,10
68867,350189,Undirected,4
89827,294211,Undirected,5
72720,219695,Undirected,3
89827,219695,Undirected,3
109264,353349,Undirected,4
137228,353349,Undirected,5
89827,249865,Undirected,3
186453,219695,Undirected,3
248995,351872,Undirected,3
100571,167054,Undirected,6
167054,255594,Undirected,3
219695,255594,Undirected,3
249865,338847,Undirected,3
45514,338244,Undirected,4
196643,338244,Undirected,4
45514,100571,Undirected,16
100571,196643,Undirected,11
100571,336876,Undirected,3
107654,221945,Undirected,5
89827,221945,Undirected,5
100571,294211,Undirected,6
2520,17531,Undirected,5
17531,170072,Undirected,4
17531,256964,Undirected,3
158172,170072,Undirected,3
90439,219695,Undirected,3
90439,268504,Undirected,3
90439,297680,Undirected,3
95738,219695,Undirected,3
95738,345025,Undirected,3
219695,296766,Undirected,4
296766,297680,Undirected,3
89827,301043,Undirected,5
14144,353349,Undirected,3
190459,248995,Undirected,3
68867,219695,Undirected,5
68867,265231,Undirected,4
265231,294211,Undirected,3
265393,348700,Undirected,9
58900,175272,Undirected,3
58900,300560,Undirected,3
59817,175272,Undirected,6
59817,178827,Undirected,5
59817,256284,Undirected,5
59817,324418,Undirected,3
175272,178827,Undirected,9
140318,248995,Undirected,3
140318,294211,Undirected,3
233126,248995,Undirected,3
248995,394591,Undirected,4
95738,100571,Undirected,3
2520,66084,Undirected,4
45514,66084,Undirected,5
66084,89827,Undirected,3
66084,137228,Undirected,5
66084,196643,Undirected,5
107498,137228,Undirected,3
71915,108044,Undirected,4
244712,316773,Undirected,3
165245,226633,Undirected,6
89827,382296,Undirected,3
45514,64234,Undirected,4
45514,296745,Undirected,5
64234,196643,Undirected,4
64234,317559,Undirected,3
68867,214007,Undirected,5
100571,316184,Undirected,3
100571,265231,Undirected,5
137228,312955,Undirected,6
137228,358894,Undirected,4
45514,140318,Undirected,3
51276,76970,Undirected,5
51276,191183,Undirected,3
51276,195242,Undirected,3
51276,217586,Undirected,3
51276,283924,Undirected,3
51276,328188,Undirected,3
76970,191183,Undirected,6
76970,195242,Undirected,5
76970,296745,Undirected,6
145320,328188,Undirected,4
191183,296745,Undirected,4
195242,296745,Undirected,5
195242,328188,Undirected,7
2520,233126,Undirected,5
2520,358894,Undirected,3
137228,233126,Undirected,4
140318,296745,Undirected,3
233126,296745,Undirected,5
296745,358894,Undirected,3
6141,22523,Undirected,5
6141,192684,Undirected,7
45514,157030,Undirected,3
100571,157030,Undirected,3
157030,196643,Undirected,3
157030,249865,Undirected,3
2520,344055,Undirected,4
17531,68867,Undirected,4
17531,296745,Undirected,4
68004,283475,Undirected,3
68867,283475,Undirected,3
137228,344055,Undirected,3
265231,344055,Undirected,5
45514,318901,Undirected,3
45514,374354,Undirected,6
64234,318901,Undirected,3
196643,318901,Undirected,3
196643,374354,Undirected,6
17428,366312,Undirected,3
90568,165376,Undirected,3
102962,135442,Undirected,3
102962,382840,Undirected,3
135442,382840,Undirected,4
135442,387837,Undirected,4
272854,308249,Undirected,4
316834,366312,Undirected,3
240250,312203,Undirected,11
30594,312479,Undirected,3
190459,312955,Undirected,3
233126,312955,Undirected,5
45514,296766,Undirected,4
45514,297680,Undirected,3
196643,296766,Undirected,3
196643,297680,Undirected,3
132500,312955,Undirected,3
45514,185943,Undirected,6
45514,261357,Undirected,3
185943,196643,Undirected,6
196643,261357,Undirected,3
17531,219695,Undirected,3
68867,90439,Undirected,3
132500,219695,Undirected,3
68867,248995,Undirected,5
58205,233126,Undirected,3
58205,312955,Undirected,5
68004,308403,Undirected,3
89827,256964,Undirected,3
256964,308403,Undirected,5
50083,83362,Undirected,3
50083,296766,Undirected,6
66084,308403,Undirected,4
50083,144803,Undirected,3
248995,268504,Undirected,4
110280,265231,Undirected,3
110280,296745,Undirected,3
196643,265231,Undirected,4
185943,317559,Undirected,3
297680,317559,Undirected,3
66084,185943,Undirected,3
66084,256964,Undirected,3
140318,170072,Undirected,6
140318,256964,Undirected,5
185943,233126,Undirected,3
185943,312955,Undirected,3
261357,296745,Undirected,6
179895,211729,Undirected,3
50083,170072,Undirected,3
83362,308403,Undirected,3
83362,312955,Undirected,3
83362,382296,Undirected,3
144803,170072,Undirected,4
144803,185943,Undirected,4
170072,301686,Undirected,3
185943,301686,Undirected,4
301686,308403,Undirected,7
76850,90439,Undirected,4
76850,185943,Undirected,3
76850,308403,Undirected,3
36009,256964,Undirected,3
36009,308403,Undirected,4
50083,296745,Undirected,3
296745,301686,Undirected,5
296766,301686,Undirected,4
83362,210800,Undirected,3
210800,257108,Undirected,3
210800,382296,Undirected,4
90631,265231,Undirected,4
90631,296745,Undirected,3
68867,108065,Undirected,4
108065,296745,Undirected,5
108065,297680,Undirected,5
248995,280845,Undirected,3
280845,296745,Undirected,3
257302,353434,Undirected,3
284509,284807,Undirected,3
4053,388714,Undirected,5
42502,291095,Undirected,4
291095,300380,Undirected,3
68889,382840,Undirected,3
61969,165004,Undirected,4
52687,139607,Undirected,5
52687,149057,Undirected,3
139607,363251,Undirected,3
149057,363251,Undirected,3
2520,380970,Undirected,3
68867,261357,Undirected,3
170072,380970,Undirected,3
185943,380970,Undirected,3
185943,371402,Undirected,3
371402,380970,Undirected,3
108065,217586,Undirected,3
170072,268504,Undirected,3
90439,112978,Undirected,3
271187,353349,Undirected,3
217586,248995,Undirected,3
2520,76850,Undirected,3
76850,170072,Undirected,3
76850,280845,Undirected,3
68867,76850,Undirected,4
2520,104215,Undirected,3
104215,185943,Undirected,4
76850,265231,Undirected,4
707,189604,Undirected,6
707,195242,Undirected,4
76850,189604,Undirected,3
76850,195242,Undirected,6
121390,189604,Undirected,12
121390,195242,Undirected,7
121390,296745,Undirected,6
189604,195242,Undirected,5
189604,217586,Undirected,13
189604,296745,Undirected,5
189604,328188,Undirected,8
109264,308403,Undirected,3
248995,301686,Undirected,3
88572,338320,Undirected,3
88572,345321,Undirected,3
89006,338320,Undirected,5
331661,345321,Undirected,3
338320,345321,Undirected,3
16549,331661,Undirected,3
16549,338320,Undirected,3
88686,162203,Undirected,4
56053,385493,Undirected,4
20491,216642,Undirected,3
49696,145494,Undirected,3
145494,375658,Undirected,4
35526,134557,Undirected,3
41642,134557,Undirected,4
133498,134557,Undirected,5
134069,134557,Undirected,3
134069,239596,Undirected,5
134557,185474,Undirected,6
134557,239596,Undirected,6
134557,323584,Undirected,3
38707,44154,Undirected,3
38707,250043,Undirected,3
44154,91614,Undirected,3
44154,209474,Undirected,4
44154,212830,Undirected,3
44154,250043,Undirected,5
44154,256330,Undirected,4
44154,363880,Undirected,8
91614,250043,Undirected,8
209474,250043,Undirected,6
212830,250043,Undirected,3
212830,370619,Undirected,4
250043,256330,Undirected,3
250043,363880,Undirected,11
48151,168997,Undirected,5
224063,316362,Undirected,3
2754,182352,Undirected,9
2754,183129,Undirected,3
79442,182352,Undirected,3
37905,326131,Undirected,4
181828,326131,Undirected,3
60242,158433,Undirected,3
149782,158433,Undirected,3
158433,208542,Undirected,3
235450,335175,Undirected,5
76970,189604,Undirected,7
182143,189604,Undirected,3
182143,328188,Undirected,5
189604,193849,Undirected,4
193849,217586,Undirected,3
193849,296447,Undirected,3
234303,245771,Undirected,4
4728,29465,Undirected,3
4728,40736,Undirected,4
4728,184787,Undirected,3
4728,338721,Undirected,4
29465,40736,Undirected,5
29465,144418,Undirected,3
29465,184787,Undirected,3
29465,338721,Undirected,3
40736,144418,Undirected,4
40736,184787,Undirected,3
144418,338721,Undirected,5
184787,338721,Undirected,3
186499,352711,Undirected,3
69777,75878,Undirected,7
75878,96790,Undirected,7
261720,275285,Undirected,3
95035,128693,Undirected,6
108268,178615,Undirected,3
27775,342699,Undirected,5
47603,88572,Undirected,4
47603,186751,Undirected,3
47603,263169,Undirected,3
47603,375397,Undirected,3
88572,263242,Undirected,3
263169,263242,Undirected,5
263169,342699,Undirected,5
263242,342699,Undirected,4
45514,52041,Undirected,3
45514,353349,Undirected,3
52041,137228,Undirected,4
52041,265231,Undirected,6
68910,170072,Undirected,4
41840,160925,Undirected,4
160925,218561,Undirected,3
29465,202684,Undirected,3
29465,371816,Undirected,3
40736,202684,Undirected,3
185429,194411,Undirected,3
96061,286682,Undirected,10
96061,334489,Undirected,10
286682,334489,Undirected,10
34010,178910,Undirected,3
63046,178910,Undirected,5
41767,80282,Undirected,4
127476,332034,Undirected,3
32488,88280,Undirected,3
192947,283927,Undirected,3
68140,376647,Undirected,3
296447,376647,Undirected,3
376647,388085,Undirected,3
175210,184847,Undirected,3
184847,286230,Undirected,3
184847,301686,Undirected,7
265231,301686,Undirected,3
265231,308403,Undirected,8
202684,367652,Undirected,4
88697,131474,Undirected,3
42528,74281,Undirected,4
134779,235969,Undirected,4
14074,364512,Undirected,3
52227,282525,Undirected,3
282525,319738,Undirected,7
34227,285510,Undirected,3
34227,359099,Undirected,4
256964,269310,Undirected,3
170072,341708,Undirected,3
49288,122071,Undirected,5
49288,208411,Undirected,3
49288,300222,Undirected,6
49288,337399,Undirected,5
49288,376647,Undirected,6
49288,383315,Undirected,4
122071,189608,Undirected,3
122071,208411,Undirected,4
122071,223000,Undirected,3
122071,300222,Undirected,7
122071,337399,Undirected,4
122071,345473,Undirected,4
122071,376647,Undirected,4
122071,383315,Undirected,5
189608,300222,Undirected,4
189608,376647,Undirected,3
189608,383315,Undirected,4
208411,223000,Undirected,3
208411,337399,Undirected,3
208411,376647,Undirected,3
223000,300222,Undirected,5
223000,337399,Undirected,4
223000,376647,Undirected,3
300222,337399,Undirected,7
300222,345473,Undirected,5
300222,376647,Undirected,8
300222,383315,Undirected,8
337399,383315,Undirected,3
345473,383315,Undirected,4
376647,383315,Undirected,5
49288,317460,Undirected,3
122071,171030,Undirected,3
171030,292270,Undirected,3
245131,292270,Undirected,5
45514,245131,Undirected,3
196643,245131,Undirected,3
245131,300222,Undirected,5
245131,337399,Undirected,3
22044,227922,Undirected,3
208432,341480,Undirected,7
208432,359594,Undirected,6
96909,385493,Undirected,3
119905,385493,Undirected,4
223428,385493,Undirected,3
174751,334851,Undirected,3
214412,334851,Undirected,3
38012,72297,Undirected,5
38012,205108,Undirected,7
38012,247453,Undirected,7
72297,205108,Undirected,6
72297,247453,Undirected,5
205108,247453,Undirected,8
248995,296931,Undirected,3
118519,383523,Undirected,7
84752,86885,Undirected,7
84752,385339,Undirected,8
86885,385339,Undirected,7
129463,386495,Undirected,3
259478,386495,Undirected,3
44064,233203,Undirected,6
227727,233203,Undirected,6
233203,236859,Undirected,3
233203,327059,Undirected,7
47491,327825,Undirected,5
100297,327825,Undirected,4
145498,176443,Undirected,5
41763,59929,Undirected,14
41763,276338,Undirected,13
41763,321449,Undirected,20
59929,74835,Undirected,14
59929,276338,Undirected,10
59929,321449,Undirected,14
59929,371359,Undirected,15
74835,276338,Undirected,15
74835,321449,Undirected,19
74835,371359,Undirected,20
117627,317436,Undirected,4
117627,371359,Undirected,4
276338,371359,Undirected,18
321449,371359,Undirected,19
368014,371359,Undirected,3
66178,129463,Undirected,3
131821,132889,Undirected,9
131821,265550,Undirected,8
132889,265550,Undirected,7
156436,247617,Undirected,4
156436,373232,Undirected,4
247617,373232,Undirected,4
55474,387473,Undirected,4
358800,387473,Undirected,3
150837,313922,Undirected,3
44185,347565,Undirected,3
63930,214141,Undirected,3
249491,318237,Undirected,4
218343,373421,Undirected,3
140941,267548,Undirected,3
140941,313921,Undirected,3
267548,313921,Undirected,3
72523,307216,Undirected,3
44147,183125,Undirected,5
14074,194500,Undirected,3
14074,353446,Undirected,4
62960,87115,Undirected,4
62960,177453,Undirected,3
62960,282525,Undirected,4
62960,365606,Undirected,3
87115,194500,Undirected,4
87115,365606,Undirected,4
177453,282525,Undirected,3
194500,282525,Undirected,4
194500,353446,Undirected,3
265329,282525,Undirected,4
210036,251163,Undirected,3
210036,380617,Undirected,3
4359,97433,Undirected,3
93321,97433,Undirected,3
93321,128298,Undirected,3
180662,372596,Undirected,3
234290,372596,Undirected,4
90631,150688,Undirected,3
90631,345473,Undirected,3
90631,383315,Undirected,3
150688,292270,Undirected,3
150688,300222,Undirected,5
150688,345473,Undirected,3
150688,383315,Undirected,5
245131,383315,Undirected,3
292270,383315,Undirected,3
17889,272854,Undirected,3
187210,272854,Undirected,4
187210,381555,Undirected,3
272854,320821,Undirected,7
272854,348472,Undirected,5
320821,381555,Undirected,3
150688,171030,Undirected,4
150688,341708,Undirected,3
171030,300222,Undirected,4
171030,341708,Undirected,3
171030,383315,Undirected,4
300222,341708,Undirected,3
341708,383315,Undirected,3
2898,238886,Undirected,3
118255,132830,Undirected,4
118255,218757,Undirected,4
118255,389792,Undirected,4
132830,218757,Undirected,4
132830,389792,Undirected,6
218757,389792,Undirected,5
198329,299702,Undirected,3
242675,299702,Undirected,3
299702,380299,Undirected,3
245131,376647,Undirected,3
270110,383315,Undirected,3
292270,376647,Undirected,3
68140,292270,Undirected,3
300222,374354,Undirected,4
337399,374354,Undirected,4
374354,376647,Undirected,4
45514,383315,Undirected,3
196643,383315,Undirected,3
45514,49288,Undirected,4
45514,122071,Undirected,3
45514,376647,Undirected,4
49288,196643,Undirected,4
49288,374354,Undirected,3
122071,196643,Undirected,3
196643,376647,Undirected,4
181522,195242,Undirected,5
181522,217586,Undirected,8
181522,308403,Undirected,5
191183,280845,Undirected,4
191183,286230,Undirected,3
191183,308403,Undirected,3
195242,280845,Undirected,4
280845,286230,Undirected,6
280845,335508,Undirected,3
47813,173365,Undirected,7
39141,97964,Undirected,3
38619,359866,Undirected,3
67996,392931,Undirected,3
179393,186484,Undirected,3
186484,209369,Undirected,3
186484,269014,Undirected,3
186484,269333,Undirected,6
32488,363809,Undirected,3
42095,97503,Undirected,4
97503,345478,Undirected,4
177378,234123,Undirected,3
177378,328400,Undirected,3
213910,328400,Undirected,3
82041,104070,Undirected,4
42104,83977,Undirected,3
67775,97433,Undirected,6
67775,178615,Undirected,5
67775,205621,Undirected,3
67775,211218,Undirected,5
67775,299930,Undirected,4
67775,375242,Undirected,4
97433,205621,Undirected,13
97433,211218,Undirected,5
97433,299930,Undirected,4
97433,375242,Undirected,4
249491,299930,Undirected,4
165588,250789,Undirected,3
118519,387837,Undirected,4
174356,387837,Undirected,3
174356,387865,Undirected,3
267448,280759,Undirected,3
37960,314163,Undirected,5
174080,314163,Undirected,26
974,53358,Undirected,3
34987,208585,Undirected,3
131008,186737,Undirected,4
169708,186737,Undirected,3
169708,382264,Undirected,3
186737,382264,Undirected,4
186737,384940,Undirected,3
163206,256964,Undirected,4
170072,352462,Undirected,3
167054,174366,Undirected,3
167054,337116,Undirected,4
174366,221945,Undirected,3
221851,280406,Undirected,5
14414,261864,Undirected,3
41042,156376,Undirected,3
41042,177848,Undirected,3
156376,250792,Undirected,3
177848,250792,Undirected,4
68140,269310,Undirected,3
68140,337116,Undirected,4
188242,329158,Undirected,3
188242,337116,Undirected,4
269310,329158,Undirected,3
269310,337116,Undirected,3
308403,353349,Undirected,6
329158,364509,Undirected,4
353349,364509,Undirected,3
90671,127336,Undirected,4
127336,178827,Undirected,11
234044,344831,Undirected,4
209947,310069,Undirected,3
134557,314666,Undirected,5
154922,185474,Undirected,3
154922,239596,Undirected,4
226819,239596,Undirected,3
54160,169708,Undirected,3
54160,186737,Undirected,3
117771,323909,Undirected,4
118103,327489,Undirected,7
14369,47393,Undirected,7
14369,90980,Undirected,6
14369,107471,Undirected,6
14369,120114,Undirected,5
90980,107471,Undirected,8
107471,120114,Undirected,4
66242,106866,Undirected,3
89006,106866,Undirected,3
89006,182825,Undirected,3
72814,118260,Undirected,11
72814,159981,Undirected,13
72814,163464,Undirected,27
72814,250271,Undirected,17
72814,263756,Undirected,6
72814,307711,Undirected,13
72814,344055,Undirected,4
72814,386007,Undirected,20
118260,159981,Undirected,3
118260,163464,Undirected,13
118260,250271,Undirected,13
118260,256964,Undirected,4
118260,307711,Undirected,7
118260,386007,Undirected,15
159981,163464,Undirected,40
159981,250271,Undirected,27
159981,256964,Undirected,6
159981,263756,Undirected,14
159981,386007,Undirected,6
163464,256964,Undirected,3
163464,263756,Undirected,17
163464,307711,Undirected,11
163464,386007,Undirected,60
250271,256964,Undirected,4
250271,263756,Undirected,11
250271,307711,Undirected,7
250271,386007,Undirected,37
263756,386007,Undirected,4
307711,344055,Undirected,3
307711,386007,Undirected,21
344055,386007,Undirected,3
7617,33768,Undirected,22
7617,55475,Undirected,12
7617,159981,Undirected,7
7617,220329,Undirected,4
7617,257242,Undirected,5
7617,318552,Undirected,6
7617,372289,Undirected,6
10054,55475,Undirected,3
10054,187465,Undirected,3
10054,372289,Undirected,3
33768,55475,Undirected,14
33768,159981,Undirected,6
33768,187465,Undirected,3
33768,220329,Undirected,15
33768,257242,Undirected,6
33768,318552,Undirected,8
33768,372289,Undirected,8
55475,159981,Undirected,8
55475,187465,Undirected,3
55475,220329,Undirected,4
55475,257242,Undirected,4
55475,318552,Undirected,5
55475,372289,Undirected,4
159981,220329,Undirected,8
159981,257242,Undirected,12
159981,372289,Undirected,10
187465,372289,Undirected,3
220329,257242,Undirected,3
220329,318552,Undirected,3
220329,372289,Undirected,7
257242,372289,Undirected,4
318552,372289,Undirected,3
91613,394536,Undirected,4
34227,212571,Undirected,4
301324,346542,Undirected,3
43573,187676,Undirected,10
221312,386762,Undirected,3
109713,283569,Undirected,3
109713,346531,Undirected,4
61769,95219,Undirected,3
61769,307390,Undirected,3
53084,176097,Undirected,4
53084,377638,Undirected,8
176097,377638,Undirected,5
188517,377638,Undirected,3
35670,54329,Undirected,9
35670,131821,Undirected,9
35670,183209,Undirected,6
35670,255586,Undirected,8
54329,131821,Undirected,11
54329,183209,Undirected,10
54329,255586,Undirected,13
131821,183209,Undirected,7
131821,255586,Undirected,8
183209,255586,Undirected,10
75666,240534,Undirected,11
75666,290953,Undirected,11
75666,313973,Undirected,11
75666,359552,Undirected,11
240534,290953,Undirected,12
240534,313973,Undirected,12
240534,359552,Undirected,13
290953,313973,Undirected,12
290953,359552,Undirected,12
313973,359552,Undirected,12
53539,233782,Undirected,3
14369,142289,Undirected,7
47393,142289,Undirected,3
90980,142289,Undirected,6
107471,142289,Undirected,3
120114,142289,Undirected,10
120114,323710,Undirected,3
142289,166215,Undirected,3
142289,323710,Undirected,3
166215,323710,Undirected,7
269401,375342,Undirected,3
98775,264575,Undirected,4
33768,39462,Undirected,7
33768,257257,Undirected,10
33768,263756,Undirected,5
33768,282887,Undirected,8
39462,159981,Undirected,6
39462,257257,Undirected,6
39462,263756,Undirected,5
39462,281920,Undirected,13
39462,282887,Undirected,5
55475,257257,Undirected,8
55475,263756,Undirected,5
55475,281920,Undirected,3
55475,282887,Undirected,5
159981,257257,Undirected,16
159981,281920,Undirected,17
159981,282887,Undirected,10
220329,257257,Undirected,4
220329,263756,Undirected,6
220329,282887,Undirected,9
257257,263756,Undirected,5
257257,282887,Undirected,71
257257,372289,Undirected,15
263756,282887,Undirected,4
263756,372289,Undirected,9
282887,372289,Undirected,12
131309,185329,Undirected,3
171755,313388,Undirected,3
88146,288352,Undirected,3
274782,297205,Undirected,3
10054,257257,Undirected,6
10054,282887,Undirected,5
62770,257257,Undirected,4
62770,282887,Undirected,4
187465,282887,Undirected,3
50083,159981,Undirected,4
50083,257257,Undirected,8
50083,282887,Undirected,10
302052,352493,Undirected,3
73187,113332,Undirected,4
73187,123947,Undirected,4
73187,130894,Undirected,7
73187,224019,Undirected,3
73187,246930,Undirected,6
73187,334679,Undirected,3
110596,123947,Undirected,4
110596,246930,Undirected,3
110596,334679,Undirected,5
113332,130894,Undirected,5
113332,246930,Undirected,4
113332,290955,Undirected,3
113332,334679,Undirected,3
123947,130894,Undirected,6
123947,224019,Undirected,3
123947,224606,Undirected,7
123947,246930,Undirected,3
123947,290955,Undirected,3
123947,334679,Undirected,5
130894,224019,Undirected,5
130894,224606,Undirected,6
130894,246930,Undirected,7
130894,290955,Undirected,6
130894,334679,Undirected,5
224019,224606,Undirected,3
224019,246930,Undirected,6
224019,334679,Undirected,4
224606,246930,Undirected,3
224606,334679,Undirected,4
246930,290955,Undirected,5
246930,334679,Undirected,4
30810,113945,Undirected,4
212693,237686,Undirected,3
22693,388160,Undirected,3
58125,140538,Undirected,10
58125,257202,Undirected,3
77237,95035,Undirected,4
77237,171838,Undirected,3
77237,282590,Undirected,5
77237,299956,Undirected,11
77237,348909,Undirected,4
95035,171838,Undirected,3
95035,184399,Undirected,4
95035,282590,Undirected,3
95035,299956,Undirected,7
171838,282590,Undirected,6
171838,299956,Undirected,4
171838,348909,Undirected,3
189432,348909,Undirected,3
282590,299956,Undirected,5
282590,348909,Undirected,4
184847,296788,Undirected,4
240250,303863,Undirected,3
240250,366386,Undirected,4
132561,142279,Undirected,3
132561,200620,Undirected,3
142279,200620,Undirected,3
274864,371359,Undirected,3
326654,388922,Undirected,3
122157,161671,Undirected,3
122157,264738,Undirected,3
215636,238013,Undirected,3
215636,326273,Undirected,3
209294,240250,Undirected,5
96349,175219,Undirected,3
88572,182825,Undirected,5
88572,285408,Undirected,4
137038,199119,Undirected,3
137038,285408,Undirected,5
208328,285408,Undirected,3
39462,72814,Undirected,5
39462,73203,Undirected,7
39462,163464,Undirected,16
39462,214283,Undirected,3
39462,246395,Undirected,5
39462,296766,Undirected,4
72814,73203,Undirected,18
72814,214283,Undirected,13
72814,252693,Undirected,3
73203,163464,Undirected,54
73203,214283,Undirected,22
73203,246395,Undirected,3
73203,263756,Undirected,7
73203,386007,Undirected,32
163464,214283,Undirected,42
163464,246395,Undirected,6
163464,252693,Undirected,3
163464,296766,Undirected,9
246395,263756,Undirected,4
2374,53364,Undirected,4
2374,163464,Undirected,7
2374,250271,Undirected,3
2374,296766,Undirected,4
14074,53364,Undirected,10
14074,163464,Undirected,12
14074,250271,Undirected,5
14074,296766,Undirected,5
53364,64602,Undirected,6
53364,85934,Undirected,11
53364,163464,Undirected,19
53364,190587,Undirected,8
53364,250271,Undirected,8
53364,296766,Undirected,11
64602,163464,Undirected,4
64602,190587,Undirected,4
64602,296766,Undirected,4
85934,163464,Undirected,15
85934,190587,Undirected,6
85934,250271,Undirected,3
85934,296766,Undirected,5
163464,190587,Undirected,8
190587,250271,Undirected,4
190587,296766,Undirected,10
250271,296766,Undirected,4
7617,57122,Undirected,8
7617,118260,Undirected,3
7617,122576,Undirected,10
7617,256964,Undirected,4
7617,317975,Undirected,17
7617,364514,Undirected,3
33768,57122,Undirected,11
33768,118260,Undirected,8
33768,122576,Undirected,13
33768,256964,Undirected,5
33768,317975,Undirected,25
33768,353590,Undirected,6
33768,364514,Undirected,4
57122,118260,Undirected,3
57122,122576,Undirected,8
57122,317975,Undirected,11
57122,318552,Undirected,4
57122,353590,Undirected,3
118260,122576,Undirected,7
118260,317975,Undirected,6
118260,353590,Undirected,5
118260,364514,Undirected,5
122576,256964,Undirected,3
122576,317975,Undirected,9
122576,318552,Undirected,4
122576,353590,Undirected,4
122576,364514,Undirected,3
256964,317975,Undirected,3
256964,353590,Undirected,3
256964,364514,Undirected,3
317975,318552,Undirected,7
317975,353590,Undirected,4
317975,364514,Undirected,3
353590,364514,Undirected,3
16535,235005,Undirected,3
118784,120114,Undirected,9
118784,142289,Undirected,5
118784,191429,Undirected,9
120114,191429,Undirected,17
142289,191429,Undirected,9
125588,222948,Undirected,3
265988,297410,Undirected,3
97503,129953,Undirected,8
178515,276435,Undirected,3
71785,253219,Undirected,3
118289,253219,Undirected,4
204352,242890,Undirected,5
204352,381829,Undirected,5
242890,381829,Undirected,5
97503,167435,Undirected,3
39141,118584,Undirected,4
36318,265028,Undirected,3
265028,323796,Undirected,3
181522,273383,Undirected,5
273383,283924,Undirected,6
273383,328188,Undirected,4
253219,264897,Undirected,5
130818,376289,Undirected,3
195475,382318,Undirected,3
154922,252334,Undirected,4
134015,228498,Undirected,6
134015,282496,Undirected,7
134015,384557,Undirected,5
134015,388077,Undirected,5
228498,282496,Undirected,5
228498,384557,Undirected,4
282496,384557,Undirected,4
384557,388077,Undirected,4
66033,166850,Undirected,3
97433,203631,Undirected,4
128298,203631,Undirected,7
203631,338432,Undirected,3
109296,285408,Undirected,3
66242,285510,Undirected,3
112498,209344,Undirected,3
78968,101803,Undirected,3
101803,140538,Undirected,4
119002,213958,Undirected,3
128298,223428,Undirected,4
128298,375342,Undirected,4
213958,375342,Undirected,3
238534,333897,Undirected,3
94691,371180,Undirected,3
118519,124210,Undirected,4
187514,264892,Undirected,4
210790,264892,Undirected,5
264892,322069,Undirected,4
186484,296270,Undirected,3
69675,225108,Undirected,8
166813,225108,Undirected,7
166813,287790,Undirected,8
225108,262579,Undirected,8
225108,287790,Undirected,6
262579,287790,Undirected,6
50051,154888,Undirected,8
50051,233428,Undirected,10
81802,154888,Undirected,5
81802,233428,Undirected,11
154888,179118,Undirected,6
154888,212558,Undirected,3
154888,233428,Undirected,7
154888,260405,Undirected,6
154888,271232,Undirected,11
154888,302075,Undirected,11
212558,233428,Undirected,9
233428,260405,Undirected,9
166091,213367,Undirected,3
170493,386236,Undirected,4
215829,286227,Undirected,4
215829,359843,Undirected,3
12525,231951,Undirected,3
172756,348879,Undirected,3
157515,257401,Undirected,3
88591,179135,Undirected,4
88591,183297,Undirected,4
88591,211028,Undirected,4
179135,183297,Undirected,4
179135,211028,Undirected,4
183297,211028,Undirected,4
92249,181828,Undirected,3
100912,113192,Undirected,3
100912,304549,Undirected,11
113192,304549,Undirected,5
57009,128170,Undirected,3
128170,207823,Undirected,3
319197,366476,Undirected,3
214412,218378,Undirected,3
234044,319513,Undirected,3
177032,312943,Undirected,3
65654,116846,Undirected,3
65654,180261,Undirected,3
116846,180261,Undirected,3
17697,189087,Undirected,4
95389,189087,Undirected,5
166240,189087,Undirected,4
86576,372540,Undirected,3
88686,247073,Undirected,3
34870,71327,Undirected,5
34870,74014,Undirected,5
71327,74014,Undirected,5
47440,188266,Undirected,3
84751,110939,Undirected,3
289988,306509,Undirected,3
186474,355754,Undirected,7
296873,355754,Undirected,5
239773,318139,Undirected,3
206091,310648,Undirected,3
50017,275540,Undirected,3
121390,182143,Undirected,3
189604,352462,Undirected,3
195242,352462,Undirected,4
54396,301611,Undirected,3
278639,301611,Undirected,4
29465,234290,Undirected,3
161923,169006,Undirected,3
370763,387072,Undirected,3
6398,44781,Undirected,3
179583,386653,Undirected,3
51276,286230,Undirected,5
213237,265527,Undirected,4
57685,345465,Undirected,6
57685,388940,Undirected,3
345465,388940,Undirected,3
88572,275254,Undirected,3
4267,392732,Undirected,6
370037,377276,Undirected,3
377276,392732,Undirected,3
33953,54793,Undirected,5
33953,75581,Undirected,4
33953,273383,Undirected,4
54793,75581,Undirected,4
54793,273383,Undirected,4
75581,273383,Undirected,4
178273,202965,Undirected,3
75581,145320,Undirected,3
75581,182143,Undirected,3
75581,184847,Undirected,5
75581,248995,Undirected,4
145320,182143,Undirected,5
182143,184847,Undirected,4
182143,248995,Undirected,4
148338,156590,Undirected,3
97503,118519,Undirected,3
299956,364769,Undirected,3
199864,371359,Undirected,4
353071,371359,Undirected,3
38012,96909,Undirected,8
96909,247453,Undirected,6
190964,270860,Undirected,3
174219,291921,Undirected,3
61322,334959,Undirected,3
48844,183601,Undirected,3
183601,303981,Undirected,3
90650,382231,Undirected,4
181920,226692,Undirected,3
67996,96349,Undirected,3
181828,371276,Undirected,3
216400,236273,Undirected,4
130884,175545,Undirected,3
33318,203479,Undirected,3
56053,199096,Undirected,4
96909,203479,Undirected,3
122211,203479,Undirected,3
199096,203479,Undirected,4
203479,205108,Undirected,3
203479,223428,Undirected,3
64783,127566,Undirected,5
90439,100571,Undirected,3
100571,178820,Undirected,3
100571,353349,Undirected,4
178820,353349,Undirected,4
103895,127566,Undirected,9
118519,187705,Undirected,3
110125,209294,Undirected,3
110125,240250,Undirected,6
49938,213237,Undirected,3
127336,175272,Undirected,13
127336,354743,Undirected,4
234044,316770,Undirected,3
179418,267704,Undirected,3
21315,299740,Undirected,3
122951,228490,Undirected,3
228490,299740,Undirected,3
57667,353948,Undirected,3
150388,353948,Undirected,3
271476,315886,Undirected,3
104600,236859,Undirected,6
22421,116846,Undirected,5
22421,187861,Undirected,5
22421,200395,Undirected,5
22421,205086,Undirected,5
22421,283964,Undirected,3
22421,313406,Undirected,5
22421,346330,Undirected,5
116846,187861,Undirected,5
116846,200395,Undirected,5
116846,283964,Undirected,3
116846,313406,Undirected,5
116846,346330,Undirected,5
187861,200395,Undirected,9
187861,205086,Undirected,9
187861,283964,Undirected,3
187861,313406,Undirected,9
187861,346330,Undirected,5
200395,205086,Undirected,10
200395,283964,Undirected,3
200395,313406,Undirected,9
200395,346330,Undirected,5
205086,283964,Undirected,3
205086,313406,Undirected,9
205086,346330,Undirected,5
283964,313406,Undirected,3
283964,346330,Undirected,3
313406,346330,Undirected,5
38086,91614,Undirected,4
38086,209474,Undirected,3
38086,212830,Undirected,3
38086,370619,Undirected,3
56849,63456,Undirected,3
74985,340167,Undirected,4
33479,336923,Undirected,3
271187,308403,Undirected,3
26495,140538,Undirected,3
144418,202684,Undirected,4
281534,368466,Undirected,3
10361,58423,Undirected,7
38086,363880,Undirected,6
51355,114132,Undirected,6
66178,110379,Undirected,3
98991,187651,Undirected,3
98991,265553,Undirected,4
187651,265553,Undirected,3
123200,375077,Undirected,3
38086,44154,Undirected,3
38086,250043,Undirected,5
43965,181828,Undirected,3
125839,178827,Undirected,3
172133,385376,Undirected,5
29821,375342,Undirected,3
89080,375342,Undirected,3
197472,269500,Undirected,4
49696,310648,Undirected,4
323042,375658,Undirected,4
130894,355347,Undirected,7
85643,216575,Undirected,3
124210,372596,Undirected,4
104362,154474,Undirected,9
31847,366114,Undirected,4
366114,382586,Undirected,4
301622,313546,Undirected,3
88994,213958,Undirected,3
127566,287957,Undirected,3
127566,353434,Undirected,4
287957,386670,Undirected,3
75581,189604,Undirected,5
75581,388627,Undirected,3
76970,137228,Undirected,8
76970,388627,Undirected,8
121390,137228,Undirected,8
121390,335508,Undirected,5
121390,388627,Undirected,4
137228,189604,Undirected,4
57624,133788,Undirected,3
57624,166789,Undirected,3
57624,213261,Undirected,3
57624,266933,Undirected,3
133788,166789,Undirected,3
133788,266933,Undirected,3
166789,213261,Undirected,3
213958,246197,Undirected,3
246197,301874,Undirected,3
134069,278192,Undirected,3
7617,62312,Undirected,5
7617,72814,Undirected,8
7617,214283,Undirected,4
7617,282887,Undirected,4
7617,391115,Undirected,3
62312,72814,Undirected,3
62312,214283,Undirected,4
62312,282887,Undirected,10
62312,359925,Undirected,3
72814,187426,Undirected,9
72814,282887,Undirected,16
72814,317975,Undirected,9
187426,214283,Undirected,14
187426,282887,Undirected,6
214283,282887,Undirected,20
214283,317975,Undirected,5
214283,344698,Undirected,6
282887,317975,Undirected,3
282887,344698,Undirected,3
282887,359925,Undirected,3
282887,391115,Undirected,3
344698,391115,Undirected,3
69568,303365,Undirected,4
51276,137228,Undirected,3
189604,191183,Undirected,6
217586,362802,Undirected,5
328188,362802,Undirected,3
181600,186752,Undirected,4
43965,315359,Undirected,5
43965,353871,Undirected,3
215636,315359,Undirected,3
315359,353871,Undirected,4
124974,180261,Undirected,3
124974,209474,Undirected,3
180261,197224,Undirected,3
180261,209474,Undirected,4
197224,209474,Undirected,3
87677,160449,Undirected,3
87677,170177,Undirected,5
160449,170177,Undirected,17
160449,211297,Undirected,9
160449,353655,Undirected,9
170177,211297,Undirected,11
170177,353655,Undirected,13
7617,14074,Undirected,4
7617,163464,Undirected,9
7617,263756,Undirected,3
14074,159981,Undirected,9
14074,208816,Undirected,4
14074,213455,Undirected,5
14074,263756,Undirected,4
14074,355129,Undirected,8
14074,391115,Undirected,3
159981,208816,Undirected,4
159981,213455,Undirected,4
159981,355129,Undirected,5
159981,391115,Undirected,4
163464,208816,Undirected,9
163464,213455,Undirected,3
163464,355129,Undirected,8
163464,372289,Undirected,11
163464,391115,Undirected,4
208816,213455,Undirected,3
208816,263756,Undirected,3
208816,391115,Undirected,4
213455,263756,Undirected,3
213455,391115,Undirected,3
263756,391115,Undirected,3
52041,90439,Undirected,4
265231,345473,Undirected,3
146752,167435,Undirected,4
146752,177032,Undirected,3
167435,177032,Undirected,7
108156,360707,Undirected,3
63132,68527,Undirected,3
63132,103649,Undirected,3
63132,318459,Undirected,3
63132,336263,Undirected,3
113391,174489,Undirected,3
13453,209051,Undirected,5
230640,284382,Undirected,3
213576,367506,Undirected,5
270559,367506,Undirected,3
95435,100960,Undirected,4
77533,319040,Undirected,3
4267,175891,Undirected,5
4267,234372,Undirected,5
4267,334716,Undirected,5
4267,355543,Undirected,6
175891,234372,Undirected,5
175891,334716,Undirected,4
175891,392732,Undirected,5
234372,334716,Undirected,4
234372,355543,Undirected,5
234372,392732,Undirected,5
334716,355543,Undirected,7
334716,392732,Undirected,4
355543,392732,Undirected,5
59817,351592,Undirected,3
94601,175272,Undirected,6
175272,351592,Undirected,4
351592,354743,Undirected,4
234372,377276,Undirected,3
334716,377276,Undirected,3
355543,377276,Undirected,3
58118,224019,Undirected,4
58118,246930,Undirected,6
60665,160161,Undirected,4
160161,172611,Undirected,3
160161,272829,Undirected,4
172611,185222,Undirected,3
172611,272829,Undirected,4
31830,39372,Undirected,3
31830,114970,Undirected,4
31830,359408,Undirected,3
39372,114970,Undirected,3
39372,328097,Undirected,4
114970,118693,Undirected,3
114970,328097,Undirected,3
15548,66824,Undirected,3
15548,108268,Undirected,3
15548,205621,Undirected,3
15548,361672,Undirected,3
364300,366654,Undirected,3
288977,372540,Undirected,3
91613,381487,Undirected,7
182859,269334,Undirected,5
69675,194912,Undirected,6
181253,231639,Undirected,3
59817,183753,Undirected,3
118103,125839,Undirected,4
118103,183753,Undirected,5
125839,183753,Undirected,5
125839,354743,Undirected,4
154888,368277,Undirected,6
707,137228,Undirected,4
189604,283924,Undirected,7
118103,127336,Undirected,3
118103,175272,Undirected,4
118103,351592,Undirected,4
235005,334851,Undirected,3
92810,181515,Undirected,3
42847,90568,Undirected,3
80585,282294,Undirected,3
102914,388392,Undirected,4
925,42847,Undirected,4
234344,266678,Undirected,3
41840,161671,Undirected,4
41840,176467,Undirected,4
161671,176467,Undirected,5
283924,382296,Undirected,3
242637,249491,Undirected,3
22488,161972,Undirected,6
22488,169719,Undirected,5
22488,185222,Undirected,5
88431,169719,Undirected,4
88431,185222,Undirected,4
161972,169719,Undirected,6
161972,185222,Undirected,5
161972,371521,Undirected,5
169719,371521,Undirected,5
60870,138266,Undirected,4
29095,78968,Undirected,10
29095,385121,Undirected,4
67775,258550,Undirected,4
97433,258550,Undirected,4
178615,258550,Undirected,3
211218,258550,Undirected,4
258550,299930,Undirected,3
258550,375242,Undirected,3
250244,370195,Undirected,9
8773,290749,Undirected,3
49696,208432,Undirected,4
206091,208432,Undirected,5
208432,264542,Undirected,3
264542,290749,Undirected,3
181600,186285,Undirected,4
27775,85643,Undirected,3
47603,85643,Undirected,3
85643,88572,Undirected,5
85643,148638,Undirected,4
85643,263169,Undirected,3
85643,342699,Undirected,8
85643,356832,Undirected,3
263169,356832,Undirected,3
62960,210800,Undirected,4
62960,219695,Undirected,3
62960,269532,Undirected,4
62960,319738,Undirected,7
210800,219695,Undirected,7
210800,269532,Undirected,3
210800,317550,Undirected,5
219695,317550,Undirected,3
219695,319738,Undirected,13
219695,337399,Undirected,3
255874,256964,Undirected,3
255874,317550,Undirected,6
256964,269532,Undirected,4
256964,317550,Undirected,4
256964,317559,Undirected,4
256964,319738,Undirected,5
269532,319738,Undirected,7
317550,317559,Undirected,7
317550,319738,Undirected,11
317550,337399,Undirected,3
317559,319738,Undirected,8
317559,337399,Undirected,4
319738,337399,Undirected,4
38455,62507,Undirected,3
94601,300560,Undirected,3
125839,175272,Undirected,7
45507,56159,Undirected,5
45507,84698,Undirected,3
45507,106152,Undirected,5
45507,208619,Undirected,3
45507,347803,Undirected,6
56159,84698,Undirected,3
56159,106152,Undirected,3
56159,208619,Undirected,3
56159,347803,Undirected,5
84698,208619,Undirected,3
84698,347803,Undirected,3
106152,206679,Undirected,3
106152,347803,Undirected,5
208619,347803,Undirected,3
252482,309378,Undirected,3
3231,73203,Undirected,5
3231,75581,Undirected,5
3231,86584,Undirected,7
3231,107967,Undirected,3
3231,161073,Undirected,8
3231,163464,Undirected,6
3231,250271,Undirected,3
3231,336674,Undirected,12
73203,75581,Undirected,29
73203,107967,Undirected,17
73203,161073,Undirected,39
73203,250271,Undirected,36
73203,336674,Undirected,17
75581,86584,Undirected,11
75581,107967,Undirected,20
75581,161073,Undirected,29
75581,336674,Undirected,14
86584,107967,Undirected,4
86584,163464,Undirected,6
86584,250271,Undirected,3
86584,336674,Undirected,9
107967,161073,Undirected,10
107967,163464,Undirected,24
107967,250271,Undirected,12
107967,336674,Undirected,4
161073,163464,Undirected,40
161073,250271,Undirected,29
161073,336674,Undirected,40
161073,337116,Undirected,6
163464,336674,Undirected,21
163464,337116,Undirected,3
250271,336674,Undirected,11
336674,337116,Undirected,9
134649,337599,Undirected,4
40372,172805,Undirected,3
40372,325064,Undirected,3
72655,231307,Undirected,5
658,7617,Undirected,16
658,33768,Undirected,20
658,55475,Undirected,13
658,57122,Undirected,9
658,309800,Undirected,13
658,317975,Undirected,16
658,353590,Undirected,4
7617,309800,Undirected,11
33768,213455,Undirected,3
33768,232244,Undirected,4
33768,309800,Undirected,8
55475,57122,Undirected,5
55475,309800,Undirected,5
55475,317975,Undirected,12
57122,309800,Undirected,3
213455,232244,Undirected,3
213455,353590,Undirected,3
232244,317975,Undirected,3
309800,317975,Undirected,8
41903,213237,Undirected,5
37905,355570,Undirected,4
3573,340167,Undirected,3
9002,270788,Undirected,4
9002,272084,Undirected,4
9002,295248,Undirected,3
270788,272084,Undirected,6
270788,295248,Undirected,5
270788,340219,Undirected,6
272084,340167,Undirected,5
295248,340167,Undirected,4
28570,195598,Undirected,4
28570,289675,Undirected,3
28570,338016,Undirected,4
195598,289675,Undirected,3
195598,338016,Undirected,4
185375,204887,Undirected,3
27683,231307,Undirected,4
87115,160604,Undirected,9
87115,354516,Undirected,3
87115,367739,Undirected,6
160604,210800,Undirected,3
160604,212072,Undirected,3
160604,354516,Undirected,5
160604,367739,Undirected,8
163341,210800,Undirected,4
163341,212072,Undirected,3
163341,319988,Undirected,3
212072,367739,Undirected,3
168997,218656,Undirected,4
157515,173450,Undirected,3
191166,241513,Undirected,3
22488,285548,Undirected,3
97433,128288,Undirected,8
161972,285548,Undirected,3
249549,297680,Undirected,4
128259,376154,Undirected,3
51438,93706,Undirected,3
234290,265393,Undirected,3
58970,160224,Undirected,3
58970,320202,Undirected,3
104195,160224,Undirected,3
132745,320202,Undirected,5
160224,320202,Undirected,5
14414,362062,Undirected,4
182352,224063,Undirected,5
29095,97433,Undirected,4
41765,97433,Undirected,4
97433,326781,Undirected,4
97433,373032,Undirected,4
60566,69675,Undirected,7
69675,166813,Undirected,8
85643,167147,Undirected,6
167147,318449,Undirected,7
60566,96846,Undirected,4
16549,47577,Undirected,3
85643,338320,Undirected,4
197477,354788,Undirected,3
109296,263169,Undirected,3
119637,327507,Undirected,4
160413,214267,Undirected,5
160413,261254,Undirected,5
160413,284715,Undirected,3
214267,261254,Undirected,6
214267,284715,Undirected,3
214267,296017,Undirected,3
261254,284715,Undirected,3
95035,296595,Undirected,5
110609,320382,Undirected,3
88994,117627,Undirected,3
84863,171838,Undirected,4
84863,256178,Undirected,5
84863,282590,Undirected,3
171838,203208,Undirected,3
171838,256178,Undirected,6
171838,299813,Undirected,6
203208,256178,Undirected,9
256178,282590,Undirected,3
256178,299813,Undirected,3
282590,299813,Undirected,4
54793,76970,Undirected,3
54793,121390,Undirected,4
54793,195242,Undirected,4
54793,217586,Undirected,6
227689,323096,Undirected,3
90980,114132,Undirected,4
114132,142289,Undirected,3
142289,232416,Undirected,3
162283,203631,Undirected,4
162283,237769,Undirected,3
203631,237769,Undirected,3
203631,269401,Undirected,4
20491,331198,Undirected,3
50451,213544,Undirected,3
160557,213544,Undirected,3
90439,358929,Undirected,3
15181,31847,Undirected,4
15181,97433,Undirected,4
15181,169649,Undirected,4
15181,210120,Undirected,3
31847,97433,Undirected,6
31847,169649,Undirected,4
31847,258027,Undirected,4
97433,169649,Undirected,6
97433,258027,Undirected,5
169649,258027,Undirected,4
210120,258027,Undirected,3
38920,68795,Undirected,3
38920,250394,Undirected,3
250372,346416,Undirected,3
85018,93678,Undirected,3
93678,344462,Undirected,5
138289,220463,Undirected,3
138289,344462,Undirected,4
220463,269704,Undirected,4
220463,344462,Undirected,8
269704,344462,Undirected,4
35250,225343,Undirected,3
35250,341215,Undirected,3
181938,225343,Undirected,3
225343,260944,Undirected,3
225343,341215,Undirected,3
233069,272854,Undirected,3
233069,341215,Undirected,6
80772,371359,Undirected,6
169878,213656,Undirected,3
213656,344202,Undirected,3
92600,266575,Undirected,3
24776,77496,Undirected,3
194567,257202,Undirected,3
320485,376521,Undirected,3
131486,187503,Undirected,4
47424,87115,Undirected,8
47424,339300,Undirected,3
87115,118260,Undirected,5
87115,339300,Undirected,6
118260,266571,Undirected,3
127771,170072,Undirected,3
266571,339300,Undirected,7
266571,354516,Undirected,5
266571,365606,Undirected,3
97433,101803,Undirected,3
117627,169719,Undirected,4
117627,213958,Undirected,7
260679,334716,Undirected,3
260679,355543,Undirected,4
260679,384900,Undirected,3
260679,387096,Undirected,3
334716,384900,Undirected,3
334716,387096,Undirected,3
355543,384900,Undirected,3
355543,387096,Undirected,3
384900,387096,Undirected,3
49320,72875,Undirected,5
49320,277774,Undirected,3
2520,52041,Undirected,3
52041,280845,Undirected,3
52041,296447,Undirected,3
52041,317559,Undirected,3
84741,185474,Undirected,3
293550,314666,Undirected,4
14074,301686,Undirected,3
14074,337116,Undirected,7
85934,301686,Undirected,3
85934,337116,Undirected,4
14246,61409,Undirected,4
14246,167128,Undirected,4
14246,251725,Undirected,4
14246,311729,Undirected,3
61409,167128,Undirected,4
61409,186895,Undirected,3
61409,251725,Undirected,4
112681,186895,Undirected,3
167128,251725,Undirected,4
60489,329492,Undirected,3
97433,139304,Undirected,3
97433,175545,Undirected,3
175545,222481,Undirected,3
105560,160604,Undirected,3
105560,161725,Undirected,4
105560,252483,Undirected,3
160604,161725,Undirected,3
161725,252483,Undirected,5
317559,364514,Undirected,4
88686,97503,Undirected,3
88686,345478,Undirected,3
22523,128029,Undirected,4
128029,386663,Undirected,3
193273,241828,Undirected,3
118289,327507,Undirected,3
41042,119637,Undirected,3
41042,327507,Undirected,3
58970,234290,Undirected,3
68239,227744,Undirected,3
23018,94624,Undirected,4
60665,361672,Undirected,6
168203,370968,Undirected,3
114710,352493,Undirected,3
38012,93625,Undirected,3
38012,138837,Undirected,5
38012,176655,Undirected,3
93625,138837,Undirected,3
93625,176655,Undirected,3
138837,176655,Undirected,3
22112,279654,Undirected,3
49982,340248,Undirected,3
96409,372361,Undirected,3
210036,319712,Undirected,4
36644,232021,Undirected,3
23197,47959,Undirected,3
315788,326742,Undirected,3
183773,280532,Undirected,3
272254,385345,Undirected,5
50701,336602,Undirected,3
68767,127051,Undirected,5
68767,170072,Undirected,4
68767,255088,Undirected,16
68767,275423,Undirected,14
68767,292270,Undirected,5
68767,319738,Undirected,19
68767,337116,Undirected,15
68767,383055,Undirected,5
127051,255088,Undirected,4
127051,275423,Undirected,3
127051,292270,Undirected,4
127051,337116,Undirected,3
127051,383055,Undirected,3
158172,319738,Undirected,4
170072,255088,Undirected,3
170072,275423,Undirected,4
170072,383055,Undirected,4
255088,275423,Undirected,12
255088,292270,Undirected,4
255088,319738,Undirected,14
255088,337116,Undirected,12
255088,383055,Undirected,4
275423,292270,Undirected,5
275423,319738,Undirected,13
275423,337116,Undirected,11
275423,383055,Undirected,5
292270,319738,Undirected,5
292270,337116,Undirected,5
292270,383055,Undirected,5
319738,337116,Undirected,12
319738,383055,Undirected,5
337116,383055,Undirected,5
254631,322683,Undirected,4
173974,234290,Undirected,3
96909,144897,Undirected,3
96909,297924,Undirected,3
119905,144897,Undirected,3
119905,297924,Undirected,3
144897,297924,Undirected,3
205108,297924,Undirected,3
62996,370763,Undirected,3
108680,128321,Undirected,3
92146,209294,Undirected,3
19442,254101,Undirected,3
330458,368046,Undirected,3
162111,203208,Undirected,3
160449,250244,Undirected,8
160449,370195,Undirected,4
170177,250244,Undirected,13
170177,370195,Undirected,6
353655,370195,Undirected,8
108536,295383,Undirected,3
138920,281447,Undirected,3
90643,156946,Undirected,3
64854,392341,Undirected,3
20842,109589,Undirected,8
159853,199947,Undirected,7
194903,323821,Undirected,3
49696,101061,Undirected,3
61969,310648,Undirected,4
101061,310648,Undirected,4
152284,310648,Undirected,3
152284,359594,Undirected,3
152284,361672,Undirected,3
254101,310648,Undirected,3
31830,162301,Undirected,3
31830,307711,Undirected,4
114970,196141,Undirected,3
117588,307711,Undirected,3
73008,176467,Undirected,3
250043,289988,Undirected,3
250043,355248,Undirected,3
68767,221969,Undirected,4
68767,312257,Undirected,3
190587,337116,Undirected,6
221969,312257,Undirected,3
221969,337116,Undirected,5
312257,337116,Undirected,5
52227,373881,Undirected,4
27102,354816,Undirected,3
203246,281933,Undirected,6
45858,214071,Undirected,5
214071,285408,Undirected,3
202965,275622,Undirected,3
202965,308015,Undirected,3
202965,328194,Undirected,4
202965,359372,Undirected,3
275622,308015,Undirected,3
275622,328194,Undirected,3
275622,359372,Undirected,3
308015,328194,Undirected,3
308015,359372,Undirected,3
328194,359372,Undirected,3
33047,345067,Undirected,3
46061,345067,Undirected,3
60124,311065,Undirected,3
210036,342816,Undirected,6
319712,342816,Undirected,4
342816,380617,Undirected,3
222196,304472,Undirected,3
40769,224485,Undirected,3
243539,272854,Undirected,3
84409,249626,Undirected,4
145498,210661,Undirected,3
54793,283924,Undirected,4
75581,283924,Undirected,3
75581,352462,Undirected,8
159853,312479,Undirected,3
199947,312479,Undirected,3
72297,74326,Undirected,3
72297,96909,Undirected,4
74326,247453,Undirected,4
42444,95035,Undirected,6
42444,128693,Undirected,4
42444,171838,Undirected,3
42444,358923,Undirected,3
95035,256178,Undirected,4
95035,358923,Undirected,4
128693,256178,Undirected,3
171838,358923,Undirected,3
256178,358923,Undirected,3
348909,358923,Undirected,4
6398,360183,Undirected,3
37996,265547,Undirected,3
107388,210910,Undirected,3
107388,313321,Undirected,3
210910,313321,Undirected,3
210910,358358,Undirected,4
72340,336674,Undirected,3
72814,87115,Undirected,14
72814,163206,Undirected,4
72814,301686,Undirected,3
72814,336674,Undirected,15
87115,159981,Undirected,3
87115,301686,Undirected,4
87115,336674,Undirected,14
159981,163206,Undirected,3
159981,301686,Undirected,3
159981,336674,Undirected,6
163206,336674,Undirected,5
301686,332113,Undirected,5
301686,336674,Undirected,7
332113,336674,Undirected,4
42400,239367,Undirected,5
211349,340237,Undirected,3
226633,280284,Undirected,3
88994,97433,Undirected,3
88994,140538,Undirected,5
88994,272829,Undirected,3
97433,258239,Undirected,3
25208,193197,Undirected,3
193197,240250,Undirected,3
240250,312174,Undirected,7
77468,185902,Undirected,3
185902,363880,Undirected,5
76214,183116,Undirected,7
76214,314901,Undirected,6
183116,314901,Undirected,4
41015,67063,Undirected,4
17889,92226,Undirected,3
92226,320821,Undirected,5
271476,300126,Undirected,4
300126,301719,Undirected,4
170493,340219,Undirected,3
135709,170493,Undirected,4
135709,233034,Undirected,4
135709,386236,Undirected,3
139370,233034,Undirected,5
170493,233034,Undirected,4
233034,283468,Undirected,3
229337,271091,Undirected,4
203631,353434,Undirected,4
100297,334401,Undirected,3
259813,377241,Undirected,3
88755,285408,Undirected,4
73668,305081,Undirected,4
42528,102379,Undirected,4
42528,275254,Undirected,4
102379,275254,Undirected,3
48973,90459,Undirected,3
186410,356175,Undirected,3
308013,380484,Undirected,3
110125,196464,Undirected,3
196464,240250,Undirected,9
41763,178235,Undirected,7
59929,178235,Undirected,6
74835,178235,Undirected,7
74835,235356,Undirected,3
178235,235356,Undirected,3
235356,276338,Undirected,3
235356,321449,Undirected,3
59805,96846,Undirected,3
59805,370721,Undirected,3
15181,366114,Undirected,3
84721,97433,Undirected,4
84721,169649,Undirected,4
84721,366114,Undirected,4
84721,382586,Undirected,3
97433,366114,Undirected,5
169649,366114,Undirected,4
118784,194706,Undirected,4
120114,194706,Undirected,7
142289,194706,Undirected,8
191429,194706,Undirected,6
242675,364800,Undirected,3
147174,299740,Undirected,3
234372,353355,Undirected,3
98536,294974,Undirected,4
95833,272854,Undirected,4
272854,353607,Undirected,3
57428,360755,Undirected,3
41763,253495,Undirected,3
74835,253495,Undirected,4
178235,253495,Undirected,4
253495,276338,Undirected,4
253495,321449,Undirected,4
253495,371359,Undirected,4
76850,388627,Undirected,3
190645,195242,Undirected,3
195242,388627,Undirected,4
196643,349812,Undirected,3
38920,68527,Undirected,3
38920,318459,Undirected,3
194243,336263,Undirected,3
22950,109455,Undirected,3
182652,214262,Undirected,3
69368,134003,Undirected,5
87677,370195,Undirected,4
97433,214709,Undirected,3
97433,297209,Undirected,3
97433,376521,Undirected,3
140538,214709,Undirected,9
160161,214709,Undirected,3
160161,376521,Undirected,4
185222,214709,Undirected,5
185222,287957,Undirected,5
185222,376521,Undirected,6
213958,214709,Undirected,5
213958,376521,Undirected,4
214709,287957,Undirected,6
214709,371359,Undirected,5
214709,376521,Undirected,6
371359,376521,Undirected,5
47424,69430,Undirected,9
69430,100571,Undirected,4
69430,160568,Undirected,6
69430,339300,Undirected,3
100571,163341,Undirected,13
248939,281933,Undirected,4
2856,296185,Undirected,5
54720,233346,Undirected,3
82758,295270,Undirected,3
130884,246150,Undirected,3
111384,248912,Undirected,3
192100,208643,Undirected,7
240250,357397,Undirected,8
73008,257267,Undirected,3
73008,264038,Undirected,4
658,64234,Undirected,4
658,69755,Undirected,10
658,75581,Undirected,3
658,163464,Undirected,26
658,250271,Undirected,25
658,372289,Undirected,14
658,386007,Undirected,9
64234,69755,Undirected,4
64234,75581,Undirected,4
64234,163464,Undirected,4
64234,250271,Undirected,3
64234,386007,Undirected,3
69755,75581,Undirected,56
69755,163464,Undirected,48
69755,250271,Undirected,29
69755,333457,Undirected,6
69755,372289,Undirected,16
69755,386007,Undirected,56
75581,333457,Undirected,5
75581,386007,Undirected,47
163464,333457,Undirected,8
163464,339608,Undirected,3
250271,333457,Undirected,4
250271,372289,Undirected,8
333457,339608,Undirected,7
333457,386007,Undirected,3
372289,386007,Undirected,4
658,73203,Undirected,8
658,122576,Undirected,15
658,159981,Undirected,13
658,214283,Undirected,10
658,359510,Undirected,8
658,364514,Undirected,5
73203,122576,Undirected,7
73203,159981,Undirected,15
73203,359510,Undirected,9
73203,364514,Undirected,4
122576,214283,Undirected,9
122576,359510,Undirected,3
159981,214283,Undirected,3
159981,359510,Undirected,7
163464,359510,Undirected,9
163464,364514,Undirected,3
214283,250271,Undirected,20
214283,359510,Undirected,5
214283,364514,Undirected,5
250271,359510,Undirected,8
250271,364514,Undirected,3
359510,364514,Undirected,3
658,212072,Undirected,5
658,263756,Undirected,3
73203,212072,Undirected,6
73203,372289,Undirected,7
159981,212072,Undirected,7
163464,305988,Undirected,5
212072,386007,Undirected,17
658,62312,Undirected,7
62312,73203,Undirected,4
62312,163464,Undirected,11
62312,359510,Undirected,3
76189,149017,Undirected,6
76189,163464,Undirected,3
359510,386007,Undirected,4
64234,122576,Undirected,3
69755,122576,Undirected,10
69755,212072,Undirected,13
122576,386007,Undirected,8
140606,148638,Undirected,4
140606,318449,Undirected,3
315010,332157,Undirected,5
117627,128298,Undirected,10
128298,249491,Undirected,4
265231,301043,Undirected,4
112519,186471,Undirected,5
112519,236540,Undirected,5
278523,385064,Undirected,3
178666,363096,Undirected,4
37996,212506,Undirected,3
102754,312203,Undirected,3
112863,278493,Undirected,3
260030,371224,Undirected,3
286230,335421,Undirected,3
74014,166240,Undirected,3
187460,338266,Undirected,3
118519,214267,Undirected,3
224606,296601,Undirected,4
296601,355347,Undirected,5
55041,215425,Undirected,3
22488,213958,Undirected,4
88431,213958,Undirected,3
213958,371521,Undirected,4
2898,88432,Undirected,3
2898,296017,Undirected,3
29080,339696,Undirected,3
272859,367870,Undirected,3
103767,174985,Undirected,3
7281,21967,Undirected,8
7281,90650,Undirected,8
7281,252178,Undirected,8
53084,239357,Undirected,3
196643,377638,Undirected,3
239357,377638,Undirected,5
117627,169723,Undirected,5
83977,163965,Undirected,3
83977,184453,Undirected,4
163965,184453,Undirected,3
27636,375077,Undirected,3
189116,375077,Undirected,3
368258,391912,Undirected,3
40932,379190,Undirected,3
108672,253932,Undirected,3
66824,102512,Undirected,4
66824,277950,Undirected,3
45514,159981,Undirected,8
45514,174178,Undirected,3
45514,194500,Undirected,10
45514,214837,Undirected,10
45514,288793,Undirected,4
100571,159981,Undirected,16
100571,174178,Undirected,3
100571,194500,Undirected,17
100571,214837,Undirected,15
159981,167054,Undirected,3
159981,174178,Undirected,3
159981,194500,Undirected,26
159981,196643,Undirected,6
159981,214837,Undirected,11
159981,288793,Undirected,11
174178,194500,Undirected,6
174178,196643,Undirected,3
174178,214837,Undirected,3
174178,288793,Undirected,5
182202,288793,Undirected,3
194500,196643,Undirected,6
194500,214837,Undirected,12
194500,288793,Undirected,9
196643,214837,Undirected,6
196643,288793,Undirected,4
214837,288793,Undirected,7
31830,124408,Undirected,4
31830,214283,Undirected,6
31830,262486,Undirected,4
114970,366750,Undirected,3
124408,214283,Undirected,7
124408,262486,Undirected,4
124408,340212,Undirected,3
124408,366750,Undirected,3
214283,262486,Undirected,3
214283,340212,Undirected,3
262486,366750,Undirected,5
340212,366750,Undirected,3
121390,297680,Undirected,3
189604,297680,Undirected,3
75581,255665,Undirected,21
75581,273980,Undirected,3
75581,278636,Undirected,5
75581,287656,Undirected,6
75581,360041,Undirected,3
163464,255665,Undirected,33
163464,273980,Undirected,4
163464,278636,Undirected,3
163464,360041,Undirected,6
250271,255665,Undirected,20
250271,273980,Undirected,4
250271,278636,Undirected,3
250271,360041,Undirected,3
255665,273980,Undirected,6
255665,287656,Undirected,6
255665,360041,Undirected,3
278636,287656,Undirected,7
2898,159651,Undirected,9
2898,261254,Undirected,8
2898,264811,Undirected,4
88432,159651,Undirected,4
122391,261254,Undirected,3
159651,261254,Undirected,10
159651,264811,Undirected,4
159651,296017,Undirected,3
261254,264811,Undirected,4
93203,139697,Undirected,4
41015,344831,Undirected,3
128031,197472,Undirected,5
197472,344831,Undirected,4
285838,285893,Undirected,12
13661,306925,Undirected,3
7617,250271,Undirected,14
7617,257257,Undirected,7
7617,294879,Undirected,3
7617,353193,Undirected,8
72814,257257,Undirected,8
72814,294879,Undirected,8
127051,159981,Undirected,14
127051,163464,Undirected,7
127051,250271,Undirected,5
127051,257257,Undirected,6
127051,294879,Undirected,7
127051,353193,Undirected,5
159981,294879,Undirected,10
159981,317975,Undirected,6
159981,353193,Undirected,6
163464,257257,Undirected,41
163464,294879,Undirected,10
163464,317975,Undirected,7
163464,353193,Undirected,8
250271,257257,Undirected,18
250271,294879,Undirected,6
250271,317975,Undirected,13
250271,353193,Undirected,8
257257,294879,Undirected,8
257257,317975,Undirected,8
257257,353193,Undirected,15
317975,353193,Undirected,11
37213,124040,Undirected,3
205248,213958,Undirected,4
121390,328097,Undirected,4
189604,256631,Undirected,3
189604,328097,Undirected,5
191183,328097,Undirected,3
217586,328097,Undirected,6
256631,328097,Undirected,4
283924,328097,Undirected,7
52041,75581,Undirected,3
52041,286230,Undirected,5
52041,352462,Undirected,4
75581,286230,Undirected,3
286230,352462,Undirected,4
263637,358929,Undirected,3
263637,364969,Undirected,3
358929,364969,Undirected,3
45858,127098,Undirected,4
190193,390615,Undirected,3
52041,68867,Undirected,3
171838,296595,Undirected,3
282590,295216,Undirected,5
282590,296595,Undirected,5
282590,358923,Undirected,4
86576,162203,Undirected,3
98077,162203,Undirected,3
120254,162203,Undirected,3
29395,160365,Undirected,3
109041,186484,Undirected,3
109041,316569,Undirected,3
114790,133511,Undirected,4
114790,186484,Undirected,3
114790,316569,Undirected,3
118148,334716,Undirected,3
190186,240250,Undirected,3
318544,321872,Undirected,3
91912,284106,Undirected,3
56952,140229,Undirected,6
56952,193852,Undirected,13
56952,214283,Undirected,15
56952,257257,Undirected,19
56952,282887,Undirected,15
56952,300295,Undirected,5
56952,315010,Undirected,6
56952,372289,Undirected,8
140229,214283,Undirected,4
140229,257257,Undirected,11
140229,282887,Undirected,8
140229,300295,Undirected,4
140229,315010,Undirected,5
140229,372289,Undirected,6
193852,214283,Undirected,24
193852,257257,Undirected,13
193852,282887,Undirected,15
193852,300295,Undirected,5
193852,309489,Undirected,4
193852,315010,Undirected,3
193852,372289,Undirected,4
214283,257257,Undirected,20
214283,300295,Undirected,3
214283,315010,Undirected,3
214283,372289,Undirected,5
257257,300295,Undirected,4
257257,315010,Undirected,5
282887,300295,Undirected,3
282887,315010,Undirected,5
300295,309489,Undirected,5
300295,372289,Undirected,3
315010,372289,Undirected,3
146555,222757,Undirected,3
6130,46871,Undirected,5
6130,69755,Undirected,7
6130,72814,Undirected,3
6130,282887,Undirected,5
46871,69755,Undirected,10
46871,72814,Undirected,5
46871,107366,Undirected,5
46871,107422,Undirected,6
46871,282887,Undirected,14
46871,307711,Undirected,4
46871,328379,Undirected,3
69755,72814,Undirected,19
69755,107422,Undirected,5
69755,282887,Undirected,33
69755,307711,Undirected,17
69755,328379,Undirected,3
72814,107366,Undirected,3
72814,107422,Undirected,4
107366,107422,Undirected,4
107366,282887,Undirected,5
107366,307711,Undirected,3
107422,163464,Undirected,5
107422,282887,Undirected,7
107422,307711,Undirected,3
107422,328379,Undirected,3
163464,282887,Undirected,29
282887,307711,Undirected,11
6130,257257,Undirected,3
46871,56952,Undirected,3
46871,194500,Undirected,4
46871,257257,Undirected,13
46871,300295,Undirected,4
46871,336803,Undirected,7
46871,386007,Undirected,3
56952,69755,Undirected,17
56952,194500,Undirected,8
56952,336803,Undirected,18
56952,386007,Undirected,10
69755,194500,Undirected,16
69755,257257,Undirected,31
69755,300295,Undirected,5
69755,336803,Undirected,29
194500,257257,Undirected,27
194500,282887,Undirected,17
194500,336803,Undirected,16
194500,386007,Undirected,15
257257,336803,Undirected,15
257257,386007,Undirected,12
282887,336803,Undirected,15
282887,386007,Undirected,17
336803,386007,Undirected,29
6130,75581,Undirected,3
6130,375764,Undirected,4
46871,75581,Undirected,4
46871,375764,Undirected,3
47140,69755,Undirected,4
47140,282887,Undirected,3
69755,187426,Undirected,12
69755,375764,Undirected,21
75581,187426,Undirected,5
75581,257257,Undirected,13
75581,282887,Undirected,14
75581,375764,Undirected,4
187426,257257,Undirected,4
257257,296766,Undirected,3
257257,375764,Undirected,15
282887,296766,Undirected,3
282887,375764,Undirected,13
6130,49476,Undirected,3
46871,87115,Undirected,3
49476,69755,Undirected,8
49476,72814,Undirected,3
49476,107422,Undirected,4
49476,375764,Undirected,7
69755,87115,Undirected,13
72814,75581,Undirected,13
72814,375764,Undirected,6
107422,375764,Undirected,4
21197,49476,Undirected,3
21197,69755,Undirected,4
21197,300295,Undirected,7
21197,375764,Undirected,3
300295,375764,Undirected,3
69755,214283,Undirected,48
75581,214283,Undirected,39
306360,380484,Undirected,3
242675,295851,Undirected,3
104154,194259,Undirected,3
118784,146971,Undirected,3
120114,146971,Undirected,5
146971,191429,Undirected,5
252482,387473,Undirected,4
94601,183753,Undirected,3
127336,183753,Undirected,3
31744,181764,Undirected,4
127181,181764,Undirected,8
181764,187095,Undirected,5
181764,188028,Undirected,8
181764,301433,Undirected,7
73668,240238,Undirected,3
127181,196124,Undirected,5
181764,196124,Undirected,5
188028,196124,Undirected,7
196124,301433,Undirected,6
109586,187095,Undirected,4
109586,188028,Undirected,5
109586,196124,Undirected,3
109586,301433,Undirected,3
187095,196124,Undirected,5
256178,296595,Undirected,4
157494,371276,Undirected,3
157494,373796,Undirected,3
371276,373796,Undirected,3
175545,213958,Undirected,3
237686,316834,Undirected,3
245720,308013,Undirected,4
114710,299530,Undirected,4
114710,321882,Undirected,3
299530,301719,Undirected,3
206091,264387,Undirected,3
58786,160925,Undirected,4
47959,192316,Undirected,3
48454,221312,Undirected,7
85947,221312,Undirected,3
77237,189830,Undirected,3
77237,358923,Undirected,6
77237,370733,Undirected,6
189830,282590,Undirected,3
189830,295216,Undirected,4
189830,370733,Undirected,5
282590,370733,Undirected,3
295216,370733,Undirected,3
358923,370733,Undirected,4
38432,84752,Undirected,6
38432,86885,Undirected,6
38432,385339,Undirected,6
42610,262579,Undirected,3
194912,262579,Undirected,6
143048,209344,Undirected,3
209344,360242,Undirected,3
45514,127051,Undirected,5
45514,163341,Undirected,7
45514,225212,Undirected,6
45514,281920,Undirected,6
100571,225212,Undirected,13
100571,281920,Undirected,13
127051,163341,Undirected,5
127051,194500,Undirected,14
127051,214837,Undirected,6
127051,225212,Undirected,9
127051,281920,Undirected,7
163341,194500,Undirected,7
163341,214837,Undirected,8
163341,225212,Undirected,10
163341,281920,Undirected,6
194500,225212,Undirected,12
194500,281920,Undirected,15
194500,337399,Undirected,4
214837,225212,Undirected,10
214837,281920,Undirected,10
214837,339608,Undirected,4
225212,281920,Undirected,8
281920,337399,Undirected,3
351437,367705,Undirected,3
54081,118172,Undirected,3
54081,270564,Undirected,3
156698,158135,Undirected,3
158135,226819,Undirected,3
177118,375847,Undirected,3
334203,389213,Undirected,3
101582,276435,Undirected,4
101582,388940,Undirected,3
21870,338045,Undirected,3
278639,338045,Undirected,4
80001,218224,Undirected,3
100571,127781,Undirected,4
100571,319988,Undirected,5
100571,342903,Undirected,6
127051,266032,Undirected,5
127051,342903,Undirected,5
127781,194500,Undirected,3
127781,266032,Undirected,3
127781,281920,Undirected,3
127781,288793,Undirected,5
127781,342903,Undirected,4
159981,266032,Undirected,4
159981,319988,Undirected,4
159981,342903,Undirected,4
194500,266032,Undirected,5
194500,319988,Undirected,5
194500,342903,Undirected,4
266032,281920,Undirected,3
266032,288793,Undirected,3
266032,319988,Undirected,4
281920,288793,Undirected,14
281920,319988,Undirected,3
281920,342903,Undirected,5
288793,319988,Undirected,3
288793,342903,Undirected,11
224485,247617,Undirected,3
68297,267419,Undirected,3
187460,267419,Undirected,3
21237,88706,Undirected,3
21237,373435,Undirected,3
37084,39534,Undirected,5
37084,123947,Undirected,3
37084,130894,Undirected,6
37084,334679,Undirected,6
37084,355347,Undirected,4
37084,379037,Undirected,6
39534,130894,Undirected,7
39534,355347,Undirected,4
39534,379037,Undirected,4
123947,355347,Undirected,5
123947,379037,Undirected,3
130894,379037,Undirected,6
334679,355347,Undirected,8
334679,379037,Undirected,3
209755,240250,Undirected,3
166570,307698,Undirected,4
232416,318544,Undirected,3
2898,160413,Undirected,4
2898,214267,Undirected,5
73137,159651,Undirected,5
73137,214267,Undirected,5
73137,261254,Undirected,5
75027,159651,Undirected,3
75027,261254,Undirected,3
159651,160413,Undirected,4
159651,214267,Undirected,5
54160,131008,Undirected,4
117771,179393,Undirected,3
42400,119812,Undirected,3
42400,305887,Undirected,4
119812,239367,Undirected,4
119812,305887,Undirected,3
239367,305887,Undirected,3
39372,214283,Undirected,7
39372,292573,Undirected,4
39372,307711,Undirected,6
136459,292573,Undirected,3
214283,292573,Undirected,3
214283,307711,Undirected,33
213261,320485,Undirected,3
73508,100571,Undirected,6
73508,214837,Undirected,5
288793,353446,Undirected,4
288793,375309,Undirected,3
42432,150802,Undirected,3
203631,287957,Undirected,6
8395,234372,Undirected,3
97433,194567,Undirected,3
140538,391334,Undirected,3
194567,214709,Undirected,4
14818,140027,Undirected,3
69699,163534,Undirected,3
118519,273445,Undirected,3
103521,118519,Undirected,5
68867,353349,Undirected,3
118206,228490,Undirected,3
118206,319513,Undirected,4
149835,319513,Undirected,3
224485,228490,Undirected,3
224485,319513,Undirected,4
53647,161640,Undirected,5
151340,385264,Undirected,3
249721,319197,Undirected,3
23140,181253,Undirected,4
23140,292389,Undirected,3
319513,320100,Undirected,3
57134,269334,Undirected,3
14246,323096,Undirected,4
122222,208012,Undirected,3
658,56952,Undirected,6
658,140229,Undirected,6
658,375764,Undirected,8
56952,375764,Undirected,9
69755,140229,Undirected,11
69755,315010,Undirected,8
140229,375764,Undirected,7
214283,375764,Undirected,4
315010,375764,Undirected,10
372289,375764,Undirected,11
42571,105486,Undirected,3
173627,391912,Undirected,4
264113,386495,Undirected,3
264113,391912,Undirected,3
273082,361672,Undirected,3
119905,203479,Undirected,3
191599,203479,Undirected,3
203479,297924,Undirected,3
52742,56831,Undirected,4
52742,114178,Undirected,3
52742,247529,Undirected,4
52742,299702,Undirected,3
56831,114178,Undirected,5
56831,247529,Undirected,8
56831,273097,Undirected,6
56831,299702,Undirected,9
114178,247529,Undirected,6
114178,273097,Undirected,3
114178,299702,Undirected,4
247529,273097,Undirected,6
247529,299702,Undirected,6
273097,299702,Undirected,5
3231,72566,Undirected,9
3231,127051,Undirected,3
3231,193852,Undirected,9
3231,266302,Undirected,8
3231,336803,Undirected,7
3231,340958,Undirected,3
3231,341441,Undirected,3
14074,72566,Undirected,12
14074,193852,Undirected,13
14074,266302,Undirected,14
14074,336803,Undirected,14
14074,341441,Undirected,3
72566,127051,Undirected,17
72566,193852,Undirected,34
72566,266302,Undirected,48
72566,336803,Undirected,50
72566,340958,Undirected,4
72566,341441,Undirected,5
127051,193852,Undirected,13
127051,266302,Undirected,15
127051,336803,Undirected,12
127051,341441,Undirected,3
193852,266302,Undirected,33
193852,336803,Undirected,41
193852,340958,Undirected,3
193852,341441,Undirected,4
266302,336803,Undirected,46
266302,340958,Undirected,4
266302,341441,Undirected,5
336803,340958,Undirected,3
336803,341441,Undirected,4
340958,341441,Undirected,5
58125,128288,Undirected,7
58125,388547,Undirected,9
97433,388547,Undirected,10
128288,205621,Undirected,7
128288,286011,Undirected,7
128288,371359,Undirected,7
128288,388547,Undirected,7
205621,286011,Undirected,7
205621,388547,Undirected,7
286011,388547,Undirected,7
371359,388547,Undirected,6
424,86584,Undirected,5
424,193852,Undirected,4
424,266302,Undirected,5
38989,86584,Undirected,8
38989,193852,Undirected,5
38989,266302,Undirected,6
38989,336674,Undirected,4
85934,193852,Undirected,4
85934,336674,Undirected,17
86584,193852,Undirected,20
86584,208447,Undirected,3
86584,266302,Undirected,30
193852,336674,Undirected,13
208447,266302,Undirected,3
266302,336674,Undirected,8
424,336803,Undirected,4
86584,148815,Undirected,11
86584,336342,Undirected,3
86584,336803,Undirected,34
127051,336342,Undirected,4
148815,266302,Undirected,6
148815,336803,Undirected,13
336342,336803,Undirected,5
3231,85934,Undirected,5
72566,163464,Undirected,5
163464,193852,Undirected,4
163464,266302,Undirected,3
163464,336803,Undirected,7
3231,53364,Undirected,8
3231,189953,Undirected,3
3231,244185,Undirected,5
53364,72566,Undirected,8
53364,86584,Undirected,8
53364,193852,Undirected,13
53364,266302,Undirected,7
53364,336803,Undirected,8
72566,86584,Undirected,35
72566,189953,Undirected,18
72566,244185,Undirected,19
72566,336674,Undirected,10
86584,189953,Undirected,17
86584,244185,Undirected,19
189953,193852,Undirected,10
189953,244185,Undirected,11
189953,266302,Undirected,15
189953,336674,Undirected,3
189953,336803,Undirected,18
193852,244185,Undirected,13
244185,266302,Undirected,18
244185,336674,Undirected,4
244185,336803,Undirected,18
336674,336803,Undirected,7
3231,315464,Undirected,5
72566,187426,Undirected,15
72566,315464,Undirected,13
86584,187426,Undirected,15
86584,315464,Undirected,12
86584,332113,Undirected,3
86584,393880,Undirected,4
187426,193852,Undirected,10
187426,244185,Undirected,8
187426,315464,Undirected,8
187426,336674,Undirected,8
193852,315464,Undirected,8
193852,332113,Undirected,3
193852,393880,Undirected,4
244185,315464,Undirected,7
315464,336674,Undirected,6
119328,166600,Undirected,3
119328,383523,Undirected,3
166600,353607,Undirected,3
166600,383523,Undirected,4
353607,383523,Undirected,3
155779,156228,Undirected,3
76850,181522,Undirected,3
181522,248995,Undirected,3
181522,296745,Undirected,3
103622,264552,Undirected,4
103622,331198,Undirected,4
264552,331198,Undirected,4
111558,209344,Undirected,4
160593,165111,Undirected,3
165111,333719,Undirected,3
320204,370176,Undirected,3
328188,388627,Undirected,3
195475,248793,Undirected,3
185222,321874,Undirected,4
185222,391334,Undirected,3
223428,321874,Undirected,4
321874,391334,Undirected,3
145320,328097,Undirected,3
182143,328097,Undirected,3
184847,328097,Undirected,3
248995,328097,Undirected,3
328097,328188,Undirected,5
14074,73203,Undirected,4
14074,353193,Undirected,3
14074,353590,Undirected,7
73203,257257,Undirected,9
73203,353590,Undirected,4
159981,353590,Undirected,3
103285,160925,Undirected,3
35871,129461,Undirected,3
35871,310693,Undirected,3
35871,370037,Undirected,3
129461,310693,Undirected,3
129461,370037,Undirected,4
310693,370037,Undirected,3
53364,161073,Undirected,22
53364,187426,Undirected,7
53364,277878,Undirected,4
53364,281920,Undirected,21
53364,294879,Undirected,8
53364,353590,Undirected,4
64602,281920,Undirected,4
64602,336674,Undirected,4
69430,161073,Undirected,4
69430,281920,Undirected,4
69430,294879,Undirected,11
161073,187426,Undirected,9
161073,277878,Undirected,4
161073,281920,Undirected,24
161073,294879,Undirected,17
161073,353590,Undirected,6
187426,281920,Undirected,7
187426,294879,Undirected,6
277878,281920,Undirected,6
277878,294879,Undirected,3
281920,294879,Undirected,10
281920,336674,Undirected,20
281920,353590,Undirected,4
294879,336674,Undirected,19
336674,353590,Undirected,7
60464,294055,Undirected,3
78366,170910,Undirected,3
103211,170910,Undirected,3
170910,184498,Undirected,3
125588,243390,Undirected,4
97195,209294,Undirected,3
53364,159981,Undirected,6
53364,278534,Undirected,6
53364,288793,Undirected,18
53364,315464,Undirected,8
53364,355129,Undirected,29
64602,330233,Undirected,4
75581,159981,Undirected,4
75581,278534,Undirected,10
75581,315464,Undirected,4
75581,355129,Undirected,17
159981,161073,Undirected,11
159981,315464,Undirected,3
161073,278534,Undirected,4
161073,288793,Undirected,15
161073,315464,Undirected,8
161073,330233,Undirected,5
161073,355129,Undirected,23
278534,355129,Undirected,5
288793,330233,Undirected,3
288793,355129,Undirected,8
315464,355129,Undirected,3
330233,355129,Undirected,4
44125,72821,Undirected,3
72821,265401,Undirected,3
72821,320210,Undirected,3
96232,355570,Undirected,3
118654,226130,Undirected,3
320210,355570,Undirected,3
71915,257120,Undirected,3
71915,331424,Undirected,3
108044,257120,Undirected,4
108044,331424,Undirected,5
257120,331424,Undirected,4
178820,265231,Undirected,3
256964,353349,Undirected,5
27636,57824,Undirected,3
27636,255164,Undirected,3
57824,189116,Undirected,3
67778,88358,Undirected,3
48822,336923,Undirected,4
214007,296788,Undirected,3
51438,112681,Undirected,3
51438,208256,Undirected,3
61171,352289,Undirected,4
58125,278259,Undirected,7
97433,278259,Undirected,7
128288,140538,Undirected,4
128288,278259,Undirected,6
140538,278259,Undirected,3
140538,388547,Undirected,4
205621,278259,Undirected,6
278259,286011,Undirected,6
278259,371359,Undirected,5
278259,388547,Undirected,7
22131,95833,Undirected,3
95833,103544,Undirected,4
25280,267448,Undirected,5
58970,267448,Undirected,3
306017,334401,Undirected,5
18116,250372,Undirected,3
67996,190047,Undirected,5
283964,300993,Undirected,4
20437,119637,Undirected,4
42104,184453,Undirected,4
83977,354178,Undirected,3
46372,221472,Undirected,3
42551,261488,Undirected,4
161255,261488,Undirected,4
225600,355543,Undirected,3
237243,238096,Undirected,3
18822,43343,Undirected,3
658,257257,Undirected,19
658,375749,Undirected,6
56952,375749,Undirected,8
69755,375749,Undirected,13
140229,375749,Undirected,8
257257,375749,Undirected,12
372289,375749,Undirected,12
375749,375764,Undirected,15
191085,215636,Undirected,3
191085,353871,Undirected,3
35526,91926,Undirected,3
91926,245765,Undirected,3
245765,323584,Undirected,3
265347,284109,Undirected,3
266361,317954,Undirected,4
240573,319401,Undirected,3
157515,313568,Undirected,3
157515,359872,Undirected,3
172966,203208,Undirected,3
24517,41042,Undirected,4
23212,97422,Undirected,3
33355,97422,Undirected,3
67496,88572,Undirected,4
88572,177848,Undirected,5
34227,369601,Undirected,4
33355,285408,Undirected,3
285408,359595,Undirected,3
102379,148519,Undirected,3
102379,285408,Undirected,6
658,282887,Undirected,9
56952,62312,Undirected,5
62312,257257,Undirected,11
62312,372289,Undirected,9
62312,375749,Undirected,6
62312,375764,Undirected,5
193852,375749,Undirected,3
282887,375749,Undirected,7
315010,375749,Undirected,8
7617,85934,Undirected,3
7617,246395,Undirected,4
33768,62312,Undirected,4
33768,73203,Undirected,4
33768,85934,Undirected,3
33768,163464,Undirected,12
33768,246395,Undirected,5
39462,62312,Undirected,3
39462,85934,Undirected,16
39462,257242,Undirected,4
39462,288793,Undirected,17
62312,85934,Undirected,5
62312,246395,Undirected,3
62312,257242,Undirected,6
73203,257242,Undirected,7
85934,246395,Undirected,3
85934,257242,Undirected,3
163464,257242,Undirected,33
163464,288793,Undirected,6
246395,257242,Undirected,4
56952,255665,Undirected,5
69755,220329,Undirected,4
69755,237063,Undirected,5
69755,255665,Undirected,27
194500,255665,Undirected,11
194500,375764,Undirected,3
220329,255665,Undirected,3
220329,375764,Undirected,6
237063,375764,Undirected,3
255665,257257,Undirected,14
255665,282887,Undirected,11
255665,375764,Undirected,14
658,194500,Undirected,7
658,255665,Undirected,9
62312,69755,Undirected,5
62312,194500,Undirected,3
62312,255665,Undirected,7
255665,372289,Undirected,9
255665,375749,Undirected,9
50083,69755,Undirected,6
50083,214283,Undirected,4
62312,140229,Undirected,4
214283,375749,Undirected,3
10054,56952,Undirected,3
10054,214283,Undirected,12
33768,49476,Undirected,3
33768,72510,Undirected,3
33768,72814,Undirected,14
33768,185659,Undirected,5
49476,185659,Undirected,4
49476,282887,Undirected,4
49476,372289,Undirected,3
62312,185659,Undirected,3
72510,72814,Undirected,4
72510,185659,Undirected,5
72510,220329,Undirected,3
72510,372289,Undirected,3
72814,185659,Undirected,7
72814,220329,Undirected,13
72814,372289,Undirected,5
185659,220329,Undirected,5
185659,282887,Undirected,3
185659,372289,Undirected,4
69755,394527,Undirected,12
140229,255665,Undirected,6
140229,394527,Undirected,4
195408,375749,Undirected,3
195408,394527,Undirected,3
255665,394527,Undirected,5
257257,394527,Undirected,4
372289,394527,Undirected,7
375749,394527,Undirected,9
375764,394527,Undirected,7
32016,45514,Undirected,4
32016,100571,Undirected,10
32016,127781,Undirected,3
32016,163341,Undirected,7
32016,194500,Undirected,9
32016,214837,Undirected,6
32016,266032,Undirected,6
32016,281920,Undirected,4
45514,266032,Undirected,3
45514,319988,Undirected,3
127781,163341,Undirected,3
127781,214837,Undirected,3
163341,266032,Undirected,5
214837,319988,Undirected,3
32016,159981,Undirected,6
32016,225212,Undirected,8
159981,163341,Undirected,7
159981,170072,Undirected,3
159981,225212,Undirected,14
170072,194500,Undirected,4
170072,225212,Undirected,3
225212,266032,Undirected,4
41608,350268,Undirected,3
69430,159981,Undirected,5
69430,194500,Undirected,6
69430,219695,Undirected,9
69430,319738,Undirected,19
194500,219695,Undirected,3
194500,256964,Undirected,4
194500,294879,Undirected,13
194500,319738,Undirected,5
219695,294879,Undirected,3
294879,319738,Undirected,17
62960,69430,Undirected,5
69430,174366,Undirected,3
69430,337399,Undirected,4
174366,219695,Undirected,4
219695,364512,Undirected,3
95833,104600,Undirected,3
310648,331198,Undirected,4
331198,361672,Undirected,3
74281,79067,Undirected,3
14369,191429,Undirected,5
14369,194706,Undirected,4
47393,191429,Undirected,3
90980,191429,Undirected,4
263308,281699,Undirected,4
114768,296873,Undirected,3
214267,382452,Undirected,3
33953,181522,Undirected,8
33953,217586,Undirected,10
33953,283924,Undirected,3
75581,181522,Undirected,3
217586,273383,Undirected,4
217586,376154,Undirected,3
194727,364722,Undirected,3
73668,122971,Undirected,3
169314,315586,Undirected,3
138667,255838,Undirected,3
194408,255838,Undirected,3
13772,179034,Undirected,4
78943,135323,Undirected,3
78943,179034,Undirected,3
124040,291658,Undirected,3
101698,368014,Undirected,3
62312,159981,Undirected,4
62312,250271,Undirected,4
73203,255665,Undirected,25
159981,255665,Undirected,10
250271,257242,Undirected,9
257242,263756,Undirected,6
257242,359510,Undirected,7
263756,359510,Undirected,3
658,21588,Undirected,3
658,318552,Undirected,4
658,353193,Undirected,7
658,370520,Undirected,5
7617,370520,Undirected,6
21588,33768,Undirected,3
33768,353193,Undirected,10
33768,370520,Undirected,10
55475,353193,Undirected,6
55475,370520,Undirected,3
309800,318552,Undirected,3
309800,353193,Undirected,4
309800,370520,Undirected,7
317975,370520,Undirected,6
318552,353193,Undirected,3
353193,370520,Undirected,4
55475,122576,Undirected,3
57122,353193,Undirected,4
122576,309800,Undirected,9
122576,353193,Undirected,3
33768,214283,Undirected,7
33768,250271,Undirected,18
57122,214283,Undirected,3
57122,250271,Undirected,9
250271,309800,Undirected,6
250271,318552,Undirected,3
39462,317975,Undirected,3
39462,370520,Undirected,4
159981,370520,Undirected,3
163464,220329,Undirected,8
163464,370520,Undirected,5
220329,317975,Undirected,7
15870,232244,Undirected,3
33768,46670,Undirected,3
33768,387609,Undirected,3
46670,250271,Undirected,5
46670,382585,Undirected,7
198491,250271,Undirected,3
232244,250271,Undirected,3
250271,382585,Undirected,3
14074,33768,Undirected,4
14074,317975,Undirected,3
658,14074,Undirected,3
14074,55475,Undirected,3
14074,309800,Undirected,3
55475,250271,Undirected,9
250271,370520,Undirected,4
658,256964,Undirected,3
214283,256964,Undirected,3
256964,309800,Undirected,3
658,246395,Undirected,3
55475,246395,Undirected,3
246395,250271,Undirected,4
246395,257257,Undirected,3
246395,317975,Undirected,3
250271,281920,Undirected,9
7617,387445,Undirected,3
33768,387445,Undirected,4
55475,387445,Undirected,3
250271,387445,Undirected,4
257257,387445,Undirected,5
317975,387445,Undirected,3
658,387609,Undirected,3
7617,359510,Undirected,3
33768,359510,Undirected,4
55475,359510,Undirected,5
55475,387609,Undirected,4
57122,359510,Undirected,4
317975,359510,Undirected,6
317975,387609,Undirected,3
658,257242,Undirected,4
55475,163464,Undirected,8
57122,163464,Undirected,4
57122,257242,Undirected,3
257242,317975,Undirected,5
3231,39462,Undirected,4
55475,73203,Undirected,3
55475,127051,Undirected,3
127051,263756,Undirected,3
74401,272854,Undirected,4
92226,272854,Undirected,3
37241,361580,Undirected,6
37241,373603,Undirected,6
361580,373603,Undirected,5
89986,168997,Undirected,3
89986,319713,Undirected,3
168997,319713,Undirected,3
319713,383523,Undirected,3
255594,329158,Undirected,3
329158,364514,Undirected,3
98991,215530,Undirected,3
132830,392732,Undirected,4
102637,266112,Undirected,3
264892,369001,Undirected,3
141870,197224,Undirected,3
70506,373977,Undirected,3
46831,361366,Undirected,3
265988,371892,Undirected,4
33953,296745,Undirected,3
20842,150357,Undirected,11
109589,150357,Undirected,6
163054,265076,Undirected,3
52741,242637,Undirected,4
46025,56831,Undirected,3
46025,229742,Undirected,3
46025,247529,Undirected,3
46025,299702,Undirected,3
52742,229742,Undirected,4
56831,229742,Undirected,8
229742,247529,Undirected,6
229742,273097,Undirected,6
37213,84471,Undirected,3
37213,159484,Undirected,3
84409,84471,Undirected,4
84409,159484,Undirected,4
84471,159484,Undirected,4
84471,249626,Undirected,4
159484,249626,Undirected,3
155029,157515,Undirected,3
39372,76970,Undirected,6
39372,121390,Undirected,5
39372,217586,Undirected,5
39372,283924,Undirected,4
39372,328188,Undirected,3
11715,31830,Undirected,3
11715,121390,Undirected,4
11715,176982,Undirected,3
11715,184847,Undirected,4
31830,121390,Undirected,4
95061,299740,Undirected,3
299740,314901,Undirected,8
150415,150837,Undirected,3
140027,277315,Undirected,4
14074,344698,Undirected,4
159981,208401,Undirected,6
159981,344698,Undirected,3
163464,208401,Undirected,7
163464,344698,Undirected,4
208401,208816,Undirected,5
208401,213455,Undirected,3
208401,344698,Undirected,3
208401,391115,Undirected,4
267135,385847,Undirected,3
41903,265527,Undirected,3
118103,185359,Undirected,3
175349,198033,Undirected,3
128259,214283,Undirected,3
128259,217586,Undirected,3
214283,217586,Undirected,10
214283,273383,Undirected,3
214283,286230,Undirected,5
214283,376154,Undirected,3
286230,376154,Undirected,3
42280,161671,Undirected,3
110871,221903,Undirected,3
41763,49690,Undirected,5
49690,74835,Undirected,5
49690,371359,Undirected,7
16549,88572,Undirected,3
88572,167147,Undirected,5
88572,269225,Undirected,3
167147,269225,Undirected,3
107471,191429,Undirected,3
8028,126416,Undirected,3
101582,274653,Undirected,3
274653,299740,Undirected,3
7617,198491,Undirected,3
56949,72814,Undirected,5
56949,193852,Undirected,6
56949,372289,Undirected,3
72510,198491,Undirected,3
72510,394527,Undirected,5
72814,193852,Undirected,5
72814,198491,Undirected,3
72814,257097,Undirected,3
72814,394527,Undirected,3
193852,394527,Undirected,3
198491,372289,Undirected,3
198491,394527,Undirected,3
370853,372289,Undirected,4
46871,50083,Undirected,5
46871,213879,Undirected,5
46871,294879,Undirected,3
46871,336674,Undirected,3
50083,72814,Undirected,4
50083,213879,Undirected,3
50083,294879,Undirected,3
50083,336674,Undirected,6
87115,282887,Undirected,9
87115,294879,Undirected,7
87115,307711,Undirected,16
213879,282887,Undirected,5
282887,294879,Undirected,7
282887,336674,Undirected,9
294879,307711,Undirected,7
307711,336674,Undirected,7
46871,47032,Undirected,3
46871,193852,Undirected,8
47032,50083,Undirected,3
47032,193852,Undirected,3
47032,257257,Undirected,3
47032,282887,Undirected,3
47032,336803,Undirected,3
50083,193852,Undirected,4
50083,336803,Undirected,6
193852,213879,Undirected,5
193852,294879,Undirected,6
213879,257257,Undirected,3
213879,336803,Undirected,4
214283,294879,Undirected,3
214283,336803,Undirected,42
294879,336803,Undirected,5
50083,386007,Undirected,3
69755,193852,Undirected,15
193852,386007,Undirected,10
212072,257257,Undirected,25
212072,282887,Undirected,18
50083,278636,Undirected,5
50083,344661,Undirected,3
69755,278636,Undirected,3
257257,278636,Undirected,4
257257,344661,Undirected,3
278636,282887,Undirected,6
278636,336803,Undirected,3
278636,344661,Undirected,5
282887,344661,Undirected,4
69755,336674,Undirected,11
257257,336674,Undirected,8
111970,326273,Undirected,3
238686,253251,Undirected,3
193852,194500,Undirected,5
46871,378177,Undirected,3
72814,80713,Undirected,4
72814,378177,Undirected,4
80713,193852,Undirected,17
80713,282887,Undirected,4
80713,336803,Undirected,10
107422,378177,Undirected,4
282887,378177,Undirected,8
46871,336342,Undirected,3
107422,257257,Undirected,5
107422,336342,Undirected,5
257257,336342,Undirected,11
257257,378177,Undirected,13
282887,303097,Undirected,5
282887,336342,Undirected,6
336342,378177,Undirected,7
56949,282887,Undirected,3
107422,336674,Undirected,3
257257,307711,Undirected,5
257257,312257,Undirected,3
282887,312257,Undirected,3
307711,336342,Undirected,4
307711,336803,Undirected,14
307711,378177,Undirected,4
336342,336674,Undirected,3
336674,378177,Undirected,3
193852,307711,Undirected,14
193852,336342,Undirected,3
38989,69755,Undirected,3
38989,307711,Undirected,5
38989,365625,Undirected,3
62770,107967,Undirected,3
62770,307711,Undirected,4
69755,107967,Undirected,23
69755,365625,Undirected,8
69755,393880,Undirected,4
87115,107967,Undirected,6
107967,282887,Undirected,10
107967,307711,Undirected,6
107967,393880,Undirected,3
282887,393880,Undirected,5
307711,365625,Undirected,6
307711,393880,Undirected,6
87115,193852,Undirected,3
87115,257257,Undirected,6
303097,307711,Undirected,4
88572,318449,Undirected,4
165427,215388,Undirected,4
215388,318449,Undirected,4
39372,388627,Undirected,4
90425,353434,Undirected,3
376521,386670,Undirected,3
90567,309231,Undirected,5
25208,102754,Undirected,4
48974,85934,Undirected,3
48974,163464,Undirected,6
48974,257257,Undirected,4
48974,317975,Undirected,5
48974,370520,Undirected,3
85934,257257,Undirected,9
85934,353193,Undirected,3
257257,370520,Undirected,3
222178,306017,Undirected,3
222178,334401,Undirected,3
107485,367927,Undirected,3
226971,313546,Undirected,3
131317,296277,Undirected,4
41102,301611,Undirected,6
210359,301611,Undirected,4
49476,56952,Undirected,4
49476,193852,Undirected,4
49476,315010,Undirected,5
49476,375749,Undirected,3
49476,394527,Undirected,4
315010,394527,Undirected,5
12757,49588,Undirected,3
14246,318449,Undirected,4
61409,318449,Undirected,4
61409,323096,Undirected,4
167128,318449,Undirected,3
167128,323096,Undirected,3
251725,318449,Undirected,3
251725,323096,Undirected,3
318449,323096,Undirected,4
14246,152074,Undirected,3
152074,318449,Undirected,3
87115,127781,Undirected,4
87115,133777,Undirected,4
127781,133777,Undirected,5
127781,367739,Undirected,6
133777,367739,Undirected,3
361913,367739,Undirected,4
214044,216969,Undirected,7
214044,273730,Undirected,7
214044,336991,Undirected,7
216969,273730,Undirected,8
216969,336991,Undirected,9
273730,336991,Undirected,8
85643,186751,Undirected,3
167147,342699,Undirected,5
17910,166778,Undirected,3
192316,265699,Undirected,3
146510,208870,Undirected,3
88572,136200,Undirected,3
140606,167147,Undirected,3
35250,371892,Undirected,3
103521,383523,Undirected,4
192903,216400,Undirected,3
272376,355754,Undirected,3
16533,127025,Undirected,7
127025,359595,Undirected,3
42280,124947,Undirected,4
42280,158709,Undirected,3
42280,348790,Undirected,4
42280,389100,Undirected,4
124947,158709,Undirected,3
124947,348790,Undirected,4
124947,389100,Undirected,4
158709,348790,Undirected,3
158709,389100,Undirected,4
348790,389100,Undirected,4
83235,162383,Undirected,5
83235,207345,Undirected,5
52041,121390,Undirected,3
52041,214283,Undirected,3
52041,217586,Undirected,5
121390,214283,Undirected,6
124408,184847,Undirected,3
184847,217586,Undirected,3
103521,236273,Undirected,3
44055,160449,Undirected,3
44055,170177,Undirected,3
2898,257302,Undirected,4
73137,257302,Undirected,4
159651,257302,Undirected,4
160413,257302,Undirected,3
214267,257302,Undirected,4
257302,261254,Undirected,4
68767,69430,Undirected,7
69430,255088,Undirected,3
69430,337116,Undirected,7
90608,170644,Undirected,7
110871,170644,Undirected,6
46504,352977,Undirected,3
119637,334527,Undirected,3
158373,334527,Undirected,4
33953,128259,Undirected,3
33953,214283,Undirected,6
33953,286230,Undirected,3
189604,214283,Undirected,7
189604,376154,Undirected,3
214283,352462,Undirected,3
352462,381540,Undirected,3
285897,316300,Undirected,5
301727,316300,Undirected,3
47806,138667,Undirected,3
12699,198534,Undirected,3
198292,354320,Undirected,3
354320,371542,Undirected,3
265464,355543,Undirected,3
3219,60802,Undirected,4
143451,169593,Undirected,3
167786,214031,Undirected,4
167786,235450,Undirected,4
167786,353355,Undirected,4
214031,235450,Undirected,7
214031,353355,Undirected,5
235450,353355,Undirected,5
52266,108044,Undirected,3
52266,257120,Undirected,3
52266,331424,Undirected,3
62312,309800,Undirected,6
85934,187465,Undirected,4
85934,309800,Undirected,5
85934,387445,Undirected,5
163464,309800,Undirected,16
163464,387445,Undirected,5
187465,309800,Undirected,3
257242,309800,Undirected,5
257242,353193,Undirected,3
257242,387445,Undirected,3
309800,387445,Undirected,3
73765,102962,Undirected,3
28964,148519,Undirected,4
28964,158405,Undirected,3
158405,339154,Undirected,3
45858,215388,Undirected,3
215388,263242,Undirected,3
215388,311312,Undirected,3
215388,342699,Undirected,4
186751,311312,Undirected,3
16549,342699,Undirected,4
85643,269225,Undirected,3
85643,393749,Undirected,3
269225,342699,Undirected,3
17778,208220,Undirected,3
41042,199119,Undirected,3
41042,208220,Undirected,3
252843,336436,Undirected,3
151340,195320,Undirected,3
43904,169723,Undirected,3
185902,209474,Undirected,3
185902,250043,Undirected,3
185902,355248,Undirected,5
31511,208432,Undirected,7
31511,382708,Undirected,3
101061,208432,Undirected,3
208432,310648,Undirected,10
121975,365152,Undirected,3
127634,268889,Undirected,5
170177,206506,Undirected,11
170177,390678,Undirected,8
206506,211297,Undirected,6
206506,250244,Undirected,6
206506,353655,Undirected,7
206506,370195,Undirected,4
206506,390678,Undirected,5
211297,390678,Undirected,7
250244,390678,Undirected,5
353655,390678,Undirected,7
370195,390678,Undirected,5
88572,250792,Undirected,3
17778,182825,Undirected,3
88572,127098,Undirected,3
106866,136200,Undirected,4
127098,243161,Undirected,3
136200,243161,Undirected,4
88572,156376,Undirected,4
89006,263169,Undirected,3
263169,341416,Undirected,4
47424,50083,Undirected,4
47424,53364,Undirected,14
47424,163464,Undirected,11
47424,190587,Undirected,10
47424,199655,Undirected,4
47424,250271,Undirected,6
47424,255088,Undirected,9
47424,281920,Undirected,9
50083,53364,Undirected,5
50083,163464,Undirected,3
50083,281920,Undirected,3
53364,199655,Undirected,4
53364,255088,Undirected,8
163464,199655,Undirected,3
163464,255088,Undirected,7
163464,281920,Undirected,15
190587,199655,Undirected,4
190587,255088,Undirected,7
190587,281920,Undirected,6
199655,255088,Undirected,4
250271,255088,Undirected,3
255088,281920,Undirected,6
11588,316300,Undirected,4
424,72566,Undirected,3
424,244185,Undirected,3
69755,72566,Undirected,19
69755,86584,Undirected,20
69755,244185,Undirected,8
69755,266302,Undirected,14
187426,266302,Undirected,8
187426,336803,Undirected,16
38989,53364,Undirected,3
38989,72566,Undirected,8
38989,187426,Undirected,3
38989,315464,Undirected,3
38989,336803,Undirected,4
53364,69755,Undirected,12
69755,315464,Undirected,4
315464,336803,Undirected,9
266302,315464,Undirected,8
72566,273980,Undirected,4
187426,189953,Undirected,7
189953,315464,Undirected,6
193852,273980,Undirected,3
266302,273980,Undirected,3
273980,336803,Undirected,4
50083,315464,Undirected,3
265231,338847,Undirected,3
296745,338847,Undirected,3
172756,209344,Undirected,5
209344,357000,Undirected,3
216719,330512,Undirected,3
54329,132889,Undirected,11
54329,280616,Undirected,4
132889,183209,Undirected,8
132889,255586,Undirected,10
132889,280616,Undirected,4
183209,280616,Undirected,4
255586,280616,Undirected,4
256300,267935,Undirected,3
38989,189953,Undirected,4
38989,244185,Undirected,3
3231,288793,Undirected,4
72566,288793,Undirected,4
193852,288793,Undirected,4
266302,288793,Undirected,3
288793,336674,Undirected,14
80713,86584,Undirected,4
80713,266302,Undirected,10
80713,336674,Undirected,4
86584,315423,Undirected,4
189953,315423,Undirected,3
266302,315423,Undirected,3
69755,148815,Undirected,6
69755,189953,Undirected,4
72566,148815,Undirected,8
148815,189953,Undirected,5
148815,244185,Undirected,3
65989,301223,Undirected,3
209344,231951,Undirected,5
148815,193852,Undirected,6
72566,315423,Undirected,5
72566,336342,Undirected,3
108919,271387,Undirected,3
110388,271387,Undirected,3
106460,107967,Undirected,3
42948,44214,Undirected,3
42948,91757,Undirected,3
42948,127476,Undirected,4
127476,128031,Undirected,3
341153,344055,Undirected,3
49476,369200,Undirected,3
72510,375749,Undirected,3
282887,394527,Undirected,3
369200,372289,Undirected,4
369200,375749,Undirected,10
369200,394527,Undirected,3
39466,118148,Undirected,3
52651,203246,Undirected,3
53364,156543,Undirected,3
53364,214283,Undirected,13
53364,307711,Undirected,13
86584,214283,Undirected,26
86584,307711,Undirected,11
148815,214283,Undirected,8
148815,307711,Undirected,6
156543,307711,Undirected,4
214283,315464,Undirected,3
214283,341441,Undirected,3
307711,315464,Undirected,4
307711,341441,Undirected,3
72566,214283,Undirected,32
214283,244185,Undirected,8
214283,266302,Undirected,30
72566,294879,Undirected,8
72566,307711,Undirected,14
86584,294879,Undirected,3
148815,393880,Undirected,5
189953,214283,Undirected,10
214283,393880,Undirected,3
294879,315464,Undirected,5
336803,393880,Undirected,4
127228,169760,Undirected,3
127228,299740,Undirected,3
11715,214283,Undirected,5
11715,262486,Undirected,4
124408,256434,Undirected,3
214283,256434,Undirected,3
256434,340212,Undirected,3
256434,366750,Undirected,3
220329,250271,Undirected,5
250271,282887,Undirected,9
257242,282887,Undirected,8
41042,217162,Undirected,3
110350,181370,Undirected,3
21588,69755,Undirected,5
21588,185659,Undirected,3
69755,156543,Undirected,7
69755,185659,Undirected,11
156543,282887,Undirected,4
156543,394527,Undirected,3
185659,375764,Undirected,8
185659,394527,Undirected,5
72566,194500,Undirected,12
86584,194500,Undirected,13
189953,194500,Undirected,5
194500,214283,Undirected,16
194500,244185,Undirected,6
194500,266302,Undirected,12
53364,127051,Undirected,3
53364,187465,Undirected,3
53364,323724,Undirected,3
72566,187465,Undirected,6
72566,323724,Undirected,17
127051,187465,Undirected,6
127051,323724,Undirected,13
187465,193852,Undirected,6
187465,266302,Undirected,4
187465,288793,Undirected,4
187465,294879,Undirected,4
187465,323724,Undirected,5
187465,336803,Undirected,4
193852,323724,Undirected,14
266302,294879,Undirected,3
266302,323724,Undirected,15
288793,294879,Undirected,23
288793,323724,Undirected,3
294879,323724,Undirected,7
323724,336803,Undirected,12
14074,69755,Undirected,3
14074,80713,Undirected,8
14074,214283,Undirected,13
14074,323724,Undirected,9
69755,80713,Undirected,4
69755,323724,Undirected,6
72566,80713,Undirected,10
80713,127051,Undirected,6
80713,214283,Undirected,10
80713,323724,Undirected,7
127051,214283,Undirected,7
214283,323724,Undirected,9
14074,307711,Undirected,8
80713,307711,Undirected,7
266302,307711,Undirected,12
249491,388045,Undirected,3
213401,249533,Undirected,3
14074,294879,Undirected,4
80713,294879,Undirected,3
127051,307711,Undirected,8
80713,386007,Undirected,3
86584,323724,Undirected,4
86584,386007,Undirected,23
266302,386007,Undirected,18
307711,323724,Undirected,14
323724,386007,Undirected,7
14074,75581,Undirected,7
14074,187465,Undirected,4
72566,75581,Undirected,12
75581,80713,Undirected,3
75581,193852,Undirected,7
75581,266302,Undirected,9
75581,323724,Undirected,3
75581,336803,Undirected,12
80713,187465,Undirected,4
72566,301307,Undirected,5
72566,386007,Undirected,21
86584,301307,Undirected,5
148815,386007,Undirected,6
187426,301307,Undirected,3
187426,386007,Undirected,11
189953,386007,Undirected,8
214283,301307,Undirected,7
266302,301307,Undirected,4
301307,336803,Undirected,6
301307,386007,Undirected,8
53364,80713,Undirected,5
69755,294879,Undirected,3
72566,365625,Undirected,3
307711,315423,Undirected,4
315423,323724,Undirected,4
315423,365625,Undirected,3
323724,365625,Undirected,4
365625,386007,Undirected,7
194500,301307,Undirected,4
244185,301307,Undirected,4
244185,386007,Undirected,5
10054,72566,Undirected,9
10054,86584,Undirected,8
10054,194500,Undirected,8
10054,266302,Undirected,10
10054,336803,Undirected,12
10054,386007,Undirected,7
10054,69755,Undirected,6
10054,193852,Undirected,5
10054,281947,Undirected,3
10054,323724,Undirected,3
193852,281947,Undirected,3
266302,281947,Undirected,3
281947,323724,Undirected,3
281947,336803,Undirected,3
10054,189953,Undirected,4
187426,194500,Undirected,5
174356,199475,Undirected,3
132830,140158,Undirected,3
132830,178169,Undirected,3
140158,389792,Undirected,3
250269,368258,Undirected,4
59929,169719,Undirected,3
252286,358358,Undirected,3
188899,266585,Undirected,5
266585,273445,Undirected,3
67881,299813,Undirected,3
9425,28570,Undirected,3
9425,195598,Undirected,3
9425,338016,Undirected,3
28570,28614,Undirected,3
85934,221969,Undirected,3
85934,282887,Undirected,9
187465,221969,Undirected,3
282887,309800,Undirected,11
39462,122576,Undirected,3
62312,212072,Undirected,4
85934,122576,Undirected,4
122576,257242,Undirected,4
122576,257257,Undirected,13
122576,282887,Undirected,9
212072,257242,Undirected,16
257242,257257,Undirected,15
39372,68867,Undirected,4
121390,310585,Undirected,8
189604,310585,Undirected,4
217586,310585,Undirected,9
283924,310585,Undirected,7
310585,328097,Undirected,3
310585,328188,Undirected,3
27076,214262,Undirected,3
27076,300665,Undirected,3
249491,300665,Undirected,3
41042,268889,Undirected,3
122222,268889,Undirected,3
102291,294974,Undirected,3
130758,265699,Undirected,3
271686,356661,Undirected,3
277473,342816,Undirected,5
111970,140941,Undirected,3
198534,330040,Undirected,3
10054,75581,Undirected,3
75581,194500,Undirected,8
10054,80713,Undirected,3
127051,336674,Undirected,7
323724,336674,Undirected,4
72566,255665,Undirected,4
86584,255665,Undirected,5
214283,255665,Undirected,8
244185,255665,Undirected,3
255665,266302,Undirected,3
107967,194500,Undirected,5
107967,214283,Undirected,20
107967,255665,Undirected,4
107967,336803,Undirected,10
107967,386007,Undirected,21
255665,336803,Undirected,4
255665,386007,Undirected,21
261254,293171,Undirected,3
74326,191599,Undirected,3
122211,385493,Undirected,4
191599,385493,Undirected,4
148815,163464,Undirected,3
163464,194500,Undirected,26
38989,127051,Undirected,3
38989,315423,Undirected,3
38989,323724,Undirected,3
127051,315423,Undirected,3
315464,386007,Undirected,3
187426,255665,Undirected,5
214283,287656,Undirected,5
69755,301307,Undirected,5
69755,287656,Undirected,3
107967,287656,Undirected,4
148113,287656,Undirected,3
287656,386007,Undirected,6
158469,307711,Undirected,3
187426,307711,Undirected,6
31830,33953,Undirected,8
31830,217586,Undirected,4
33953,52041,Undirected,3
33953,121390,Undirected,5
76970,214283,Undirected,19
76970,286230,Undirected,3
124408,280226,Undirected,4
202622,262486,Undirected,4
288793,364514,Undirected,9
292573,340066,Undirected,3
208432,331198,Undirected,3
74326,199096,Undirected,3
74326,203479,Undirected,3
191599,199096,Undirected,4
139297,379743,Undirected,4
13537,232804,Undirected,3
13537,370037,Undirected,5
129461,232804,Undirected,3
232804,370037,Undirected,4
75581,307711,Undirected,11
307711,344661,Undirected,3
344661,386007,Undirected,6
39372,80713,Undirected,4
39372,193852,Undirected,4
187465,336674,Undirected,3
85934,294879,Undirected,6
42968,56952,Undirected,4
42968,72566,Undirected,3
42968,187426,Undirected,4
42968,214283,Undirected,4
42968,336803,Undirected,4
56952,72566,Undirected,7
56952,86584,Undirected,3
56952,187426,Undirected,6
56952,266302,Undirected,5
214283,336674,Undirected,4
42968,386007,Undirected,3
56952,75581,Undirected,4
16223,69430,Undirected,4
16223,127781,Undirected,5
16223,133777,Undirected,5
16223,160604,Undirected,5
16223,266571,Undirected,6
16223,317550,Undirected,4
16223,319738,Undirected,3
16223,367739,Undirected,3
69430,127781,Undirected,8
69430,133777,Undirected,3
69430,160604,Undirected,7
69430,266571,Undirected,6
69430,367739,Undirected,5
127781,160604,Undirected,6
127781,266571,Undirected,5
127781,317550,Undirected,5
127781,319738,Undirected,3
133777,160604,Undirected,3
133777,266571,Undirected,4
133777,317550,Undirected,4
133777,319738,Undirected,3
160604,266571,Undirected,10
160604,317550,Undirected,8
160604,319738,Undirected,8
266571,317550,Undirected,10
266571,367739,Undirected,7
317550,367739,Undirected,4
17778,250792,Undirected,3
208220,250792,Undirected,4
76970,255988,Undirected,3
76970,262486,Undirected,3
266585,383523,Undirected,3
129029,248752,Undirected,3
129029,252483,Undirected,4
129029,255665,Undirected,3
129029,257257,Undirected,8
129029,282887,Undirected,4
129029,370853,Undirected,3
129029,375749,Undirected,5
129029,375764,Undirected,6
140229,248752,Undirected,3
140229,252483,Undirected,4
248752,252483,Undirected,8
248752,255665,Undirected,7
248752,257257,Undirected,5
248752,282887,Undirected,5
248752,370853,Undirected,3
248752,375749,Undirected,6
248752,375764,Undirected,8
252483,255665,Undirected,6
252483,257257,Undirected,17
252483,282887,Undirected,11
252483,370853,Undirected,6
252483,375749,Undirected,3
252483,375764,Undirected,10
255665,370853,Undirected,3
257257,370853,Undirected,3
370853,375749,Undirected,3
370853,375764,Undirected,9
69755,129029,Undirected,6
69755,252483,Undirected,7
69755,369200,Undirected,9
69755,370853,Undirected,6
252483,394527,Undirected,3
369200,370853,Undirected,5
369200,375764,Undirected,5
69755,248752,Undirected,8
129029,372289,Undirected,4
248752,369200,Undirected,4
248752,372289,Undirected,5
248752,394527,Undirected,3
107705,193626,Undirected,4
32226,55041,Undirected,3
69368,277473,Undirected,4
69368,342816,Undirected,3
134003,277473,Undirected,3
160224,342816,Undirected,4
92600,266554,Undirected,3
56952,62770,Undirected,3
56952,307711,Undirected,4
62770,193852,Undirected,3
62770,323724,Undirected,3
62770,75581,Undirected,4
303097,323724,Undirected,3
336674,386007,Undirected,10
47424,56952,Undirected,4
47424,214283,Undirected,4
47424,336803,Undirected,4
47424,386007,Undirected,4
56952,273980,Undirected,5
214283,273980,Undirected,3
273980,386007,Undirected,3
47424,69755,Undirected,6
69755,273980,Undirected,4
278636,386007,Undirected,5
56952,107967,Undirected,6
107967,257257,Undirected,8
69755,105560,Undirected,6
69755,161073,Undirected,20
75581,105560,Undirected,4
105560,161073,Undirected,9
105560,214283,Undirected,3
105560,255665,Undirected,8
161073,214283,Undirected,6
161073,255665,Undirected,28
161073,257257,Undirected,3
257257,287656,Undirected,3
282887,287656,Undirected,6
282887,358031,Undirected,3
287656,358031,Undirected,4
107967,158469,Undirected,4
107967,355129,Undirected,7
287656,344661,Undirected,5
307711,355129,Undirected,7
355129,386007,Undirected,8
105560,386007,Undirected,5
161073,386007,Undirected,24
45858,67496,Undirected,3
67496,165427,Undirected,3
129757,359843,Undirected,3
237243,275266,Undirected,3
3378,33953,Undirected,6
3378,193849,Undirected,7
3378,352462,Undirected,3
33953,193849,Undirected,5
39372,75581,Undirected,3
39372,352462,Undirected,3
53364,72814,Undirected,16
53364,282887,Undirected,8
53364,386007,Undirected,15
69755,303097,Undirected,3
72814,156543,Undirected,8
72814,303097,Undirected,3
72814,393880,Undirected,3
156543,386007,Undirected,3
303097,393880,Undirected,3
386007,393880,Undirected,3
39372,53364,Undirected,3
39372,86584,Undirected,3
39372,87115,Undirected,6
39372,386007,Undirected,3
53364,87115,Undirected,23
86584,87115,Undirected,4
87115,214283,Undirected,10
87115,386007,Undirected,12
160604,386007,Undirected,5
53364,257257,Undirected,5
10054,47424,Undirected,3
10054,107967,Undirected,3
47424,107967,Undirected,5
47424,257257,Undirected,3
47424,282887,Undirected,5
53364,107967,Undirected,7
53364,278636,Undirected,7
80713,158469,Undirected,3
107967,193852,Undirected,5
158469,193852,Undirected,3
158469,257257,Undirected,3
158469,282887,Undirected,4
53364,73203,Undirected,12
73203,278636,Undirected,3
47424,72814,Undirected,5
47424,187426,Undirected,3
56952,148815,Undirected,5
56952,393880,Undirected,3
107967,148815,Undirected,4
148815,257257,Undirected,3
148815,282887,Undirected,4
72814,107967,Undirected,5
156543,257257,Undirected,3
156543,336342,Undirected,3
87115,156543,Undirected,5
56952,73203,Undirected,3
69755,73203,Undirected,21
73203,273980,Undirected,4
73203,282887,Undirected,8
73203,336803,Undirected,3
47424,73203,Undirected,6
47424,355129,Undirected,4
69755,355129,Undirected,6
72814,355129,Undirected,18
87115,355129,Undirected,21
282887,355129,Undirected,3
9274,196124,Undirected,3
114132,166215,Undirected,4
136384,206303,Undirected,3
90508,96748,Undirected,14
90508,131647,Undirected,13
90508,223707,Undirected,14
90508,292817,Undirected,6
90508,369499,Undirected,15
44147,253234,Undirected,3
221312,246736,Undirected,3
303365,361672,Undirected,4
272854,329558,Undirected,3
102973,260889,Undirected,4
132526,241025,Undirected,3
241025,260889,Undirected,4
88697,90459,Undirected,3
90459,203084,Undirected,3
18848,35526,Undirected,3
117627,139232,Undirected,3
46372,76214,Undirected,3
30810,52753,Undirected,4
257257,364514,Undirected,3
147500,305129,Undirected,4
25433,102929,Undirected,3
117627,376521,Undirected,3
321874,375342,Undirected,4
107422,110388,Undirected,3
107422,160508,Undirected,3
107422,185659,Undirected,5
107422,374969,Undirected,3
110076,318733,Undirected,3
110388,185659,Undirected,4
110388,318733,Undirected,4
160508,318733,Undirected,3
160508,374969,Undirected,4
185659,318733,Undirected,4
185659,374969,Undirected,16
318733,374969,Undirected,3
234290,281071,Undirected,3
193273,295759,Undirected,3
106628,374969,Undirected,5
26054,261254,Undirected,3
165622,261254,Undirected,3
165622,293171,Undirected,3
128029,213274,Undirected,3
3378,114970,Undirected,4
3378,181522,Undirected,9
3378,217586,Undirected,4
3378,283924,Undirected,4
114970,181522,Undirected,5
114970,195242,Undirected,3
114970,217586,Undirected,4
114970,283924,Undirected,3
161473,293638,Undirected,3
98536,159200,Undirected,3
73584,140027,Undirected,4
73584,204352,Undirected,5
73584,242890,Undirected,4
73584,277315,Undirected,3
73584,381829,Undirected,4
140027,204352,Undirected,4
140027,242890,Undirected,4
140027,381829,Undirected,4
204352,277315,Undirected,4
242890,277315,Undirected,3
277315,381829,Undirected,3
62009,84863,Undirected,3
62009,256178,Undirected,3
62009,282112,Undirected,4
84863,282112,Undirected,3
256178,282112,Undirected,3
127566,205248,Undirected,10
140538,167222,Undirected,3
140538,205248,Undirected,10
205248,257202,Undirected,8
189729,318325,Undirected,3
33529,313761,Undirected,4
31943,352817,Undirected,3
191183,310585,Undirected,4
195242,310585,Undirected,3
296745,310585,Undirected,3
92927,202622,Undirected,3
92927,366750,Undirected,3
117588,387868,Undirected,3
170530,256434,Undirected,3
7617,194500,Undirected,4
14074,72814,Undirected,3
194500,250271,Undirected,10
178289,232804,Undirected,3
178289,370037,Undirected,3
117771,186484,Undirected,3
117771,209369,Undirected,4
117771,269333,Undirected,4
133511,269333,Undirected,4
209369,296873,Undirected,5
269333,390615,Undirected,3
296270,368607,Undirected,4
53055,114768,Undirected,4
85395,161802,Undirected,3
141378,342499,Undirected,4
39161,155779,Undirected,3
39161,316247,Undirected,3
155779,158562,Undirected,4
155779,316247,Undirected,4
155779,338719,Undirected,3
158562,316247,Undirected,3
316247,338719,Undirected,3
13328,90643,Undirected,3
9556,256178,Undirected,5
77237,256178,Undirected,3
189830,299956,Undirected,4
256178,299956,Undirected,4
299956,358923,Undirected,4
299956,370733,Undirected,8
179034,365829,Undirected,5
85527,252568,Undirected,3
114710,126495,Undirected,3
128298,375658,Undirected,3
140538,375658,Undirected,3
375342,375658,Undirected,3
69755,92154,Undirected,5
69755,198491,Undirected,5
92154,294879,Undirected,3
198491,375749,Undirected,3
93215,179252,Undirected,3
93215,259019,Undirected,3
179252,259019,Undirected,3
658,72814,Undirected,11
658,220329,Undirected,4
72814,257242,Undirected,6
72814,122576,Undirected,6
39462,250271,Undirected,3
72550,105560,Undirected,4
72550,161073,Undirected,8
72550,281920,Undirected,5
72550,336674,Undirected,5
87115,161073,Undirected,11
87115,281920,Undirected,12
105560,163464,Undirected,10
105560,336674,Undirected,7
161073,267583,Undirected,10
163464,267583,Undirected,6
163464,315464,Undirected,6
267583,281920,Undirected,7
267583,294879,Undirected,6
267583,315464,Undirected,3
267583,336674,Undirected,10
281920,315464,Undirected,5
48517,69755,Undirected,14
48517,73203,Undirected,15
48517,87115,Undirected,3
48517,107967,Undirected,10
48517,122576,Undirected,3
48517,137560,Undirected,3
48517,355129,Undirected,3
69755,137560,Undirected,6
73203,87115,Undirected,11
73203,137560,Undirected,5
73203,294879,Undirected,13
73203,355129,Undirected,19
75286,107967,Undirected,4
87115,137560,Undirected,3
107967,137560,Undirected,7
122576,355129,Undirected,3
137560,355129,Undirected,3
294879,355129,Undirected,9
48517,75581,Undirected,11
48517,163464,Undirected,16
48517,194500,Undirected,3
48517,214283,Undirected,9
48517,278534,Undirected,3
69755,278534,Undirected,8
73203,194500,Undirected,5
73203,278534,Undirected,6
75581,137560,Undirected,5
107967,278534,Undirected,4
137560,163464,Undirected,8
137560,214283,Undirected,6
137560,278534,Undirected,4
163464,278534,Undirected,11
214283,278534,Undirected,5
305129,355754,Undirected,3
58900,327489,Undirected,6
94601,327489,Undirected,4
228998,256284,Undirected,4
228998,327489,Undirected,6
20406,271333,Undirected,9
20406,368646,Undirected,21
271333,368646,Undirected,12
223428,230213,Undirected,3
23018,336602,Undirected,3
197224,211729,Undirected,3
283964,300572,Undirected,5
3378,137228,Undirected,3
3378,310585,Undirected,4
193849,273383,Undirected,3
193849,310585,Undirected,4
271187,310585,Undirected,3
3378,121390,Undirected,3
3378,335508,Undirected,3
33953,114970,Undirected,3
114970,335508,Undirected,3
27489,317559,Undirected,3
204804,210800,Undirected,4
204804,255874,Undirected,4
204804,319738,Undirected,3
210800,364512,Undirected,3
14074,269310,Undirected,3
210800,288793,Undirected,3
14074,47424,Undirected,11
14074,167054,Undirected,6
14074,375309,Undirected,5
47424,167054,Undirected,5
47424,214007,Undirected,4
47424,312257,Undirected,6
47424,375309,Undirected,6
69430,167054,Undirected,6
69430,312257,Undirected,5
69430,375309,Undirected,6
87115,174366,Undirected,10
87115,219695,Undirected,4
167054,312257,Undirected,5
167054,375309,Undirected,5
214007,312257,Undirected,5
214007,375309,Undirected,5
312257,375309,Undirected,5
76083,316569,Undirected,3
658,208401,Undirected,4
140229,159981,Undirected,4
140229,163464,Undirected,5
208401,250271,Undirected,3
208401,257257,Undirected,5
140229,257242,Undirected,3
140229,309800,Undirected,3
61769,310307,Undirected,3
95219,310307,Undirected,3
74835,213958,Undirected,3
139232,241455,Undirected,3
213958,337898,Undirected,3
287957,337898,Undirected,3
64234,72814,Undirected,3
108919,214283,Undirected,3
58125,131301,Undirected,3
131301,213958,Undirected,3
58118,110596,Undirected,3
20406,371011,Undirected,10
271333,371011,Undirected,7
368646,371011,Undirected,14
72814,359510,Undirected,4
122576,387445,Undirected,3
72814,161073,Undirected,12
72814,255665,Undirected,6
72814,277878,Undirected,3
156543,161073,Undirected,3
156543,294879,Undirected,4
161073,301686,Undirected,4
255665,294879,Undirected,6
294879,301686,Undirected,3
103521,167435,Undirected,3
103521,177032,Undirected,4
103521,387837,Undirected,3
118519,147866,Undirected,3
147866,167435,Undirected,4
147866,177032,Undirected,3
147866,383523,Undirected,5
167435,383523,Undirected,8
167435,387837,Undirected,3
177032,383523,Undirected,6
383523,387837,Undirected,5
37084,73187,Undirected,3
37084,218473,Undirected,6
37084,224019,Undirected,3
37084,246930,Undirected,4
39534,73187,Undirected,4
39534,224019,Undirected,3
39534,246930,Undirected,5
58118,73187,Undirected,4
130894,218473,Undirected,7
218473,224019,Undirected,3
218473,246930,Undirected,4
155300,184574,Undirected,3
155300,249491,Undirected,3
218094,321521,Undirected,5
321521,324362,Undirected,3
72814,281920,Undirected,13
72814,315464,Undirected,4
73203,277878,Undirected,3
73203,281920,Undirected,10
73203,298757,Undirected,9
73203,315464,Undirected,3
75581,281920,Undirected,5
75581,298757,Undirected,7
161073,298757,Undirected,10
281920,355129,Undirected,14
27499,97366,Undirected,9
20511,27557,Undirected,9
20511,185659,Undirected,8
20511,232506,Undirected,3
20511,256867,Undirected,3
20511,365625,Undirected,3
20511,369200,Undirected,3
20511,374969,Undirected,7
27557,185659,Undirected,16
27557,252521,Undirected,4
27557,256867,Undirected,4
27557,365625,Undirected,8
27557,369200,Undirected,9
27557,374969,Undirected,11
128327,185659,Undirected,3
128327,256867,Undirected,3
128327,365625,Undirected,3
128327,369200,Undirected,3
128327,374969,Undirected,4
185659,252521,Undirected,3
185659,256867,Undirected,5
185659,365625,Undirected,9
185659,369200,Undirected,10
252521,365625,Undirected,3
252521,369200,Undirected,4
256867,365625,Undirected,4
256867,369200,Undirected,5
256867,374969,Undirected,6
365625,369200,Undirected,9
365625,374969,Undirected,6
369200,374969,Undirected,5
21557,39466,Undirected,3
28315,39466,Undirected,3
57250,245374,Undirected,3
20406,314247,Undirected,8
314247,368646,Undirected,10
314247,371011,Undirected,7
118519,235261,Undirected,3
14037,53364,Undirected,3
14037,85934,Undirected,3
14037,336674,Undirected,3
75581,85934,Undirected,3
75581,294879,Undirected,4
85934,355129,Undirected,3
336674,355129,Undirected,12
3231,355129,Undirected,4
62833,73203,Undirected,12
62833,75581,Undirected,5
62833,161073,Undirected,12
62833,255665,Undirected,11
62833,294879,Undirected,5
62833,355129,Undirected,4
73203,341074,Undirected,11
75581,341074,Undirected,10
161073,194500,Undirected,6
161073,341074,Undirected,15
255665,341074,Undirected,6
255665,355129,Undirected,3
294879,341074,Undirected,4
62833,336674,Undirected,3
255665,336674,Undirected,7
3231,330233,Undirected,3
85934,161073,Undirected,6
85934,281920,Undirected,7
85934,330233,Undirected,3
53364,62833,Undirected,3
53364,72550,Undirected,5
53364,387609,Undirected,7
72550,72814,Undirected,5
72550,73203,Undirected,4
72550,75581,Undirected,3
72550,355129,Undirected,6
72550,387609,Undirected,3
72814,387609,Undirected,5
73203,387609,Undirected,3
161073,387609,Undirected,6
355129,387609,Undirected,3
49678,190733,Undirected,3
14074,72550,Undirected,4
14074,161073,Undirected,5
14074,387609,Undirected,3
72814,216640,Undirected,3
159231,163464,Undirected,8
159231,250271,Undirected,9
163464,277878,Undirected,5
216640,281920,Undirected,6
250271,315464,Undirected,4
287731,296873,Undirected,3
14074,105560,Undirected,4
83598,161725,Undirected,3
83598,238750,Undirected,3
83598,252483,Undirected,7
83598,300043,Undirected,4
83598,340459,Undirected,5
83598,387914,Undirected,5
105560,387914,Undirected,3
131954,161725,Undirected,4
131954,252483,Undirected,3
161725,300043,Undirected,4
161725,387914,Undirected,5
238750,252483,Undirected,6
238750,387914,Undirected,7
252483,300043,Undirected,4
252483,340459,Undirected,6
252483,387914,Undirected,11
300043,387914,Undirected,4
340459,387914,Undirected,6
248752,297238,Undirected,8
248752,387914,Undirected,3
297238,387914,Undirected,5
340459,375764,Undirected,3
375764,387914,Undirected,3
160557,262327,Undirected,3
69675,262579,Undirected,9
166813,194912,Undirected,4
69755,212348,Undirected,5
69755,298757,Undirected,12
75581,212348,Undirected,8
107967,162655,Undirected,3
107967,212348,Undirected,3
107967,298757,Undirected,7
161073,162655,Undirected,6
161073,212348,Undirected,5
163464,212348,Undirected,8
163464,298757,Undirected,12
212348,250271,Undirected,8
212348,278534,Undirected,5
250271,278534,Undirected,5
250271,298757,Undirected,8
278534,298757,Undirected,4
36383,179886,Undirected,4
36383,353637,Undirected,5
179886,353637,Undirected,5
44079,191439,Undirected,3
39466,69699,Undirected,4
39466,281933,Undirected,3
95035,286977,Undirected,3
46670,62312,Undirected,3
46670,85934,Undirected,3
46670,122576,Undirected,4
46670,163464,Undirected,18
46670,212072,Undirected,13
46670,257257,Undirected,16
46670,282887,Undirected,9
46670,309800,Undirected,8
46670,387445,Undirected,4
212072,309800,Undirected,7
257257,309800,Undirected,11
282887,387445,Undirected,4
20511,72814,Undirected,7
20511,149017,Undirected,4
20511,375749,Undirected,5
20511,375764,Undirected,4
27557,72814,Undirected,5
27557,149017,Undirected,4
27557,315010,Undirected,9
27557,366050,Undirected,4
27557,375749,Undirected,8
27557,375764,Undirected,4
72814,315010,Undirected,4
72814,366050,Undirected,3
72814,369200,Undirected,5
72814,375749,Undirected,4
149017,185659,Undirected,5
149017,369200,Undirected,3
185659,315010,Undirected,10
185659,366050,Undirected,5
185659,375749,Undirected,7
315010,366050,Undirected,5
315010,369200,Undirected,6
366050,369200,Undirected,4
366050,375749,Undirected,3
366050,375764,Undirected,4
76189,185659,Undirected,4
20511,69755,Undirected,9
20511,254420,Undirected,4
20511,386007,Undirected,3
27557,69755,Undirected,8
27557,72510,Undirected,4
27557,254420,Undirected,7
27557,386007,Undirected,5
69755,72510,Undirected,4
69755,254420,Undirected,5
69755,366050,Undirected,3
72510,254420,Undirected,3
72814,252521,Undirected,3
252521,386007,Undirected,3
49476,366050,Undirected,3
106628,185659,Undirected,5
185659,370853,Undirected,3
315010,365625,Undirected,6
27557,198491,Undirected,7
185659,198491,Undirected,10
185659,254420,Undirected,5
185659,386007,Undirected,6
198491,254420,Undirected,5
198491,315010,Undirected,4
254420,315010,Undirected,3
315010,386007,Undirected,4
21588,27557,Undirected,4
21588,72814,Undirected,3
21588,365625,Undirected,3
21588,369200,Undirected,4
21588,375749,Undirected,5
365625,375749,Undirected,5
375749,386007,Undirected,3
27557,394527,Undirected,4
69755,374969,Undirected,8
72510,315010,Undirected,3
72510,374969,Undirected,3
315010,374969,Undirected,4
374969,375749,Undirected,5
374969,394527,Undirected,4
20511,106628,Undirected,4
20511,394527,Undirected,3
106628,375749,Undirected,3
20511,21588,Undirected,3
20511,140229,Undirected,4
21588,140229,Undirected,4
27557,140229,Undirected,5
140229,254420,Undirected,3
140229,369200,Undirected,4
237063,365625,Undirected,3
237063,369200,Undirected,4
140229,185659,Undirected,3
140229,198491,Undirected,3
140229,374969,Undirected,4
198491,374969,Undirected,9
254420,374969,Undirected,4
106628,198491,Undirected,3
25474,278397,Undirected,4
205263,278397,Undirected,3
69755,76189,Undirected,3
69755,149017,Undirected,4
69755,256867,Undirected,4
149017,256867,Undirected,3
237063,256867,Undirected,4
237063,370853,Undirected,3
237063,372289,Undirected,3
98996,108865,Undirected,4
98996,342507,Undirected,4
35526,182322,Undirected,4
134069,182322,Undirected,3
271946,323584,Undirected,3
253446,351437,Undirected,3
28788,161671,Undirected,3
28788,240141,Undirected,3
161671,240141,Undirected,3
22119,38064,Undirected,8
22119,61264,Undirected,10
22119,68901,Undirected,11
22119,355248,Undirected,8
38064,61264,Undirected,6
38064,68901,Undirected,8
38064,355248,Undirected,5
61264,68901,Undirected,9
61264,355248,Undirected,7
68901,355248,Undirected,6
198292,353583,Undirected,3
33768,48974,Undirected,5
39462,294879,Undirected,9
48974,282887,Undirected,4
208401,294879,Undirected,3
80772,169481,Undirected,3
80772,261631,Undirected,3
169481,261631,Undirected,3
169481,375558,Undirected,3
205621,261631,Undirected,3
261631,375558,Undirected,3
140538,176546,Undirected,5
109214,131954,Undirected,3
109214,156663,Undirected,4
109214,179983,Undirected,4
109214,248752,Undirected,6
109214,249518,Undirected,8
109214,252483,Undirected,4
109214,297238,Undirected,4
109214,377398,Undirected,3
131954,156663,Undirected,5
131954,179983,Undirected,3
131954,248752,Undirected,6
131954,249518,Undirected,8
131954,377398,Undirected,6
156663,179983,Undirected,3
156663,248752,Undirected,5
156663,249518,Undirected,3
156663,377398,Undirected,5
179983,248752,Undirected,6
179983,249518,Undirected,5
179983,297238,Undirected,3
179983,377398,Undirected,4
248752,249518,Undirected,12
248752,377398,Undirected,10
249518,252483,Undirected,11
249518,297238,Undirected,11
249518,377398,Undirected,9
249518,387914,Undirected,6
252483,377398,Undirected,3
297238,377398,Undirected,5
377398,387914,Undirected,4
105560,248752,Undirected,3
105560,249518,Undirected,4
109214,161725,Undirected,4
161725,248752,Undirected,3
161725,249518,Undirected,5
72814,83598,Undirected,3
72814,252483,Undirected,5
83598,255665,Undirected,3
83598,370853,Undirected,4
252483,336674,Undirected,4
252483,372706,Undirected,3
336674,340459,Undirected,3
336674,387914,Undirected,3
658,248752,Undirected,3
658,252483,Undirected,4
315607,354802,Undirected,4
188589,226462,Undirected,4
92154,223601,Undirected,3
92154,269741,Undirected,3
92154,332157,Undirected,3
223601,269741,Undirected,4
332157,366050,Undirected,3
159981,309800,Undirected,5
159981,387609,Undirected,3
26054,315639,Undirected,3
26054,336651,Undirected,4
201342,315639,Undirected,3
201342,336651,Undirected,3
130485,131954,Undirected,3
130485,249518,Undirected,6
130485,252483,Undirected,3
130485,369200,Undirected,3
156663,369200,Undirected,3
249518,369200,Undirected,6
249518,370853,Undirected,4
14074,336674,Undirected,7
187465,252483,Undirected,3
187465,387914,Undirected,5
249518,375764,Undirected,3
20511,252483,Undirected,7
148155,365011,Undirected,4
148155,387914,Undirected,4
208401,365011,Undirected,4
208816,387914,Undirected,6
365011,387914,Undirected,7
38708,254653,Undirected,3
101143,177032,Undirected,3
101143,320821,Undirected,4
101143,374096,Undirected,3
177032,374096,Undirected,3
320821,374096,Undirected,3
126416,131420,Undirected,4
131420,329292,Undirected,3
313946,329292,Undirected,3
217586,307711,Undirected,4
101915,179034,Undirected,3
88994,169719,Undirected,3
169719,379743,Undirected,3
20511,330717,Undirected,4
33768,69755,Undirected,3
69755,330717,Undirected,5
72814,330717,Undirected,3
38980,214270,Undirected,3
104195,323710,Undirected,3
233069,329727,Undirected,4
65797,280226,Undirected,3
87299,92927,Undirected,3
124408,307711,Undirected,3
26789,250765,Undirected,3
185659,330717,Undirected,3
330717,374969,Undirected,3
127051,221969,Undirected,3
221969,255088,Undirected,3
7524,65968,Undirected,9
7524,68767,Undirected,12
7524,275423,Undirected,9
7524,319738,Undirected,11
7524,337116,Undirected,9
65968,68767,Undirected,11
65968,275423,Undirected,7
65968,319738,Undirected,9
65968,337116,Undirected,6
7524,255088,Undirected,9
7524,288793,Undirected,9
7524,294879,Undirected,10
65968,255088,Undirected,9
65968,288793,Undirected,9
65968,294879,Undirected,10
68767,288793,Undirected,16
68767,294879,Undirected,18
190587,288793,Undirected,4
255088,288793,Undirected,13
255088,294879,Undirected,12
275423,288793,Undirected,8
275423,294879,Undirected,8
288793,337116,Undirected,10
294879,337116,Undirected,11
68767,364514,Undirected,8
255088,364514,Undirected,4
275423,364514,Undirected,3
294879,364514,Undirected,7
319738,364514,Undirected,8
7524,130150,Undirected,6
65968,130150,Undirected,6
68767,130150,Undirected,14
130150,255088,Undirected,9
130150,275423,Undirected,6
130150,288793,Undirected,15
130150,294879,Undirected,14
130150,337116,Undirected,6
69430,130150,Undirected,6
69430,288793,Undirected,12
69430,364514,Undirected,9
130150,364514,Undirected,8
65968,342903,Undirected,4
68767,342903,Undirected,6
69430,342903,Undirected,4
130150,342903,Undirected,4
255088,342903,Undirected,5
294879,342903,Undirected,7
319738,342903,Undirected,5
47424,68767,Undirected,6
47424,288793,Undirected,8
47424,294879,Undirected,7
47424,319738,Undirected,5
47424,342903,Undirected,8
14074,68767,Undirected,3
14074,364514,Undirected,3
47424,130150,Undirected,5
47424,364514,Undirected,3
47424,337116,Undirected,9
337116,342903,Undirected,5
288793,376647,Undirected,3
14074,171030,Undirected,6
68767,249865,Undirected,3
174178,294879,Undirected,3
249865,364514,Undirected,3
214007,317460,Undirected,3
214007,337116,Undirected,3
337116,375309,Undirected,3
73508,159981,Undirected,4
73508,194500,Undirected,3
73508,281920,Undirected,4
73508,342076,Undirected,3
100571,342076,Undirected,10
127051,196643,Undirected,3
127051,342076,Undirected,5
159981,342076,Undirected,9
194500,342076,Undirected,8
196643,281920,Undirected,3
214837,342076,Undirected,9
281920,342076,Undirected,7
100571,344024,Undirected,3
159981,337399,Undirected,3
159981,344024,Undirected,3
214837,344024,Undirected,3
225212,342076,Undirected,8
281920,344024,Undirected,3
342076,344024,Undirected,3
163341,196643,Undirected,3
163341,342076,Undirected,4
196643,225212,Undirected,3
163341,288793,Undirected,4
163341,342903,Undirected,3
225212,288793,Undirected,4
269310,281920,Undirected,3
14074,33953,Undirected,4
32016,342076,Undirected,4
225212,319988,Undirected,4
32016,288793,Undirected,6
32016,342903,Undirected,3
190587,342903,Undirected,7
35526,373091,Undirected,4
20511,198491,Undirected,5
185659,252483,Undirected,3
198491,252483,Undirected,3
252483,374969,Undirected,3
69755,221945,Undirected,3
69755,387914,Undirected,3
14074,338847,Undirected,3
159981,249865,Undirected,4
160568,353446,Undirected,3
32016,364514,Undirected,3
112169,364514,Undirected,3
171030,364514,Undirected,5
210800,364514,Undirected,3
112169,317550,Undirected,3
170072,317550,Undirected,4
288793,317550,Undirected,3
204804,249865,Undirected,3
194500,317550,Undirected,3
27489,160568,Undirected,3
91972,255874,Undirected,3
160568,319738,Undirected,5
107140,216367,Undirected,7
107140,304495,Undirected,13
107140,304520,Undirected,9
107140,387094,Undirected,9
216367,304495,Undirected,7
216367,304520,Undirected,7
216367,387094,Undirected,7
304495,304520,Undirected,9
304495,387094,Undirected,9
304520,305009,Undirected,3
305009,387094,Undirected,3
62960,160568,Undirected,4
160568,288793,Undirected,3
127051,282887,Undirected,3
32016,282525,Undirected,3
32016,317550,Undirected,4
118260,317550,Undirected,3
47424,85934,Undirected,6
140229,212072,Undirected,3
339300,367739,Undirected,4
32016,174178,Undirected,3
62960,174178,Undirected,4
118260,174178,Undirected,3
118260,212072,Undirected,4
265329,317550,Undirected,5
160604,282525,Undirected,3
210800,386007,Undirected,3
319738,386007,Undirected,3
69430,365957,Undirected,5
87115,365957,Undirected,6
127781,365957,Undirected,4
160604,288793,Undirected,4
160604,339300,Undirected,5
160604,365957,Undirected,6
266571,288793,Undirected,3
266571,365957,Undirected,9
288793,365957,Undirected,3
317550,365957,Undirected,6
339300,365957,Undirected,4
365957,367739,Undirected,4
32016,365957,Undirected,3
319738,365957,Undirected,5
32016,160604,Undirected,5
32016,339300,Undirected,3
32016,361913,Undirected,4
160604,361913,Undirected,6
266571,361913,Undirected,5
339300,361913,Undirected,4
361913,365957,Undirected,3
16223,174038,Undirected,3
69430,365606,Undirected,3
174038,194631,Undirected,3
174038,266571,Undirected,5
194631,266571,Undirected,3
174038,175845,Undirected,3
174038,354516,Undirected,3
175845,266571,Undirected,3
175845,354516,Undirected,3
317550,354516,Undirected,3
16223,87115,Undirected,4
174038,317550,Undirected,3
214837,386007,Undirected,3
16223,20511,Undirected,3
16223,265329,Undirected,3
265329,266571,Undirected,6
265329,354516,Undirected,3
16223,361913,Undirected,3
16223,365957,Undirected,3
160604,265329,Undirected,3
265329,365957,Undirected,3
104362,147928,Undirected,13
104362,261001,Undirected,9
104362,271322,Undirected,6
147928,261001,Undirected,4
35526,104362,Undirected,20
104362,134069,Undirected,9
134069,206913,Undirected,3
37768,183732,Undirected,3
52881,120472,Undirected,5
60566,262579,Undirected,4
69675,287790,Undirected,5
194912,287790,Undirected,3
48974,69755,Undirected,4
48974,72814,Undirected,3
72814,140229,Undirected,3
265464,305276,Undirected,3
265464,323328,Undirected,3
166850,275333,Undirected,3
341215,372596,Undirected,3
188704,387072,Undirected,3
46670,194500,Undirected,9
46670,255665,Undirected,4
194500,212072,Undirected,11
194500,309800,Undirected,9
255665,309800,Undirected,3
258027,366114,Undirected,4
122576,194500,Undirected,5
60979,127566,Undirected,3
60979,140538,Undirected,3
60979,205248,Undirected,3
60665,249491,Undirected,3
176040,383375,Undirected,3
67778,222757,Undirected,3
158546,373119,Undirected,7
42493,83838,Undirected,3
29465,233203,Undirected,3
258239,371359,Undirected,5
39462,194500,Undirected,3
14074,191183,Undirected,3
14074,195242,Undirected,3
14074,283924,Undirected,3
195242,257499,Undirected,3
257499,283924,Undirected,4
658,48974,Undirected,4
658,72378,Undirected,4
48974,72378,Undirected,3
48974,252483,Undirected,3
48974,375764,Undirected,3
72378,83598,Undirected,3
83598,375764,Undirected,3
135804,248939,Undirected,3
52742,389937,Undirected,3
56831,337146,Undirected,3
56831,389937,Undirected,4
229742,389937,Undirected,4
273097,389937,Undirected,3
337146,389937,Undirected,3
137560,255665,Undirected,3
137560,386007,Undirected,7
217916,386007,Undirected,3
255665,278534,Undirected,3
278534,386007,Undirected,4
658,46670,Undirected,5
658,365011,Undirected,3
163464,365011,Undirected,5
194500,208401,Undirected,3
208401,372706,Undirected,3
208816,257257,Undirected,3
257257,372706,Undirected,3
14074,217586,Undirected,5
84751,371542,Undirected,3
139232,185222,Undirected,5
287957,337240,Undirected,3
361672,386670,Undirected,3
979,116210,Undirected,3
979,156860,Undirected,5
116210,156860,Undirected,3
20437,334527,Undirected,3
61488,187207,Undirected,4
187207,234290,Undirected,11
149017,198491,Undirected,3
149017,374969,Undirected,3
20511,76189,Undirected,3
76189,198491,Undirected,3
76189,374969,Undirected,3
232506,252483,Undirected,3
119905,247453,Undirected,3
118519,252286,Undirected,5
72378,300043,Undirected,3
237063,300043,Undirected,4
50256,181925,Undirected,3
181925,322171,Undirected,3
47806,65989,Undirected,3
65989,176021,Undirected,5
138667,176021,Undirected,3
20511,248752,Undirected,3
72814,248752,Undirected,3
220329,252483,Undirected,3
52740,61333,Undirected,3
266585,352295,Undirected,4
92154,336674,Undirected,6
176513,215936,Undirected,4
334401,367652,Undirected,3
6398,182609,Undirected,3
309485,351787,Undirected,3
224866,253446,Undirected,5
14074,76970,Undirected,7
14074,121390,Undirected,4
14074,310585,Undirected,5
76970,310585,Undirected,4
76970,340066,Undirected,4
121390,257499,Undirected,3
217586,257499,Undirected,4
257499,310585,Undirected,4
101915,182297,Undirected,3
365829,375077,Undirected,3
20437,363225,Undirected,3
20637,204008,Undirected,3
209474,308881,Undirected,3
308881,363880,Undirected,3
10819,128298,Undirected,3
119825,166350,Undirected,7
22119,200395,Undirected,12
22119,304765,Undirected,8
38064,200395,Undirected,7
38064,304765,Undirected,6
61264,200395,Undirected,9
61264,304765,Undirected,5
68901,200395,Undirected,10
68901,304765,Undirected,9
200395,304765,Undirected,8
200395,355248,Undirected,6
304765,355248,Undirected,4
65797,231324,Undirected,3
124408,231324,Undirected,3
20511,127781,Undirected,3
127781,223601,Undirected,3
82423,325786,Undirected,5
31830,265231,Undirected,3
31830,296745,Undirected,3
182296,265231,Undirected,3
35771,90508,Undirected,3
90508,96397,Undirected,4
46670,159981,Undirected,3
193849,214283,Undirected,3
273383,292573,Undirected,3
256964,364509,Undirected,3
62312,198491,Undirected,3
185659,196014,Undirected,3
44761,386255,Undirected,3
192903,236273,Undirected,3
192903,283234,Undirected,3
27310,181328,Undirected,3
181328,190529,Undirected,5
85564,185222,Undirected,3
85564,214709,Undirected,3
85564,391576,Undirected,3
139232,391576,Undirected,4
185222,391576,Undirected,5
214709,391576,Undirected,3
11715,14074,Undirected,5
11715,76970,Undirected,8
11715,280845,Undirected,4
11715,286230,Undirected,3
11715,308403,Undirected,3
11715,340066,Undirected,4
14074,280845,Undirected,4
107705,144498,Undirected,3
144498,193626,Undirected,3
90267,140538,Undirected,3
92688,371892,Undirected,3
370979,371892,Undirected,3
319373,319712,Undirected,3
160449,206506,Undirected,8
160449,369797,Undirected,9
160449,390678,Undirected,5
170177,369797,Undirected,11
206506,369797,Undirected,7
211297,369797,Undirected,5
250244,369797,Undirected,6
353655,369797,Undirected,9
369797,370195,Undirected,3
369797,390678,Undirected,6
228571,255296,Undirected,3
252482,255296,Undirected,3
83174,209056,Undirected,3
88686,272854,Undirected,3
42528,338320,Undirected,3
253251,297393,Undirected,3
139232,194567,Undirected,4
185222,194567,Undirected,4
194567,391576,Undirected,4
19472,317436,Undirected,3
188109,349740,Undirected,3
238642,261533,Undirected,3
48974,148124,Undirected,4
169896,207075,Undirected,3
44626,82423,Undirected,4
44626,325786,Undirected,3
36595,221709,Undirected,3
37996,119795,Undirected,3
315080,380484,Undirected,3
19442,208432,Undirected,7
61969,208432,Undirected,3
208432,361672,Undirected,6
131301,371359,Undirected,3
308552,330268,Undirected,4
185474,196643,Undirected,4
14074,39462,Undirected,5
14074,281920,Undirected,9
39462,301686,Undirected,5
39462,336674,Undirected,19
39462,337116,Undirected,6
73203,88496,Undirected,5
88496,281920,Undirected,5
88496,301686,Undirected,6
88496,336674,Undirected,3
281920,301686,Undirected,10
281920,337116,Undirected,3
39462,161073,Undirected,15
39462,342903,Undirected,4
39462,355129,Undirected,8
161073,342903,Undirected,3
336674,342903,Undirected,7
72340,281920,Undirected,3
73203,187880,Undirected,8
161073,187880,Undirected,14
184432,281920,Undirected,3
187880,194500,Undirected,4
187880,281920,Undirected,7
187880,336674,Undirected,4
194500,336674,Undirected,4
134649,181971,Undirected,3
290415,335662,Undirected,3
41642,104362,Undirected,11
104362,186285,Undirected,6
35526,383736,Undirected,4
147928,383736,Undirected,3
242695,314666,Undirected,3
154995,248782,Undirected,3
30817,94393,Undirected,3
2374,194500,Undirected,3
53698,73203,Undirected,8
53698,159981,Undirected,5
53698,161073,Undirected,13
53698,163464,Undirected,9
53698,194500,Undirected,3
53698,250271,Undirected,6
53698,294879,Undirected,4
53698,336674,Undirected,13
62833,159981,Undirected,6
62833,163464,Undirected,7
62833,250271,Undirected,3
62833,267583,Undirected,4
62833,281920,Undirected,3
73203,156543,Undirected,3
73203,174366,Undirected,10
73203,267583,Undirected,3
156543,159981,Undirected,3
156543,163464,Undirected,4
156543,250271,Undirected,3
156543,267583,Undirected,3
156543,281920,Undirected,3
159981,267583,Undirected,10
163464,174366,Undirected,12
174366,250271,Undirected,3
250271,267583,Undirected,4
53698,187426,Undirected,3
53698,187880,Undirected,7
53698,255665,Undirected,7
73203,187426,Undirected,8
163464,187426,Undirected,5
163464,187880,Undirected,9
187426,187880,Undirected,7
187426,250271,Undirected,4
187880,250271,Undirected,8
187880,255665,Undirected,6
53698,62833,Undirected,6
53698,88958,Undirected,3
62833,88958,Undirected,3
62833,187426,Undirected,4
62833,187880,Undirected,7
73203,88958,Undirected,4
88958,163464,Undirected,5
88958,187880,Undirected,3
88958,250271,Undirected,3
88958,255665,Undirected,4
39462,267583,Undirected,9
72814,267583,Undirected,3
39462,87115,Undirected,6
156543,336674,Undirected,4
53698,88496,Undirected,6
62833,88496,Undirected,5
88496,159981,Undirected,7
88496,161073,Undirected,4
88496,163464,Undirected,9
88496,187880,Undirected,6
88496,250271,Undirected,4
88496,255665,Undirected,4
159981,187880,Undirected,5
53056,235133,Undirected,3
213261,235133,Undirected,3
213958,320485,Undirected,3
41642,370823,Undirected,4
150153,371359,Undirected,4
146752,374896,Undirected,3
146752,383523,Undirected,8
374896,383523,Undirected,6
64038,124210,Undirected,4
64038,149950,Undirected,4
64038,252901,Undirected,3
124210,252901,Undirected,4
39466,234372,Undirected,3
35526,290940,Undirected,5
104362,186752,Undirected,4
222196,293461,Undirected,3
107654,301686,Undirected,3
3573,169723,Undirected,3
3573,388045,Undirected,3
169723,179319,Undirected,3
169723,388045,Undirected,3
174535,189583,Undirected,3
33044,283943,Undirected,3
52282,70713,Undirected,3
319712,327742,Undirected,4
327742,342816,Undirected,3
148124,148155,Undirected,3
148124,159981,Undirected,3
148124,163464,Undirected,5
148124,365011,Undirected,3
148155,163464,Undirected,4
163386,163464,Undirected,3
154474,261001,Undirected,3
21870,278397,Undirected,6
41653,214000,Undirected,27
41653,265425,Undirected,25
214000,265425,Undirected,27
53647,66144,Undirected,3
53647,129361,Undirected,3
53647,214108,Undirected,3
53647,214270,Undirected,3
53647,352219,Undirected,3
66144,129361,Undirected,3
66144,214108,Undirected,3
66144,214270,Undirected,3
66144,352219,Undirected,3
129361,214108,Undirected,3
129361,214270,Undirected,3
129361,352219,Undirected,3
214108,214270,Undirected,3
214108,352219,Undirected,3
214270,352219,Undirected,3
140027,187026,Undirected,3
163341,319738,Undirected,4
265329,319738,Undirected,3
92232,101803,Undirected,3
161984,216387,Undirected,3
72378,163464,Undirected,3
163464,382585,Undirected,11
194500,382585,Undirected,6
197477,366564,Undirected,3
148519,345312,Undirected,3
14074,226383,Undirected,3
191183,226383,Undirected,4
195242,226383,Undirected,3
226383,256631,Undirected,4
226383,310585,Undirected,5
256631,310585,Undirected,3
56831,90536,Undirected,3
105517,190964,Undirected,3
27683,72655,Undirected,3
27683,91215,Undirected,3
27683,165731,Undirected,4
27683,312199,Undirected,3
72655,91215,Undirected,3
72655,165731,Undirected,3
72655,312199,Undirected,3
91215,165731,Undirected,4
91215,231307,Undirected,3
91215,312199,Undirected,3
165731,231307,Undirected,3
165731,312199,Undirected,3
231307,312199,Undirected,3
24314,385875,Undirected,3
29848,121214,Undirected,3
29848,267677,Undirected,3
71567,299702,Undirected,4
53364,267583,Undirected,3
175032,177850,Undirected,9
41042,97422,Undirected,4
275083,306946,Undirected,4
44064,96997,Undirected,3
96997,233203,Undirected,4
96997,327059,Undirected,4
233203,353476,Undirected,3
208432,254101,Undirected,3
272258,344287,Undirected,5
45507,67345,Undirected,4
56159,67345,Undirected,4
67345,347803,Undirected,4
239596,384486,Undirected,3
33768,72378,Undirected,5
194500,353193,Undirected,3
143048,352552,Undirected,3
209344,352552,Undirected,5
231951,352552,Undirected,3
14632,148567,Undirected,3
14632,223601,Undirected,4
148567,223601,Undirected,3
51438,198793,Undirected,4
198793,275285,Undirected,3
41642,373091,Undirected,3
104362,278192,Undirected,3
65797,96379,Undirected,4
65797,189604,Undirected,3
65797,195242,Undirected,3
65797,226383,Undirected,4
65797,256631,Undirected,3
65797,283924,Undirected,3
96379,189604,Undirected,4
96379,283924,Undirected,3
189604,226383,Undirected,4
189604,257499,Undirected,4
226383,257499,Undirected,3
226383,283924,Undirected,4
226383,328097,Undirected,3
257499,328097,Undirected,4
39274,109214,Undirected,7
39274,130485,Undirected,5
39274,248752,Undirected,4
39274,249518,Undirected,10
39274,252483,Undirected,3
39274,297238,Undirected,6
109214,130485,Undirected,5
109214,237063,Undirected,3
130485,297238,Undirected,4
237063,248752,Undirected,3
237063,249518,Undirected,3
169719,276338,Undirected,4
249399,299813,Undirected,3
33768,387914,Undirected,3
48974,387914,Undirected,4
170907,257257,Undirected,3
170907,387914,Undirected,3
185943,375764,Undirected,3
26054,390661,Undirected,3
21557,286202,Undirected,3
226756,240647,Undirected,5
135276,209807,Undirected,3
135276,237323,Undirected,3
135276,257226,Undirected,3
135276,383375,Undirected,3
209807,237323,Undirected,5
209807,257226,Undirected,4
209807,383375,Undirected,4
237323,257226,Undirected,5
257226,383375,Undirected,5
265699,383375,Undirected,3
140941,252482,Undirected,6
184801,252482,Undirected,5
184801,387473,Undirected,3
262248,341009,Undirected,3
31830,106634,Undirected,6
31830,181522,Undirected,8
75581,292573,Undirected,3
106634,181522,Undirected,9
292573,352462,Undirected,3
141003,214257,Undirected,4
56900,80772,Undirected,3
21660,143290,Undirected,3
75581,170072,Undirected,3
31830,310585,Undirected,9
265231,310585,Undirected,3
206091,382708,Undirected,5
264542,382708,Undirected,3
68450,240647,Undirected,3
96997,104600,Undirected,4
44064,104600,Undirected,3
96997,227727,Undirected,3
104600,227727,Undirected,4
104600,233203,Undirected,4
104600,327059,Undirected,4
190047,316784,Undirected,3
3378,106634,Undirected,7
3378,231324,Undirected,3
65797,217586,Undirected,5
217586,231324,Undirected,4
53647,295171,Undirected,7
273980,336674,Undirected,4
2754,224063,Undirected,6
42125,281703,Undirected,3
58900,377429,Undirected,3
118103,377429,Undirected,3
39274,377398,Undirected,7
39274,387914,Undirected,4
238750,365011,Undirected,4
238750,365012,Undirected,4
252483,365011,Undirected,3
252483,365012,Undirected,3
359925,365012,Undirected,3
365011,365012,Undirected,6
365012,387914,Undirected,9
68527,148519,Undirected,3
5632,58125,Undirected,3
58125,391866,Undirected,4
157395,383523,Undirected,4
167435,313190,Undirected,3
313190,383523,Undirected,4
10503,123947,Undirected,4
10503,126117,Undirected,5
10503,130894,Undirected,4
10503,224606,Undirected,3
126117,130894,Undirected,3
205248,287957,Undirected,3
161725,179218,Undirected,3
179218,249518,Undirected,5
125108,281933,Undirected,3
84708,173365,Undirected,3
173365,342816,Undirected,3
47813,342816,Undirected,4
33399,233782,Undirected,3
40745,224866,Undirected,4
52741,310613,Undirected,3
175277,310613,Undirected,4
33768,252483,Undirected,3
163464,252483,Undirected,16
163464,387914,Undirected,4
19442,227120,Undirected,4
31511,227120,Undirected,4
150718,227120,Undirected,3
204887,311231,Undirected,3
107140,113192,Undirected,5
113192,216367,Undirected,5
113192,304495,Undirected,5
113192,304520,Undirected,5
113192,387094,Undirected,5
36383,43855,Undirected,3
36383,44860,Undirected,3
36383,117705,Undirected,4
36383,302052,Undirected,4
43855,44860,Undirected,5
43855,117705,Undirected,5
43855,302052,Undirected,4
44860,117705,Undirected,8
44860,302052,Undirected,6
117705,302052,Undirected,10
225269,311283,Undirected,3
150837,221709,Undirected,3
190047,373321,Undirected,5
102914,310069,Undirected,3
187475,265788,Undirected,3
37241,336636,Undirected,3
268976,290940,Undirected,4
186410,315586,Undirected,3
95046,253446,Undirected,3
58125,354114,Undirected,3
276338,354114,Undirected,3
354114,371359,Undirected,3
140538,315528,Undirected,3
258239,315528,Undirected,3
286011,315528,Undirected,3
32071,112993,Undirected,11
169593,306360,Undirected,3
306360,361965,Undirected,4
319712,361965,Undirected,3
104362,182322,Undirected,3
104362,383736,Undirected,6
16549,140606,Undirected,3
9632,185902,Undirected,3
9632,285927,Undirected,3
9632,355248,Undirected,3
185902,285927,Undirected,3
285927,355248,Undirected,3
20051,70020,Undirected,3
269253,281703,Undirected,3
201769,256932,Undirected,3
98085,210036,Undirected,3
210036,333719,Undirected,3
93203,323572,Undirected,3
245374,248939,Undirected,3
317987,320202,Undirected,4
188899,270592,Undirected,3
9274,91613,Undirected,5
9274,394536,Undirected,3
77429,166144,Undirected,3
77429,177793,Undirected,3
77429,323137,Undirected,3
166144,177793,Undirected,3
166144,323137,Undirected,3
177793,323137,Undirected,3
224224,245374,Undirected,4
104362,268976,Undirected,4
56831,61634,Undirected,6
61634,114178,Undirected,5
61634,229742,Undirected,5
61634,247529,Undirected,5
61634,273097,Undirected,3
61634,389937,Undirected,3
114178,229742,Undirected,4
114178,389937,Undirected,3
247529,389937,Undirected,3
281933,296889,Undirected,4
98846,336436,Undirected,3
47347,390661,Undirected,3
96379,121390,Undirected,3
96379,217586,Undirected,3
13772,166653,Undirected,3
19836,191947,Undirected,3
104154,330268,Undirected,3
76970,344698,Undirected,3
295422,386334,Undirected,3
104362,306188,Undirected,4
147928,306188,Undirected,3
14074,31830,Undirected,4
84852,119825,Undirected,4
84852,166350,Undirected,4
84852,264256,Undirected,3
84852,380484,Undirected,3
119825,264256,Undirected,5
119825,380484,Undirected,4
166350,264256,Undirected,5
166350,380484,Undirected,4
264256,380484,Undirected,4
319114,371892,Undirected,3
95389,384545,Undirected,3
352082,370706,Undirected,3
295242,363729,Undirected,3
21237,328284,Undirected,3
190047,367696,Undirected,3
367696,373321,Undirected,3
15620,106081,Undirected,3
223602,291330,Undirected,3
273034,297410,Undirected,3
123311,362842,Undirected,3
240250,264720,Undirected,3
169593,380484,Undirected,3
41042,285408,Undirected,4
90508,269143,Undirected,4
96748,269143,Undirected,4
131647,269143,Undirected,4
269143,369499,Undirected,5
95760,96748,Undirected,10
95760,223707,Undirected,8
95760,292817,Undirected,7
156376,214071,Undirected,3
214071,268889,Undirected,4
44079,117771,Undirected,3
44079,186484,Undirected,3
24807,59185,Undirected,5
24807,172922,Undirected,3
24807,281822,Undirected,5
24807,283456,Undirected,3
24807,387973,Undirected,6
59185,281822,Undirected,5
59185,283456,Undirected,7
59185,387973,Undirected,7
172922,283456,Undirected,5
264893,283456,Undirected,3
281822,283456,Undirected,3
281822,387973,Undirected,7
283456,387973,Undirected,6
276136,314829,Undirected,4
17778,338320,Undirected,3
127258,338320,Undirected,3
104347,140941,Undirected,5
104347,252482,Undirected,4
107136,113192,Undirected,6
371892,382629,Undirected,3
124210,334401,Undirected,3
57685,101698,Undirected,3
33768,300043,Undirected,6
109214,179218,Undirected,3
109214,300043,Undirected,3
161725,237063,Undirected,3
161725,372921,Undirected,3
179218,248752,Undirected,4
248752,300043,Undirected,3
248752,372921,Undirected,5
300043,372921,Undirected,3
194500,257242,Undirected,8
212072,256964,Undirected,3
256964,257257,Undirected,3
37084,244536,Undirected,7
37084,256495,Undirected,4
37084,296601,Undirected,6
123947,244536,Undirected,3
123947,256495,Undirected,3
123947,296601,Undirected,4
244536,256495,Undirected,6
244536,296601,Undirected,6
244536,334679,Undirected,4
256495,296601,Undirected,4
256495,334679,Undirected,3
296601,334679,Undirected,3
73187,236893,Undirected,3
113332,218473,Undirected,3
113332,236893,Undirected,3
218473,236893,Undirected,5
236893,246930,Undirected,3
236893,290955,Undirected,4
37084,161144,Undirected,5
161144,224019,Undirected,4
161144,334679,Undirected,4
224019,355347,Undirected,4
246930,355347,Undirected,3
246930,379037,Undirected,4
35670,132889,Undirected,6
35670,265550,Undirected,6
54329,265550,Undirected,6
255586,265550,Undirected,5
25238,53647,Undirected,4
53647,142381,Undirected,5
53647,150845,Undirected,7
53647,310613,Undirected,3
53647,225123,Undirected,6
68239,225123,Undirected,3
123419,225123,Undirected,4
149588,225123,Undirected,4
150845,225123,Undirected,5
225123,295171,Undirected,3
81414,282286,Undirected,3
25238,225123,Undirected,3
53647,123419,Undirected,3
142381,225123,Undirected,3
161640,225123,Undirected,3
349233,354350,Undirected,3
268889,274499,Undirected,3
121779,319513,Undirected,3
45858,97422,Undirected,3
45858,127258,Undirected,3
97422,127258,Undirected,3
37241,236441,Undirected,3
236441,361580,Undirected,4
6444,41642,Undirected,3
9233,104362,Undirected,5
41642,326112,Undirected,3
41642,353369,Undirected,3
104362,185474,Undirected,3
104362,314666,Undirected,5
104362,353369,Undirected,5
140583,260961,Undirected,3
140583,325185,Undirected,3
260961,325185,Undirected,3
64783,97433,Undirected,6
75581,231324,Undirected,4
184847,231324,Undirected,3
184847,307711,Undirected,3
12134,104347,Undirected,3
12134,111970,Undirected,3
12134,140941,Undirected,3
12134,184801,Undirected,3
12134,252482,Undirected,3
12134,387473,Undirected,3
104347,181707,Undirected,3
104347,184801,Undirected,3
104347,387473,Undirected,3
140941,181707,Undirected,3
181707,184801,Undirected,3
181707,252482,Undirected,3
181707,387473,Undirected,3
186410,188240,Undirected,3
46670,252483,Undirected,9
46670,257242,Undirected,10
46670,341257,Undirected,5
46670,352658,Undirected,9
163464,341257,Undirected,7
163464,352658,Undirected,13
194500,252483,Undirected,8
194500,341257,Undirected,3
194500,352658,Undirected,6
252483,257242,Undirected,13
252483,341257,Undirected,8
252483,352658,Undirected,11
252483,382585,Undirected,10
257242,341257,Undirected,8
257242,352658,Undirected,15
257242,382585,Undirected,12
257257,341257,Undirected,7
257257,352658,Undirected,12
257257,382585,Undirected,9
341257,352658,Undirected,7
341257,382585,Undirected,8
352658,382585,Undirected,12
105236,375753,Undirected,3
179049,296873,Undirected,3
41642,175899,Undirected,3
127228,355570,Undirected,5
234290,320202,Undirected,3
105765,187207,Undirected,3
38739,249697,Undirected,4
160604,248752,Undirected,3
161725,179983,Undirected,3
179983,256867,Undirected,3
248752,256867,Undirected,4
249518,256867,Undirected,4
249518,372921,Undirected,4
256867,377398,Undirected,4
300043,377398,Undirected,5
372921,377398,Undirected,5
300405,323584,Undirected,3
300405,384486,Undirected,3
117143,324362,Undirected,3
162383,323710,Undirected,4
85564,128298,Undirected,3
128298,391576,Undirected,3
176546,286011,Undirected,3
56900,189583,Undirected,3
173050,188892,Undirected,4
188892,357554,Undirected,4
101143,272854,Undirected,3
214000,374544,Undirected,5
265425,374544,Undirected,3
73431,337116,Undirected,4
300879,337116,Undirected,3
4212,330040,Undirected,3
4212,352779,Undirected,3
34227,66242,Undirected,3
66242,212571,Undirected,3
106866,212571,Undirected,3
212571,259382,Undirected,3
201442,387837,Undirected,3
11715,39372,Undirected,3
11715,75581,Undirected,5
11715,170072,Undirected,4
11715,292573,Undirected,4
11715,388627,Undirected,4
76970,141090,Undirected,3
76970,170072,Undirected,3
76970,292573,Undirected,3
170072,292573,Undirected,3
292573,388627,Undirected,3
299740,319513,Undirected,5
172875,378649,Undirected,3
144526,334591,Undirected,4
326131,387473,Undirected,3
193849,344698,Undirected,4
214283,257499,Undirected,3
226383,344698,Undirected,4
131954,203213,Undirected,3
131954,375067,Undirected,6
179218,179983,Undirected,4
203213,249518,Undirected,4
203213,375067,Undirected,5
248752,375067,Undirected,5
249518,375067,Undirected,10
375067,377398,Undirected,5
132414,251252,Undirected,3
36318,364566,Undirected,3
19208,174219,Undirected,3
128151,174219,Undirected,4
60699,226507,Undirected,3
139232,371359,Undirected,3
194567,352028,Undirected,4
194567,371359,Undirected,6
352028,371359,Undirected,3
352028,391576,Undirected,3
11715,352462,Undirected,5
340066,388627,Undirected,3
7333,68527,Undirected,5
24539,128031,Undirected,3
128031,132431,Undirected,3
43965,326131,Undirected,3
98933,302056,Undirected,3
112681,170177,Undirected,3
112681,334401,Undirected,5
41653,253508,Undirected,4
41653,296194,Undirected,5
214000,253508,Undirected,3
214000,296194,Undirected,4
265425,296194,Undirected,3
121390,141090,Undirected,3
121390,226383,Undirected,4
121390,344698,Undirected,3
141090,191183,Undirected,3
141090,217586,Undirected,3
141090,226383,Undirected,3
141090,310585,Undirected,3
217586,226383,Undirected,4
217586,344698,Undirected,5
310585,344698,Undirected,3
103767,228490,Undirected,3
193273,382629,Undirected,3
242675,248939,Undirected,3
248939,299702,Undirected,3
33768,209224,Undirected,4
107422,252483,Undirected,3
170907,252483,Undirected,7
46670,99200,Undirected,3
46670,356794,Undirected,8
99200,163464,Undirected,4
99200,194500,Undirected,4
99200,212072,Undirected,5
99200,252483,Undirected,4
99200,257242,Undirected,5
99200,257257,Undirected,5
99200,352658,Undirected,5
99200,356794,Undirected,3
163464,356794,Undirected,7
194500,356794,Undirected,3
212072,252483,Undirected,14
212072,352658,Undirected,10
212072,356794,Undirected,8
252483,356794,Undirected,6
257242,356794,Undirected,7
257257,356794,Undirected,7
352658,356794,Undirected,4
294055,314901,Undirected,3
294055,319513,Undirected,3
314901,319513,Undirected,4
73203,76970,Undirected,9
73203,307711,Undirected,5
76970,307711,Undirected,9
76970,353590,Undirected,5
214283,353590,Undirected,7
307711,353590,Undirected,4
187465,238750,Undirected,4
187465,365011,Undirected,3
187465,365012,Undirected,3
365011,378177,Undirected,4
365012,378177,Undirected,4
378177,387914,Undirected,4
136108,262660,Undirected,4
136108,383523,Undirected,4
262660,383523,Undirected,5
11715,341153,Undirected,3
214283,310585,Undirected,3
214283,341153,Undirected,4
42131,118519,Undirected,3
325061,392931,Undirected,3
346059,392931,Undirected,3
99539,226633,Undirected,6
143451,190047,Undirected,4
214031,335175,Undirected,4
335175,353355,Undirected,3
49308,373977,Undirected,4
118172,373977,Undirected,3
328284,373977,Undirected,3
90608,221903,Undirected,3
90608,315607,Undirected,3
170644,221903,Undirected,3
188841,221903,Undirected,3
304396,315607,Undirected,3
14632,118260,Undirected,3
14632,127781,Undirected,3
66261,127781,Undirected,3
66261,148567,Undirected,3
118260,127781,Undirected,3
118260,148567,Undirected,3
118260,223601,Undirected,3
118260,269741,Undirected,3
216311,265288,Undirected,3
265288,344243,Undirected,3
265288,344462,Undirected,3
309568,344462,Undirected,4
33953,307711,Undirected,3
33953,310585,Undirected,6
210036,361965,Undirected,3
361965,381555,Undirected,3
88280,272258,Undirected,3
68093,375067,Undirected,3
375067,387914,Undirected,3
55475,107422,Undirected,4
55475,185659,Undirected,3
73203,107422,Undirected,3
73203,110388,Undirected,3
73203,185659,Undirected,4
73203,271387,Undirected,3
107422,271387,Undirected,3
110388,386007,Undirected,3
185659,271387,Undirected,3
73203,108919,Undirected,3
73203,189604,Undirected,4
73203,375764,Undirected,3
108919,185659,Undirected,3
73203,220329,Undirected,3
185659,332157,Undirected,3
33768,375764,Undirected,3
190645,332157,Undirected,3
244028,284823,Undirected,4
185659,266571,Undirected,3
185659,317975,Undirected,4
214283,284823,Undirected,3
108919,287656,Undirected,3
110388,278636,Undirected,3
110388,282887,Undirected,3
110388,287656,Undirected,3
278636,318733,Undirected,3
287656,318733,Undirected,3
50083,287656,Undirected,5
50083,73203,Undirected,4
73203,287656,Undirected,3
73203,344661,Undirected,3
203631,295144,Undirected,3
13632,224224,Undirected,3
107140,304549,Undirected,4
216367,304549,Undirected,4
304495,304549,Undirected,4
304520,304549,Undirected,4
304549,387094,Undirected,4
216869,330990,Undirected,3
216869,350370,Undirected,4
330990,350370,Undirected,3
330990,369865,Undirected,4
350370,369865,Undirected,4
209474,317455,Undirected,3
237803,317455,Undirected,3
237803,363880,Undirected,3
317455,363880,Undirected,4
112681,319712,Undirected,4
33768,355129,Undirected,3
179596,351783,Undirected,5
3378,11715,Undirected,4
3378,14074,Undirected,4
3378,76970,Undirected,3
3378,141090,Undirected,3
121390,341153,Undirected,3
183209,265550,Undirected,5
221472,250372,Undirected,3
78456,125588,Undirected,3
164877,179049,Undirected,4
42557,386334,Undirected,3
193915,271946,Undirected,3
239821,244212,Undirected,3
188084,196643,Undirected,3
188084,238130,Undirected,3
97433,301933,Undirected,3
41642,79539,Undirected,3
208432,272554,Undirected,3
35871,148632,Undirected,4
35871,242675,Undirected,3
35871,326300,Undirected,4
148632,242675,Undirected,3
148632,326300,Undirected,4
242675,326300,Undirected,3
6963,115509,Undirected,3
74774,149553,Undirected,5
128029,259478,Undirected,4
10503,39534,Undirected,4
10503,73187,Undirected,3
11715,231324,Undirected,3
159981,252483,Undirected,4
212072,382585,Undirected,7
282887,352658,Undirected,4
282887,382585,Undirected,4
10503,37084,Undirected,3
10503,113332,Undirected,3
10503,244536,Undirected,4
10503,246930,Undirected,3
37084,126117,Undirected,3
37084,236893,Undirected,5
39534,113332,Undirected,3
39534,126117,Undirected,3
39534,236893,Undirected,3
126117,236893,Undirected,3
126117,244536,Undirected,4
126117,246930,Undirected,3
130894,236893,Undirected,4
130894,244536,Undirected,5
236893,244536,Undirected,4
244536,246930,Undirected,3
73187,296601,Undirected,3
130894,161144,Undirected,6
130894,296601,Undirected,4
161144,236893,Undirected,3
161144,244536,Undirected,3
161144,296601,Undirected,4
218473,244536,Undirected,6
218473,296601,Undirected,5
224606,244536,Undirected,3
236893,296601,Undirected,4
236893,379037,Undirected,5
244536,379037,Undirected,4
296601,379037,Undirected,5
223707,269143,Undirected,3
35771,95760,Undirected,5
95760,96397,Undirected,5
95760,369499,Undirected,7
69699,223338,Undirected,3
130894,256495,Undirected,4
161144,256495,Undirected,4
256495,379037,Undirected,5
96518,131647,Undirected,4
96518,369499,Undirected,4
234290,313761,Undirected,3
115794,237323,Undirected,3
115794,257226,Undirected,3
115794,383375,Undirected,3
95833,249069,Undirected,3
65797,121390,Undirected,4
214283,344055,Undirected,3
217586,341153,Undirected,3
13537,90536,Undirected,3
90536,370037,Undirected,3
14630,306946,Undirected,4
43573,118519,Undirected,3
42900,96909,Undirected,3
163186,172133,Undirected,4
75581,219695,Undirected,4
12682,38334,Undirected,3
12682,148800,Undirected,3
12682,313512,Undirected,3
12682,324525,Undirected,3
12682,334300,Undirected,3
38334,148800,Undirected,3
38334,313512,Undirected,3
38334,324525,Undirected,4
38334,334300,Undirected,3
148800,313512,Undirected,3
148800,324525,Undirected,3
148800,334300,Undirected,3
313512,324525,Undirected,3
313512,334300,Undirected,3
324525,334300,Undirected,3
44079,199850,Undirected,3
249399,257685,Undirected,3
175214,309194,Undirected,3
27377,207352,Undirected,4
50711,303365,Undirected,4
27102,136108,Undirected,3
293550,323224,Undirected,3
92154,118260,Undirected,3
118260,130150,Undirected,3
166189,189059,Undirected,3
166189,343606,Undirected,3
189059,213401,Undirected,3
189059,343606,Undirected,3
63788,336651,Undirected,3
63788,390661,Undirected,4
161309,336651,Undirected,3
243557,365387,Undirected,3
243557,370853,Undirected,4
104362,314955,Undirected,3
190244,375658,Undirected,3
307216,310613,Undirected,5
307216,324383,Undirected,3
310613,324383,Undirected,3
3378,288793,Undirected,3
231324,335508,Undirected,3
160449,163186,Undirected,5
160449,172133,Undirected,3
160449,220573,Undirected,3
160449,261720,Undirected,4
163186,170177,Undirected,8
163186,206506,Undirected,3
163186,211297,Undirected,4
163186,220573,Undirected,4
163186,250244,Undirected,6
163186,261720,Undirected,5
163186,369797,Undirected,4
170177,172133,Undirected,5
170177,220573,Undirected,5
170177,261720,Undirected,5
172133,206506,Undirected,4
172133,211297,Undirected,3
172133,220573,Undirected,4
172133,250244,Undirected,4
172133,369797,Undirected,3
206506,220573,Undirected,3
206506,261720,Undirected,3
211297,220573,Undirected,3
211297,261720,Undirected,3
220573,250244,Undirected,4
220573,261720,Undirected,3
220573,369797,Undirected,3
250244,261720,Undirected,3
261720,369797,Undirected,3
79231,312943,Undirected,3
79231,383523,Undirected,4
312943,383523,Undirected,5
327742,361965,Undirected,3
42528,285408,Undirected,4
300416,337599,Undirected,3
164010,231233,Undirected,4
217030,306187,Undirected,3
97433,206290,Undirected,6
97433,215676,Undirected,3
97433,272167,Undirected,6
97433,377788,Undirected,5
206290,215676,Undirected,3
206290,272167,Undirected,6
206290,321874,Undirected,3
206290,377788,Undirected,5
215676,272167,Undirected,3
272167,321874,Undirected,3
272167,377788,Undirected,5
91926,373091,Undirected,4
15570,20051,Undirected,3
163807,318109,Undirected,3
163807,363261,Undirected,3
55475,249865,Undirected,3
107422,127051,Undirected,3
163464,249865,Undirected,3
249865,250271,Undirected,3
249865,257257,Undirected,3
249865,353193,Undirected,3
144211,252334,Undirected,3
104362,179516,Undirected,3
104362,181600,Undirected,4
234044,323584,Undirected,3
166744,330000,Undirected,3
61634,104494,Undirected,3
39466,110690,Undirected,3
166240,384545,Undirected,3
26149,295216,Undirected,4
85928,355875,Undirected,3
73889,267583,Undirected,3
93678,265288,Undirected,3
93678,318625,Undirected,4
220463,265288,Undirected,3
220463,318625,Undirected,3
265288,318625,Undirected,3
93678,344243,Undirected,3
93678,178460,Undirected,3
93678,319069,Undirected,3
178460,319069,Undirected,3
117143,344453,Undirected,3
8773,70332,Undirected,4
70332,337229,Undirected,4
45424,61854,Undirected,9
45424,82995,Undirected,5
45424,216012,Undirected,9
45424,261474,Undirected,10
45424,285452,Undirected,9
45424,333457,Undirected,8
45424,341866,Undirected,4
61854,82995,Undirected,6
61854,216012,Undirected,9
61854,261474,Undirected,9
61854,285452,Undirected,10
61854,333457,Undirected,8
61854,341866,Undirected,4
82995,216012,Undirected,5
82995,261474,Undirected,6
82995,285452,Undirected,5
82995,333457,Undirected,4
82995,341866,Undirected,4
163468,261474,Undirected,3
216012,261474,Undirected,9
216012,285452,Undirected,9
216012,333457,Undirected,8
216012,341866,Undirected,4
261474,285452,Undirected,9
261474,333457,Undirected,8
261474,341866,Undirected,4
285452,333457,Undirected,8
285452,341866,Undirected,4
333457,341866,Undirected,4
45424,242763,Undirected,5
45424,305988,Undirected,7
61854,242763,Undirected,5
61854,305988,Undirected,8
82995,242763,Undirected,3
82995,305988,Undirected,3
216012,242763,Undirected,5
216012,305988,Undirected,7
242763,261474,Undirected,5
242763,285452,Undirected,5
242763,305988,Undirected,5
242763,333457,Undirected,4
261474,305988,Undirected,7
285452,305988,Undirected,7
305988,333457,Undirected,6
45424,214837,Undirected,3
45424,339608,Undirected,4
61854,214837,Undirected,3
61854,339608,Undirected,4
214837,216012,Undirected,3
214837,261474,Undirected,3
214837,285452,Undirected,3
214837,305988,Undirected,3
214837,333457,Undirected,3
216012,339608,Undirected,5
261474,339608,Undirected,4
285452,339608,Undirected,4
305988,339608,Undirected,4
215460,227014,Undirected,3
64038,213177,Undirected,4
155814,310464,Undirected,3
30282,140538,Undirected,3
93203,148632,Undirected,3
93203,224823,Undirected,3
139697,148632,Undirected,3
139697,224823,Undirected,3
148632,224823,Undirected,3
38643,330268,Undirected,3
36168,41042,Undirected,3
3378,196014,Undirected,3
158135,239596,Undirected,3
14044,186484,Undirected,3
185474,316569,Undirected,3
114790,212189,Undirected,3
45400,363160,Undirected,3
21629,27463,Undirected,10
21629,327682,Undirected,3
27463,327682,Undirected,3
76214,225269,Undirected,3
202770,234290,Undirected,4
212571,285510,Undirected,3
23212,156376,Undirected,3
23212,285408,Undirected,4
23212,286227,Undirected,3
23212,359099,Undirected,4
107959,285408,Undirected,4
127634,285408,Undirected,3
127634,359099,Undirected,3
156376,285408,Undirected,7
215388,286227,Undirected,3
19442,161410,Undirected,3
95554,220290,Undirected,13
95554,258506,Undirected,4
95554,316502,Undirected,5
95554,377398,Undirected,5
220290,258506,Undirected,4
220290,316502,Undirected,3
220290,377398,Undirected,4
258506,377398,Undirected,3
95554,249518,Undirected,7
95554,375067,Undirected,8
95554,384520,Undirected,6
131954,258506,Undirected,3
131954,372921,Undirected,5
131954,384520,Undirected,3
248752,258506,Undirected,3
248752,384520,Undirected,5
249518,384520,Undirected,6
256867,258506,Undirected,3
258506,375067,Undirected,4
372921,375067,Undirected,3
372921,384520,Undirected,3
375067,384520,Undirected,6
377398,384520,Undirected,5
128298,214709,Undirected,3
214709,352028,Undirected,3
352028,361672,Undirected,3
127634,214071,Undirected,3
266422,270480,Undirected,7
123947,161144,Undirected,3
123947,218473,Undirected,3
115834,170491,Undirected,3
264846,270480,Undirected,7
61333,157895,Undirected,3
188654,321521,Undirected,3
40745,95046,Undirected,3
702,38739,Undirected,3
112681,329303,Undirected,3
24517,34227,Undirected,3
34227,158405,Undirected,3
307974,362901,Undirected,3
67345,106152,Undirected,3
46670,173604,Undirected,5
46670,363595,Undirected,4
99200,173604,Undirected,3
163464,173604,Undirected,3
163464,363595,Undirected,6
173604,212072,Undirected,4
173604,257242,Undirected,3
173604,257257,Undirected,3
173604,356794,Undirected,6
212072,363595,Undirected,6
257242,363595,Undirected,7
257257,363595,Undirected,8
352658,363595,Undirected,6
356794,363595,Undirected,5
194500,363595,Undirected,3
252483,363595,Undirected,5
282887,363595,Undirected,3
177405,226692,Undirected,3
117990,174985,Undirected,3
77339,377638,Undirected,3
163186,353655,Undirected,3
163186,368248,Undirected,5
170177,368248,Undirected,8
220573,353655,Undirected,3
220573,368248,Undirected,3
250244,368248,Undirected,6
261720,368248,Undirected,3
353655,368248,Undirected,5
368248,369797,Undirected,6
211028,391576,Undirected,3
44134,45489,Undirected,3
17968,69943,Undirected,5
17968,95554,Undirected,6
17968,203213,Undirected,5
17968,220290,Undirected,6
17968,297238,Undirected,4
17968,316502,Undirected,3
68093,69943,Undirected,4
68093,95554,Undirected,4
68093,220290,Undirected,3
69943,95554,Undirected,7
69943,203213,Undirected,4
69943,220290,Undirected,7
69943,297238,Undirected,6
69943,316502,Undirected,5
95554,203213,Undirected,4
95554,297238,Undirected,8
95554,387914,Undirected,4
203213,220290,Undirected,3
203213,297238,Undirected,4
203213,316502,Undirected,5
220290,297238,Undirected,10
220290,387914,Undirected,4
316502,387914,Undirected,4
17968,130485,Undirected,6
39274,203213,Undirected,3
109214,203213,Undirected,3
130485,203213,Undirected,6
112863,297876,Undirected,3
172828,297876,Undirected,3
194540,297876,Undirected,3
119261,120463,Undirected,4
100297,380484,Undirected,3
4690,221965,Undirected,3
193486,258506,Undirected,3
56677,261576,Undirected,3
99200,364905,Undirected,6
132606,261576,Undirected,3
132606,364905,Undirected,3
261576,364905,Undirected,4
51640,66261,Undirected,5
51640,229405,Undirected,4
51640,261474,Undirected,4
51640,285343,Undirected,5
51640,364905,Undirected,4
66261,99200,Undirected,4
66261,229405,Undirected,4
66261,261474,Undirected,3
66261,285343,Undirected,3
66261,364905,Undirected,7
99200,229405,Undirected,3
163468,229405,Undirected,4
229405,285343,Undirected,4
229405,364905,Undirected,6
261474,285343,Undirected,4
261474,364905,Undirected,4
285343,364905,Undirected,8
358469,361366,Undirected,3
95760,131647,Undirected,5
48974,55475,Undirected,4
48974,148155,Undirected,3
48974,387445,Undirected,3
55475,148155,Undirected,3
163464,336342,Undirected,4
249865,282887,Undirected,3
48974,250271,Undirected,3
51027,99200,Undirected,3
51027,261576,Undirected,3
66261,87876,Undirected,5
87876,99200,Undirected,5
87876,261576,Undirected,4
87876,285343,Undirected,3
87876,364905,Undirected,7
216562,364905,Undirected,3
137038,356832,Undirected,3
49476,280128,Undirected,3
49476,328043,Undirected,3
49476,336342,Undirected,3
49476,371402,Undirected,3
170907,280128,Undirected,7
170907,336342,Undirected,3
49476,216562,Undirected,3
49476,342611,Undirected,3
49476,364905,Undirected,6
193852,216562,Undirected,3
193852,364905,Undirected,3
33816,145735,Undirected,7
33816,193852,Undirected,4
145735,193852,Undirected,4
216562,388378,Undirected,3
33816,49476,Undirected,3
33816,280128,Undirected,5
33816,300295,Undirected,4
33816,309489,Undirected,7
33816,364905,Undirected,3
49476,309489,Undirected,3
56952,364905,Undirected,5
193852,280128,Undirected,3
280128,300295,Undirected,4
280128,309489,Undirected,5
309489,364905,Undirected,3
49476,198491,Undirected,3
49476,335369,Undirected,3
56952,71197,Undirected,4
107136,107140,Undirected,3
107136,304495,Undirected,3
107136,304520,Undirected,4
107136,304549,Undirected,3
107136,387094,Undirected,4
177848,385749,Undirected,3
26054,63788,Undirected,3
42444,112519,Undirected,3
112519,128693,Undirected,4
112519,253912,Undirected,4
112519,284633,Undirected,4
284633,335190,Undirected,3
39697,177405,Undirected,3
99200,382585,Undirected,3
212072,341257,Undirected,6
130795,382629,Undirected,3
624,238650,Undirected,3
624,238775,Undirected,3
624,283715,Undirected,3
624,295270,Undirected,3
624,388956,Undirected,3
238650,238775,Undirected,3
238650,283715,Undirected,3
238650,295270,Undirected,3
238650,388956,Undirected,3
238775,283715,Undirected,3
238775,295270,Undirected,3
238775,388956,Undirected,3
283715,295270,Undirected,3
283715,388956,Undirected,3
295270,388956,Undirected,3
74193,136108,Undirected,3
141090,319738,Undirected,3
217586,319738,Undirected,3
55041,144644,Undirected,4
76185,290636,Undirected,3
105560,377398,Undirected,3
68910,257257,Undirected,5
68910,336342,Undirected,4
48974,365012,Undirected,3
55475,378177,Undirected,3
55475,387914,Undirected,3
148124,365012,Undirected,3
148155,365012,Undirected,3
163464,365012,Undirected,4
158405,359099,Undirected,4
161984,240174,Undirected,3
213864,370133,Undirected,3
163464,249518,Undirected,8
212072,249518,Undirected,10
249518,257242,Undirected,6
249518,341257,Undirected,4
249518,352658,Undirected,3
249518,382585,Undirected,3
341257,363595,Undirected,4
363595,382585,Undirected,4
260889,345465,Undirected,4
145118,213271,Undirected,3
213271,325491,Undirected,3
106506,188149,Undirected,3
106506,284109,Undirected,3
216927,308468,Undirected,4
126416,347810,Undirected,3
34010,199117,Undirected,3
35871,48454,Undirected,3
35871,186223,Undirected,3
35871,221312,Undirected,3
48454,186223,Undirected,3
186223,221312,Undirected,3
51640,379952,Undirected,3
66261,379952,Undirected,5
87876,379952,Undirected,7
176513,364905,Undirected,6
176513,379952,Undirected,5
285343,379952,Undirected,8
364905,379952,Undirected,11
36168,285408,Undirected,3
41042,274499,Undirected,3
41042,338320,Undirected,3
45858,274499,Undirected,3
274499,285408,Undirected,3
274499,338320,Undirected,3
285408,338320,Undirected,3
24517,102379,Undirected,3
24517,275254,Undirected,3
23212,85643,Undirected,3
137038,338320,Undirected,4
214071,359099,Undirected,5
338320,359099,Undirected,3
117879,175032,Undirected,3
117879,177850,Undirected,6
359099,385749,Undirected,3
250792,308468,Undirected,4
201442,335202,Undirected,9
282887,341257,Undirected,3
136967,212189,Undirected,4
114178,282329,Undirected,3
229742,282329,Undirected,5
247529,282329,Undirected,3
282329,299702,Undirected,5
178246,219220,Undirected,4
25666,69992,Undirected,3
11715,217586,Undirected,3
11715,344698,Undirected,4
131305,277473,Undirected,3
35526,261001,Undirected,4
40109,104362,Undirected,4
134069,261001,Undirected,3
68093,249518,Undirected,4
69943,249518,Undirected,5
69943,375067,Undirected,4
249518,316502,Undirected,3
316502,375067,Undirected,3
47424,163206,Undirected,3
47424,296766,Undirected,11
53364,163206,Undirected,3
87115,278534,Undirected,5
163206,281920,Undirected,5
281920,296766,Undirected,5
69581,179596,Undirected,3
69581,351783,Undirected,3
62838,95545,Undirected,5
95545,167307,Undirected,3
21557,296185,Undirected,3
51969,224823,Undirected,3
195790,352219,Undirected,3
249518,381010,Undirected,6
89139,365387,Undirected,3
280845,365387,Undirected,3
11715,288793,Undirected,3
14074,170530,Undirected,3
179218,381010,Undirected,3
39462,53364,Undirected,10
53364,162655,Undirected,4
162655,288793,Undirected,4
162655,336674,Undirected,3
48517,161073,Undirected,8
48517,174366,Undirected,4
48517,212072,Undirected,3
48517,386007,Undirected,13
75581,174366,Undirected,6
107967,174366,Undirected,7
107967,212072,Undirected,6
161073,174366,Undirected,5
174366,212072,Undirected,6
174366,214283,Undirected,13
174366,386007,Undirected,10
212072,214283,Undirected,17
69755,341074,Undirected,8
163464,341074,Undirected,14
212072,333457,Undirected,3
212072,341074,Undirected,3
214283,333457,Undirected,6
214283,341074,Undirected,3
333457,341074,Undirected,4
69755,174366,Undirected,7
122576,174366,Undirected,3
122576,336674,Undirected,5
161073,217875,Undirected,7
217875,336674,Undirected,7
47577,129757,Undirected,3
140606,359843,Undirected,3
256964,332277,Undirected,3
17968,249518,Undirected,3
39274,95554,Undirected,4
39274,220290,Undirected,5
39274,369200,Undirected,4
39274,384520,Undirected,5
95554,369200,Undirected,4
220290,249518,Undirected,7
220290,369200,Undirected,3
220290,384520,Undirected,6
369200,377398,Undirected,3
369200,384520,Undirected,5
39274,69943,Undirected,4
39274,191807,Undirected,4
68093,381010,Undirected,3
69943,109214,Undirected,5
69943,191807,Undirected,3
69943,369200,Undirected,4
109214,191807,Undirected,3
109214,381010,Undirected,3
156663,191807,Undirected,3
156663,384520,Undirected,3
191807,384520,Undirected,4
39274,349747,Undirected,5
69943,130485,Undirected,7
69943,151714,Undirected,4
69943,349747,Undirected,5
130485,349747,Undirected,6
151714,248752,Undirected,6
151714,249518,Undirected,5
151714,297238,Undirected,8
151714,369200,Undirected,4
151714,377398,Undirected,4
249518,349747,Undirected,7
297238,349747,Undirected,5
297238,369200,Undirected,4
95554,151714,Undirected,4
151714,220290,Undirected,6
151714,375067,Undirected,6
151714,384520,Undirected,4
220290,248752,Undirected,3
220290,375067,Undirected,8
297238,375067,Undirected,8
297238,384520,Undirected,4
272258,316834,Undirected,3
316834,344287,Undirected,3
336674,371402,Undirected,3
37241,367696,Undirected,3
60937,367696,Undirected,5
334205,354816,Undirected,3
2411,17968,Undirected,3
2411,69943,Undirected,4
2411,95554,Undirected,4
2411,130485,Undirected,3
2411,220290,Undirected,3
64401,191807,Undirected,3
95554,130485,Undirected,3
95554,191807,Undirected,3
130485,220290,Undirected,3
130485,272190,Undirected,3
191807,220290,Undirected,3
130485,316502,Undirected,4
104362,323584,Undirected,4
4212,11588,Undirected,3
4212,285897,Undirected,5
4212,316300,Undirected,4
11588,285897,Undirected,3
190733,227120,Undirected,3
190733,232804,Undirected,3
227120,232804,Undirected,3
256434,310585,Undirected,4
371402,388378,Undirected,3
290124,332277,Undirected,3
296447,310585,Undirected,3
218473,334679,Undirected,4
160449,368248,Undirected,7
60937,236441,Undirected,4
146752,312943,Undirected,3
312943,374896,Undirected,3
39274,375067,Undirected,5
220290,349747,Undirected,4
349747,375067,Undirected,5
64036,218764,Undirected,3
215910,295851,Undirected,3
178965,384486,Undirected,4
281327,384486,Undirected,3
27377,238583,Undirected,4
32335,35871,Undirected,3
32335,77429,Undirected,3
32335,148632,Undirected,3
32335,326300,Undirected,3
35871,77429,Undirected,3
77429,148632,Undirected,3
77429,326300,Undirected,3
166144,298091,Undirected,3
281933,300193,Undirected,3
49690,59929,Undirected,4
49690,321449,Undirected,4
185902,212830,Undirected,3
149887,364093,Undirected,3
2992,50256,Undirected,3
39274,179218,Undirected,3
105560,297238,Undirected,3
53084,365046,Undirected,3
365046,377638,Undirected,3
191085,249399,Undirected,3
61769,112519,Undirected,3
61769,128693,Undirected,4
112519,164421,Undirected,3
164421,284633,Undirected,4
50711,58125,Undirected,3
58125,303365,Undirected,3
49476,92154,Undirected,3
102379,306946,Undirected,3
127258,359099,Undirected,3
158405,214071,Undirected,3
33768,343300,Undirected,3
72814,300043,Undirected,4
220329,300043,Undirected,5
220329,343300,Undirected,3
109214,220290,Undirected,3
109214,349747,Undirected,3
107705,134069,Undirected,3
3378,31830,Undirected,5
35526,271322,Undirected,3
104362,252334,Undirected,3
73203,92154,Undirected,14
73203,159231,Undirected,8
92154,159231,Undirected,9
99539,119180,Undirected,3
92984,140538,Undirected,3
92984,205248,Undirected,3
50256,114710,Undirected,3
50256,126495,Undirected,3
220290,381010,Undirected,3
236441,367696,Undirected,3
156663,372921,Undirected,3
124210,366381,Undirected,3
193626,323584,Undirected,3
64038,366381,Undirected,3
37115,169760,Undirected,3
101582,185474,Undirected,3
50477,161819,Undirected,5
8773,101061,Undirected,4
8773,284948,Undirected,4
8773,382708,Undirected,4
19442,101061,Undirected,5
19442,284948,Undirected,4
19442,382708,Undirected,6
51559,101061,Undirected,3
51559,284948,Undirected,3
51559,382708,Undirected,3
101061,150718,Undirected,3
101061,206091,Undirected,4
101061,284948,Undirected,4
150718,284948,Undirected,3
150718,382708,Undirected,3
206091,284948,Undirected,3
284948,382708,Undirected,4
206506,368248,Undirected,3
120463,352082,Undirected,4
41042,106866,Undirected,5
106866,190655,Undirected,3
170907,210161,Undirected,3
170907,250271,Undirected,4
336342,353193,Undirected,5
256434,334136,Undirected,3
191619,227721,Undirected,3
296185,352082,Undirected,6
257120,269615,Undirected,3
203213,349747,Undirected,3
101158,355754,Undirected,3
76970,355129,Undirected,14
46670,170907,Undirected,5
170907,352658,Undirected,3
170907,382585,Undirected,4
91505,266554,Undirected,3
44079,53043,Undirected,3
53043,157232,Undirected,3
97433,106152,Undirected,5
97433,347251,Undirected,3
106152,206290,Undirected,5
106152,272167,Undirected,5
106152,347251,Undirected,3
106152,361672,Undirected,3
106152,377788,Undirected,4
206290,347251,Undirected,3
206290,361672,Undirected,3
272167,347251,Undirected,3
272167,361672,Undirected,3
347251,361672,Undirected,3
178246,304437,Undirected,4
178246,320828,Undirected,5
178246,334310,Undirected,3
304437,320828,Undirected,4
320828,334310,Undirected,3
163464,170907,Undirected,7
170907,257242,Undirected,5
10503,296601,Undirected,3
10503,334679,Undirected,3
126117,256495,Undirected,5
126117,296601,Undirected,4
126117,379037,Undirected,3
218473,256495,Undirected,4
236893,256495,Undirected,3
139963,250269,Undirected,4
209093,371359,Undirected,6
31830,256434,Undirected,4
48796,96714,Undirected,3
236441,299911,Undirected,3
236441,335199,Undirected,4
299911,335199,Undirected,4
12226,189498,Undirected,5
45858,158405,Undirected,3
268889,359099,Undirected,3
7168,256595,Undirected,3
28981,88755,Undirected,3
88755,102379,Undirected,3
88755,275083,Undirected,4
102379,275083,Undirected,6
102379,345312,Undirected,4
275083,345312,Undirected,4
42528,275083,Undirected,5
275083,285408,Undirected,7
31830,193849,Undirected,4
31830,240463,Undirected,4
31830,344698,Undirected,3
31830,375764,Undirected,4
181522,193849,Undirected,7
181522,240463,Undirected,6
181522,243557,Undirected,6
181522,344698,Undirected,3
181522,370853,Undirected,3
181522,375764,Undirected,5
193849,240463,Undirected,5
193849,243557,Undirected,3
193849,375764,Undirected,4
240463,243557,Undirected,3
240463,344698,Undirected,3
240463,375764,Undirected,5
243557,375764,Undirected,3
95494,112993,Undirected,4
95494,132606,Undirected,3
95494,223296,Undirected,4
95494,379934,Undirected,6
112993,123860,Undirected,3
112993,218532,Undirected,3
112993,223296,Undirected,6
112993,305983,Undirected,3
112993,379934,Undirected,3
112993,379952,Undirected,7
123860,223296,Undirected,3
123860,305983,Undirected,6
123860,379952,Undirected,4
132606,223296,Undirected,3
132606,379952,Undirected,4
218532,305983,Undirected,3
218532,379934,Undirected,3
223296,379934,Undirected,5
305983,379952,Undirected,14
40492,176513,Undirected,5
176513,229405,Undirected,5
176513,359720,Undirected,6
216012,359720,Undirected,3
229405,359720,Undirected,8
40492,132606,Undirected,4
40492,379952,Undirected,3
132606,176513,Undirected,5
176513,392879,Undirected,3
359720,364905,Undirected,11
359720,379952,Undirected,12
359720,392879,Undirected,5
364905,392879,Undirected,5
379952,392879,Undirected,6
15870,71197,Undirected,3
15870,173604,Undirected,3
15870,359720,Undirected,3
15870,379952,Undirected,3
71197,132606,Undirected,3
71197,173604,Undirected,5
71197,176513,Undirected,3
71197,229405,Undirected,7
71197,359720,Undirected,9
71197,364905,Undirected,9
71197,379952,Undirected,9
132606,173604,Undirected,4
132606,229405,Undirected,3
173604,176513,Undirected,4
173604,229405,Undirected,4
173604,359720,Undirected,4
173604,364905,Undirected,4
229405,273511,Undirected,3
229405,379952,Undirected,10
273511,379952,Undirected,5
229405,392879,Undirected,3
273511,392879,Undirected,3
56952,305983,Undirected,4
56952,359720,Undirected,4
66261,305983,Undirected,5
66261,359720,Undirected,6
66261,392879,Undirected,3
99200,359720,Undirected,5
176513,305983,Undirected,3
229405,305983,Undirected,7
305983,359720,Undirected,9
305983,364905,Undirected,5
305983,392879,Undirected,4
14632,71197,Undirected,3
14632,229405,Undirected,3
71197,177573,Undirected,3
71197,242763,Undirected,4
71197,285343,Undirected,6
71197,305983,Undirected,6
177573,229405,Undirected,4
177573,242763,Undirected,4
177573,285343,Undirected,4
177573,305983,Undirected,7
177573,359720,Undirected,5
177573,379952,Undirected,6
242763,285343,Undirected,6
242763,305983,Undirected,6
242763,359720,Undirected,4
242763,379952,Undirected,6
285343,305983,Undirected,6
285343,359720,Undirected,4
242763,364905,Undirected,3
56952,379952,Undirected,3
4859,242763,Undirected,4
4859,285343,Undirected,4
4859,305983,Undirected,4
4859,331482,Undirected,3
4859,379952,Undirected,5
242763,331482,Undirected,3
285343,331482,Undirected,3
305983,331482,Undirected,8
331482,359720,Undirected,4
331482,364905,Undirected,4
331482,379952,Undirected,8
177573,304633,Undirected,3
304633,305983,Undirected,8
304633,379952,Undirected,4
305602,305983,Undirected,5
305602,379952,Undirected,4
40492,305983,Undirected,3
40492,331482,Undirected,3
177573,215000,Undirected,3
215000,305983,Undirected,6
215000,331482,Undirected,3
215000,379952,Undirected,8
66261,123860,Undirected,3
66261,177573,Undirected,3
66261,304633,Undirected,3
71197,99200,Undirected,3
71197,123860,Undirected,3
99200,123860,Undirected,3
123860,304633,Undirected,4
123860,359720,Undirected,3
32071,51640,Undirected,3
32071,66261,Undirected,4
32071,359720,Undirected,5
51640,112993,Undirected,3
66261,112993,Undirected,4
112993,215000,Undirected,3
112993,359720,Undirected,5
123860,215000,Undirected,4
32071,379952,Undirected,6
215000,229405,Undirected,4
51027,379952,Undirected,3
229405,246108,Undirected,3
229405,269533,Undirected,3
246108,269533,Undirected,4
246108,305602,Undirected,3
246108,305983,Undirected,7
246108,331482,Undirected,6
246108,379952,Undirected,10
246108,392879,Undirected,4
269533,379952,Undirected,4
331482,392879,Undirected,4
32071,87876,Undirected,6
32071,246108,Undirected,4
32071,364905,Undirected,4
66261,246108,Undirected,3
87876,112993,Undirected,8
87876,246108,Undirected,9
87876,331482,Undirected,3
87876,359720,Undirected,4
87876,392879,Undirected,3
112993,246108,Undirected,6
112993,364905,Undirected,6
246108,359720,Undirected,3
246108,364905,Undirected,3
87876,123860,Undirected,6
87876,215000,Undirected,5
87876,232244,Undirected,6
87876,290124,Undirected,10
87876,294019,Undirected,6
87876,305983,Undirected,3
123860,232244,Undirected,5
123860,246108,Undirected,4
123860,290124,Undirected,4
215000,232244,Undirected,5
215000,246108,Undirected,5
215000,290124,Undirected,4
215000,294019,Undirected,6
232244,246108,Undirected,7
232244,290124,Undirected,6
232244,294019,Undirected,4
232244,305983,Undirected,5
232244,331482,Undirected,3
246108,290124,Undirected,10
246108,294019,Undirected,4
290124,294019,Undirected,5
290124,305983,Undirected,6
290124,331482,Undirected,3
232244,304633,Undirected,4
232244,379952,Undirected,5
246108,304633,Undirected,4
290124,304633,Undirected,4
290124,379952,Undirected,4
40492,232244,Undirected,3
304633,331482,Undirected,3
40492,215936,Undirected,5
132606,215936,Undirected,5
132606,232244,Undirected,3
132606,290124,Undirected,3
215936,232244,Undirected,3
278727,322595,Undirected,3
31830,296447,Undirected,3
181522,296447,Undirected,5
181522,310585,Undirected,5
181522,365105,Undirected,3
85934,277878,Undirected,3
161631,163464,Undirected,3
163464,167220,Undirected,3
163464,184432,Undirected,4
184432,190587,Undirected,3
138505,287731,Undirected,3
61634,299702,Undirected,4
56831,282329,Undirected,4
61634,282329,Undirected,3
51027,215000,Undirected,3
223601,229405,Undirected,4
87876,218532,Undirected,3
218532,290124,Undirected,3
87876,132606,Undirected,3
283097,290124,Undirected,3
261576,379952,Undirected,3
71197,290124,Undirected,3
160508,283097,Undirected,3
361580,367696,Undirected,3
32071,223296,Undirected,3
87876,223296,Undirected,6
99200,290124,Undirected,3
112993,290124,Undirected,5
223296,290124,Undirected,4
288852,290124,Undirected,3
290124,364905,Undirected,4
32071,261576,Undirected,3
87876,379934,Undirected,6
112993,261576,Undirected,4
223296,261576,Undirected,4
261576,379934,Undirected,3
290124,379934,Undirected,3
87876,163468,Undirected,4
163468,215000,Undirected,3
18802,88755,Undirected,3
18802,275254,Undirected,3
177848,190655,Undirected,3
145735,285343,Undirected,4
163386,387914,Undirected,4
163464,387877,Undirected,4
156631,160508,Undirected,3
151148,163464,Undirected,7
151148,170907,Undirected,5
151148,212072,Undirected,6
151148,249518,Undirected,6
151148,252483,Undirected,6
151148,257242,Undirected,5
151148,280128,Undirected,8
163464,280128,Undirected,9
170907,212072,Undirected,6
170907,249518,Undirected,6
212072,280128,Undirected,7
249518,280128,Undirected,7
252483,280128,Undirected,7
257242,280128,Undirected,5
78857,171755,Undirected,3
106567,382686,Undirected,3
190655,212571,Undirected,3
67496,285408,Undirected,4
107959,275083,Undirected,3
314461,318459,Undirected,3
314461,388686,Undirected,3
314461,388956,Undirected,3
76849,320821,Undirected,4
102914,117143,Undirected,5
33355,156376,Undirected,3
33355,308468,Undirected,4
28981,359595,Undirected,3
33355,102379,Undirected,3
102379,216927,Undirected,3
363109,372128,Undirected,3
4759,173604,Undirected,3
4759,215936,Undirected,3
40492,173604,Undirected,3
40492,269533,Undirected,3
173604,215936,Undirected,4
173604,269533,Undirected,3
215936,229405,Undirected,3
215936,269533,Undirected,3
173604,232244,Undirected,3
229405,232244,Undirected,3
21197,33816,Undirected,6
21197,76693,Undirected,6
21197,145735,Undirected,6
21197,280128,Undirected,4
21197,309489,Undirected,6
33816,76693,Undirected,6
76693,145735,Undirected,7
76693,193852,Undirected,3
76693,280128,Undirected,5
76693,300295,Undirected,4
76693,309489,Undirected,6
145735,280128,Undirected,4
145735,300295,Undirected,4
145735,309489,Undirected,6
87876,294144,Undirected,3
56677,87876,Undirected,6
56677,95494,Undirected,6
56677,331362,Undirected,3
56677,379934,Undirected,5
87876,95494,Undirected,6
87876,331362,Undirected,3
95494,290124,Undirected,3
95494,331362,Undirected,4
290124,331362,Undirected,3
331362,379934,Undirected,3
71197,112993,Undirected,4
14276,223296,Undirected,3
14276,379934,Undirected,6
14276,56677,Undirected,4
14276,87876,Undirected,4
14276,95494,Undirected,4
95494,261576,Undirected,3
21197,296762,Undirected,3
21197,335369,Undirected,3
33816,296762,Undirected,3
33816,335369,Undirected,3
76693,296762,Undirected,3
76693,335369,Undirected,4
145735,296762,Undirected,3
145735,335369,Undirected,4
296762,309489,Undirected,3
296762,335369,Undirected,3
309489,335369,Undirected,3
33816,156631,Undirected,4
76693,285343,Undirected,3
270895,342816,Undirected,3
107705,388714,Undirected,3
368248,390678,Undirected,4
18802,285408,Undirected,3
88755,359595,Undirected,3
275083,359595,Undirected,4
151714,258506,Undirected,3
151714,332431,Undirected,3
151714,375749,Undirected,3
220290,332431,Undirected,3
220290,375749,Undirected,3
220329,375749,Undirected,3
258506,297238,Undirected,4
297238,332431,Undirected,3
297238,375749,Undirected,3
332431,375067,Undirected,3
332431,375749,Undirected,3
375067,375749,Undirected,3
244686,281933,Undirected,3
46768,76850,Undirected,4
46768,200834,Undirected,3
46768,257257,Undirected,3
46768,298953,Undirected,3
46768,378177,Undirected,3
68910,76850,Undirected,4
68910,298953,Undirected,3
68910,378177,Undirected,4
76850,257257,Undirected,6
76850,298953,Undirected,4
76850,336342,Undirected,4
76850,378177,Undirected,7
257257,298953,Undirected,4
298953,378177,Undirected,4
24517,127098,Undirected,3
127098,275254,Undirected,5
88572,275083,Undirected,3
127025,275083,Undirected,3
152982,252482,Undirected,8
152982,318399,Undirected,7
164421,250618,Undirected,7
164421,299956,Undirected,11
164421,335190,Undirected,5
250618,299956,Undirected,8
250618,335190,Undirected,3
299956,335190,Undirected,6
33816,257257,Undirected,4
156631,332277,Undirected,3
160508,332277,Undirected,3
161725,257257,Undirected,4
161725,323773,Undirected,3
257257,323773,Undirected,3
33768,254308,Undirected,4
185659,254308,Undirected,3
219220,320828,Undirected,3
3378,243557,Undirected,3
106634,243557,Undirected,4
67970,80266,Undirected,10
67970,88433,Undirected,10
80266,88433,Undirected,10
67970,319183,Undirected,8
80266,319183,Undirected,8
88433,319183,Undirected,8
90508,95760,Undirected,3
76850,161725,Undirected,3
76850,353193,Undirected,5
161725,298953,Undirected,3
161725,353193,Undirected,3
161725,378177,Undirected,3
298953,353193,Undirected,3
353193,378177,Undirected,5
68910,353193,Undirected,3
159981,387877,Undirected,3
29080,299702,Undirected,3
139963,181938,Undirected,3
181938,250269,Undirected,3
181938,368258,Undirected,3
106634,296447,Undirected,4
106634,310585,Undirected,4
106634,375764,Undirected,4
296447,375764,Undirected,5
166144,167014,Undirected,3
33768,56949,Undirected,3
56949,185659,Undirected,4
300043,317975,Undirected,3
206172,355570,Undirected,4
23212,127098,Undirected,4
67496,127098,Undirected,3
127098,285408,Undirected,3
156376,212571,Undirected,3
275083,359352,Undirected,3
77237,112519,Undirected,3
77237,164421,Undirected,4
77237,284633,Undirected,12
112519,364127,Undirected,5
164421,364127,Undirected,3
284633,299956,Undirected,4
314035,364127,Undirected,4
189830,207716,Undirected,4
189830,282642,Undirected,3
189830,314035,Undirected,4
189830,364127,Undirected,4
207716,282642,Undirected,3
207716,314035,Undirected,4
207716,364127,Undirected,11
282642,314035,Undirected,4
282642,364127,Undirected,3
77237,118564,Undirected,8
77237,364638,Undirected,3
118564,364638,Undirected,3
36429,112519,Undirected,4
36429,118564,Undirected,3
36429,364127,Undirected,15
118564,284633,Undirected,8
118564,364127,Undirected,3
112519,302304,Undirected,4
59291,380399,Undirected,7
59291,387558,Undirected,8
59291,388027,Undirected,11
380399,387558,Undirected,5
380399,388027,Undirected,7
387558,388027,Undirected,8
36429,72109,Undirected,3
72109,364127,Undirected,5
49961,380399,Undirected,4
168092,254061,Undirected,7
168092,259989,Undirected,3
168092,320265,Undirected,3
254061,259989,Undirected,3
254061,320265,Undirected,3
259989,320265,Undirected,3
21258,142149,Undirected,4
21258,181707,Undirected,3
21258,184745,Undirected,3
21258,186906,Undirected,5
21258,265988,Undirected,4
21258,314901,Undirected,3
21258,340974,Undirected,4
21258,377973,Undirected,3
142149,181707,Undirected,4
142149,184745,Undirected,3
142149,186906,Undirected,5
142149,265988,Undirected,4
142149,314901,Undirected,3
142149,340974,Undirected,4
142149,377973,Undirected,4
181707,184745,Undirected,3
181707,186906,Undirected,4
181707,265988,Undirected,4
181707,314901,Undirected,3
181707,340974,Undirected,4
181707,377973,Undirected,4
183116,184745,Undirected,3
183116,186906,Undirected,3
183116,265988,Undirected,3
183116,340974,Undirected,3
184745,265988,Undirected,4
184745,314901,Undirected,3
184745,340974,Undirected,4
184745,377973,Undirected,3
186906,265988,Undirected,5
186906,314901,Undirected,4
186906,340974,Undirected,5
186906,377973,Undirected,4
265988,314901,Undirected,4
265988,340974,Undirected,5
265988,377973,Undirected,4
314901,340974,Undirected,4
314901,377973,Undirected,3
340974,377973,Undirected,4
190587,190661,Undirected,3
190587,208816,Undirected,3
190587,238308,Undirected,3
190587,316502,Undirected,3
190587,365012,Undirected,3
190587,365606,Undirected,3
190587,387914,Undirected,3
190661,208816,Undirected,3
190661,238308,Undirected,3
190661,276778,Undirected,3
190661,316502,Undirected,3
190661,365012,Undirected,3
190661,365606,Undirected,3
190661,387914,Undirected,3
208816,238308,Undirected,3
208816,316502,Undirected,3
208816,365012,Undirected,3
208816,365606,Undirected,3
238308,316502,Undirected,3
238308,365012,Undirected,3
238308,365606,Undirected,3
238308,387914,Undirected,3
316502,365012,Undirected,3
316502,365606,Undirected,3
365012,365606,Undirected,3
365606,387914,Undirected,3
184463,264028,Undirected,3
44079,316569,Undirected,3
106634,193849,Undirected,4
46670,249518,Undirected,4
46670,280128,Undirected,3
170907,356794,Undirected,3
249518,356794,Undirected,3
184339,352082,Undirected,3
2856,120463,Undirected,3
2856,352082,Undirected,4
296185,342096,Undirected,3
43964,118172,Undirected,3
69320,124536,Undirected,3
69320,207075,Undirected,3
69320,352711,Undirected,3
69320,387030,Undirected,3
124536,207075,Undirected,3
124536,352711,Undirected,3
124536,387030,Undirected,3
207075,352711,Undirected,3
207075,387030,Undirected,3
352711,387030,Undirected,3
56900,209093,Undirected,5
56900,301874,Undirected,6
56900,338444,Undirected,5
56900,371340,Undirected,5
140538,209093,Undirected,6
140538,338444,Undirected,5
209093,338444,Undirected,5
209093,361672,Undirected,4
301874,338444,Undirected,5
338444,361672,Undirected,3
338444,371340,Undirected,5
338444,371359,Undirected,5
41653,183215,Undirected,3
183215,214000,Undirected,3
83310,314312,Undirected,3
41653,126918,Undirected,3
41653,374544,Undirected,3
43904,117627,Undirected,4
43904,128298,Undirected,3
49961,59291,Undirected,3
49961,309679,Undirected,3
49961,314554,Undirected,3
49961,388027,Undirected,3
59291,158123,Undirected,8
59291,309679,Undirected,6
59291,314554,Undirected,4
92777,388027,Undirected,3
158123,309679,Undirected,4
158123,380399,Undirected,4
158123,387558,Undirected,7
158123,388027,Undirected,8
309679,314554,Undirected,5
309679,380399,Undirected,5
309679,387558,Undirected,4
309679,388027,Undirected,6
314554,380399,Undirected,6
314554,388027,Undirected,5
3378,240463,Undirected,4
106634,240463,Undirected,4
181522,211766,Undirected,3
181522,262486,Undirected,3
186471,370733,Undirected,3
271493,282887,Undirected,3
271493,378177,Undirected,3
201442,346354,Undirected,4
3378,296447,Undirected,3
3378,375764,Undirected,3
240463,296447,Undirected,3
93391,119002,Undirected,3
93391,192500,Undirected,3
93391,278752,Undirected,3
93391,337898,Undirected,3
119002,192500,Undirected,3
119002,278752,Undirected,3
119002,337898,Undirected,3
192500,278752,Undirected,3
192500,337898,Undirected,3
278752,337898,Undirected,3
49384,295270,Undirected,3
295270,316891,Undirected,3
270895,299911,Undirected,4
280128,387877,Undirected,3
33355,250792,Undirected,5
97422,308468,Undirected,3
161253,170151,Undirected,4
316152,356548,Undirected,3
106460,337600,Undirected,3
33768,238216,Undirected,4
72378,317975,Undirected,3
72814,238216,Undirected,3
220329,238216,Undirected,3
88496,170907,Undirected,3
228998,377429,Undirected,3
118564,164421,Undirected,5
118564,299956,Undirected,7
100912,264221,Undirected,3
264221,304549,Undirected,3
236441,270895,Undirected,4
270895,335199,Undirected,4
182609,252482,Undirected,8
316581,326131,Undirected,3
49476,364514,Undirected,3
216562,364514,Undirected,3
332157,388378,Undirected,3
179166,332431,Undirected,3
271493,288852,Undirected,3
44435,373421,Undirected,10
97422,275254,Undirected,4
284756,335199,Undirected,5
127554,252482,Undirected,4
187430,198793,Undirected,4
3364,39650,Undirected,3
47424,53698,Undirected,8
47424,161073,Undirected,7
47424,255658,Undirected,4
47424,336674,Undirected,5
53698,190587,Undirected,6
53698,199655,Undirected,4
53698,296766,Undirected,4
53698,337116,Undirected,8
53698,342903,Undirected,6
161073,255658,Undirected,9
190587,336674,Undirected,6
199655,255658,Undirected,3
199655,296766,Undirected,4
199655,336674,Undirected,4
199655,337116,Undirected,3
255658,296766,Undirected,3
255658,336674,Undirected,4
296766,336674,Undirected,7
296766,342903,Undirected,4
47424,62833,Undirected,5
47424,159981,Undirected,5
47424,187880,Undirected,6
47424,267583,Undirected,5
49462,73203,Undirected,3
49462,159981,Undirected,4
49462,161073,Undirected,7
49462,267583,Undirected,3
187880,267583,Undirected,6
49462,72814,Undirected,3
49462,255658,Undirected,5
49462,281920,Undirected,8
49462,355129,Undirected,6
72814,255658,Undirected,4
187426,255658,Undirected,3
187426,355129,Undirected,5
255658,281920,Undirected,7
255658,355129,Undirected,6
39462,47424,Undirected,6
87115,255658,Undirected,3
255658,288793,Undirected,5
288793,341074,Undirected,3
47424,255665,Undirected,3
50083,161073,Undirected,4
73203,163206,Undirected,4
161073,163206,Undirected,6
161073,256964,Undirected,3
48517,255665,Undirected,7
48517,298757,Undirected,8
69755,305988,Undirected,4
69755,360041,Undirected,3
214283,298757,Undirected,4
214283,305988,Undirected,3
214283,360041,Undirected,3
255665,298757,Undirected,5
278534,360041,Undirected,6
298757,305988,Undirected,3
14074,216640,Undirected,3
14074,255658,Undirected,4
161073,216640,Undirected,4
216640,255658,Undirected,4
216640,355129,Undirected,3
14074,49462,Undirected,4
49462,87115,Undirected,3
49462,216640,Undirected,3
49462,288793,Undirected,5
256964,281920,Undirected,3
62833,105560,Undirected,5
73203,105560,Undirected,3
161073,273980,Undirected,4
163206,255658,Undirected,4
49462,163206,Undirected,3
49462,336674,Undirected,4
39462,49462,Undirected,3
161073,167902,Undirected,5
167902,330233,Undirected,4
167902,336674,Undirected,6
53364,92154,Undirected,3
92154,161073,Undirected,15
92154,288793,Undirected,3
161073,278636,Undirected,3
162655,278636,Undirected,3
162655,294879,Undirected,3
162655,387609,Undirected,3
278636,288793,Undirected,4
278636,294879,Undirected,3
278636,387609,Undirected,3
288793,387609,Undirected,4
294879,387609,Undirected,3
336674,387609,Undirected,4
336674,341074,Undirected,3
73203,212348,Undirected,6
212348,386007,Undirected,5
87115,187426,Undirected,3
87115,360041,Undirected,4
194500,360041,Undirected,3
69755,353590,Undirected,7
69755,378177,Undirected,4
75581,353590,Undirected,8
163464,353590,Undirected,12
212072,353590,Undirected,4
250271,353590,Undirected,10
353590,386007,Undirected,6
341074,386007,Undirected,10
245765,373091,Undirected,5
21258,76214,Undirected,4
76214,142149,Undirected,4
76214,186906,Undirected,5
185943,309800,Undirected,3
14074,185943,Undirected,3
76214,181707,Undirected,3
76214,265988,Undirected,4
76214,340974,Undirected,4
76214,377973,Undirected,3
35526,386797,Undirected,3
41359,235261,Undirected,3
91505,164033,Undirected,3
131153,211766,Undirected,3
131153,365387,Undirected,3
93260,255051,Undirected,5
19105,58125,Undirected,3
19105,347251,Undirected,3
19105,391866,Undirected,3
58125,347251,Undirected,3
347251,391866,Undirected,3
144803,262486,Undirected,6
170072,262486,Undirected,3
72814,353590,Undirected,7
107967,189604,Undirected,5
163464,189604,Undirected,4
53364,360041,Undirected,3
87115,212348,Undirected,3
212348,355129,Undirected,3
198793,270592,Undirected,4
11309,184801,Undirected,3
232416,385896,Undirected,3
76970,278534,Undirected,3
76970,336674,Undirected,5
27167,49462,Undirected,3
49462,53364,Undirected,4
53364,174366,Undirected,10
288793,301686,Undirected,5
47424,105560,Undirected,4
47424,353590,Undirected,4
53364,105560,Undirected,3
105560,296766,Undirected,3
296766,353590,Undirected,4
187880,255658,Undirected,3
267583,353590,Undirected,4
47424,88496,Undirected,6
88496,105560,Undirected,4
49462,85934,Undirected,3
53364,187880,Undirected,3
33768,212072,Undirected,3
73203,118260,Undirected,3
118260,214283,Undirected,9
105560,187880,Undirected,4
33768,307711,Undirected,3
33768,375749,Undirected,3
71025,200957,Undirected,3
168092,221573,Undirected,3
168092,352700,Undirected,3
221573,254061,Undirected,3
221573,352700,Undirected,3
254061,352700,Undirected,3
152982,365438,Undirected,4
88994,371359,Undirected,3
76190,172977,Undirected,3
76190,187430,Undirected,3
76190,198793,Undirected,3
76190,270592,Undirected,3
76190,342816,Undirected,3
172977,187430,Undirected,3
172977,198793,Undirected,3
172977,270592,Undirected,4
172977,342816,Undirected,3
187430,270592,Undirected,3
187430,342816,Undirected,3
270592,342816,Undirected,4
95035,112519,Undirected,3
95035,370733,Undirected,3
112519,370733,Undirected,6
236540,370733,Undirected,5
96204,131305,Undirected,3
69753,233069,Undirected,5
69753,285070,Undirected,6
69753,341215,Undirected,4
233069,285070,Undirected,6
285070,341215,Undirected,4
11715,144803,Undirected,3
131153,144803,Undirected,3
131153,262486,Undirected,4
54160,208585,Undirected,3
127771,256964,Undirected,3
346261,374021,Undirected,3
34150,154058,Undirected,3
156631,297560,Undirected,3
144803,344055,Undirected,3
262486,344055,Undirected,3
131305,139556,Undirected,3
139556,368552,Undirected,3
44134,322171,Undirected,3
47424,64602,Undirected,4
53364,255658,Undirected,3
64602,255088,Undirected,3
255088,296766,Undirected,9
184432,255088,Undirected,3
184432,296766,Undirected,3
52741,129953,Undirected,3
172133,353655,Undirected,3
172133,368248,Undirected,3
44383,346261,Undirected,3
188044,297673,Undirected,3
190661,294879,Undirected,3
331126,366129,Undirected,3
282590,314554,Undirected,4
302304,364127,Undirected,4
36429,207716,Undirected,8
152982,182609,Undirected,4
39462,53698,Undirected,12
39462,199655,Undirected,3
39462,300879,Undirected,4
53698,288793,Undirected,6
53698,300879,Undirected,4
73431,255088,Undirected,3
199655,288793,Undirected,4
255088,336674,Undirected,4
288793,296766,Undirected,3
288793,300879,Undirected,5
300879,336674,Undirected,4
39462,353590,Undirected,4
53698,85934,Undirected,6
53698,267583,Undirected,10
53698,353590,Undirected,4
85934,267583,Undirected,4
85934,353590,Undirected,3
267583,288793,Undirected,5
267583,300879,Undirected,3
288793,353590,Undirected,4
53698,188829,Undirected,3
85934,342903,Undirected,3
39462,190587,Undirected,3
267583,342903,Undirected,3
36088,282590,Undirected,3
38087,282590,Undirected,3
38087,296595,Undirected,3
257257,301307,Undirected,5
282887,301307,Undirected,4
301307,336674,Undirected,3
53698,281920,Undirected,4
267583,337116,Undirected,5
72814,76970,Undirected,10
72814,119210,Undirected,3
72814,212072,Undirected,3
119210,163464,Undirected,3
119210,214283,Undirected,5
214283,378177,Undirected,3
69755,118260,Undirected,7
75581,118260,Undirected,6
118260,257257,Undirected,3
307711,387609,Undirected,3
53364,118260,Undirected,6
53364,122576,Undirected,3
118260,336674,Undirected,3
88496,269532,Undirected,3
269532,301686,Undirected,3
53698,105560,Undirected,4
176765,307390,Undirected,3
176765,356548,Undirected,3
307390,356548,Undirected,3
41763,97433,Undirected,4
211201,337116,Undirected,3
161073,188829,Undirected,3
187880,188829,Undirected,3
188829,250271,Undirected,3
72550,187426,Undirected,3
72550,187880,Undirected,3
72814,187880,Undirected,3
88496,187426,Undirected,3
88496,267583,Undirected,4
159981,187426,Undirected,4
187426,267583,Undirected,3
61854,73203,Undirected,3
61854,255665,Undirected,3
304744,364949,Undirected,4
131497,387538,Undirected,3
169760,387538,Undirected,3
369865,387538,Undirected,3
18802,28981,Undirected,3
27167,267583,Undirected,3
48517,250271,Undirected,8
48517,341074,Undirected,4
250271,341074,Undirected,12
76,365277,Undirected,4
76,377361,Undirected,4
316300,317710,Undirected,3
75581,92154,Undirected,10
75581,160604,Undirected,3
92154,163464,Undirected,13
92154,212348,Undirected,3
92154,250271,Undirected,13
92154,341074,Undirected,8
92154,386007,Undirected,11
212348,341074,Undirected,4
92154,107967,Undirected,3
107967,341074,Undirected,3
75581,159231,Undirected,6
159231,161073,Undirected,7
159231,341074,Undirected,3
92154,255665,Undirected,10
92154,298757,Undirected,3
159231,255665,Undirected,6
159231,386007,Undirected,6
298757,386007,Undirected,8
255665,353590,Undirected,3
341074,353590,Undirected,3
159231,336674,Undirected,3
298757,341074,Undirected,4
48517,92154,Undirected,3
34379,216869,Undirected,3
34379,330990,Undirected,3
34379,369865,Undirected,4
34379,387072,Undirected,4
330990,387072,Undirected,3
350370,387072,Undirected,3
27167,255658,Undirected,3
47122,69913,Undirected,5
47122,275082,Undirected,5
160995,213377,Undirected,3
166240,213377,Undirected,3
44418,314312,Undirected,3
149575,292621,Undirected,3
41949,186737,Undirected,4
44594,186737,Undirected,4
186737,269463,Undirected,4
223707,236859,Undirected,3
69185,302052,Undirected,6
44860,69185,Undirected,3
69185,117705,Undirected,5
12634,65241,Undirected,8
12634,181126,Undirected,7
65241,181126,Undirected,11
69755,76970,Undirected,7
76970,386007,Undirected,7
53364,137560,Undirected,3
137560,307711,Undirected,3
214283,355129,Undirected,6
658,118260,Undirected,7
118260,220329,Undirected,4
76970,174366,Undirected,7
174366,307711,Undirected,4
174366,378177,Undirected,3
13328,84375,Undirected,3
13328,88591,Undirected,3
13328,135920,Undirected,3
13328,179135,Undirected,3
13328,183297,Undirected,3
13328,211028,Undirected,3
84375,88591,Undirected,3
84375,135920,Undirected,3
84375,179135,Undirected,3
84375,183297,Undirected,3
84375,211028,Undirected,3
88591,135920,Undirected,3
135920,179135,Undirected,3
135920,183297,Undirected,3
135920,211028,Undirected,3
63180,369599,Undirected,3
42444,61769,Undirected,3
42444,184399,Undirected,3
61769,184399,Undirected,3
2374,107967,Undirected,3
26149,128010,Undirected,4
128010,295216,Undirected,3
56900,97433,Undirected,3
174366,189604,Undirected,4
189604,386007,Undirected,3
174366,355129,Undirected,8
76970,118260,Undirected,5
118260,174366,Undirected,3
37577,274499,Undirected,3
257242,386007,Undirected,3
62507,381922,Undirected,3
12634,330372,Undirected,6
357894,371359,Undirected,3
59291,282590,Undirected,3
160604,219695,Undirected,4
106567,315586,Undirected,3
106567,169314,Undirected,3
128298,169723,Undirected,3
73431,263956,Undirected,9
91972,263956,Undirected,8
188242,263956,Undirected,7
255594,263956,Undirected,3
263956,364514,Undirected,10
73431,330241,Undirected,4
91972,330241,Undirected,3
188242,330241,Undirected,3
211201,330241,Undirected,4
263956,330241,Undirected,4
330241,364514,Undirected,4
330241,387679,Undirected,3
2374,73431,Undirected,5
2374,91972,Undirected,4
2374,188242,Undirected,3
2374,211201,Undirected,5
2374,263956,Undirected,5
2374,330241,Undirected,3
91972,270187,Undirected,3
174366,270187,Undirected,3
211201,270187,Undirected,3
263956,270187,Undirected,3
270187,364514,Undirected,3
50083,91015,Undirected,4
50083,109478,Undirected,4
50083,213381,Undirected,4
50083,217875,Undirected,5
50083,301739,Undirected,4
91015,109478,Undirected,6
91015,161073,Undirected,6
91015,213381,Undirected,6
91015,217875,Undirected,9
91015,301739,Undirected,9
109478,161073,Undirected,3
109478,213381,Undirected,4
109478,217875,Undirected,6
109478,301739,Undirected,6
161073,213381,Undirected,5
161073,301739,Undirected,6
213381,217875,Undirected,6
213381,301739,Undirected,6
217875,301739,Undirected,9
91015,353734,Undirected,7
109478,353734,Undirected,4
213381,353734,Undirected,4
217875,353734,Undirected,7
301739,353734,Undirected,7
64602,217875,Undirected,3
64602,384555,Undirected,3
91015,167902,Undirected,6
91015,330233,Undirected,3
91015,336674,Undirected,6
91015,384555,Undirected,7
109478,167902,Undirected,3
109478,336674,Undirected,4
109478,384555,Undirected,4
167902,217875,Undirected,6
167902,301739,Undirected,6
167902,353734,Undirected,5
167902,384555,Undirected,6
217875,330233,Undirected,4
217875,384555,Undirected,8
301739,330233,Undirected,3
301739,336674,Undirected,6
301739,384555,Undirected,7
330233,353734,Undirected,3
330233,384555,Undirected,4
336674,353734,Undirected,5
336674,384555,Undirected,6
353734,384555,Undirected,6
50083,384555,Undirected,3
161073,384555,Undirected,5
167902,213381,Undirected,3
213381,336674,Undirected,4
213381,384555,Undirected,4
161073,353734,Undirected,4
119210,355129,Undirected,3
69755,72340,Undirected,3
72340,75581,Undirected,3
228997,344831,Undirected,3
116854,149568,Undirected,3
364127,370733,Undirected,3
53781,69516,Undirected,4
139875,196643,Undirected,3
139875,208585,Undirected,3
186471,253912,Undirected,3
297357,309194,Undirected,3
76214,213073,Undirected,3
59929,97433,Undirected,3
45620,174036,Undirected,3
45620,296562,Undirected,3
45620,297624,Undirected,3
174036,269044,Undirected,3
174036,289071,Undirected,6
174036,296562,Undirected,3
174036,297624,Undirected,8
174036,343036,Undirected,3
174036,345675,Undirected,4
269044,297624,Undirected,3
289071,297624,Undirected,3
296562,297624,Undirected,3
296562,343036,Undirected,3
297624,343036,Undirected,4
47858,340219,Undirected,3
174036,272412,Undirected,9
272412,297624,Undirected,7
319847,364127,Undirected,3
61931,152982,Undirected,3
61931,252482,Undirected,4
61931,318399,Undirected,4
182609,264131,Undirected,3
182609,365438,Undirected,4
252482,264131,Undirected,3
264131,318399,Undirected,3
264131,365438,Undirected,3
61931,182609,Undirected,3
127554,182609,Undirected,3
127554,318399,Undirected,3
174036,270559,Undirected,3
12402,174036,Undirected,3
12402,297624,Undirected,4
213271,384401,Undirected,3
60566,354563,Undirected,3
31179,138580,Undirected,4
38309,138580,Undirected,4
67775,138580,Undirected,3
138580,252482,Undirected,4
100115,350435,Undirected,3
112747,350435,Undirected,3
21237,373977,Undirected,3
78385,207352,Undirected,3
78385,80580,Undirected,3
131497,206172,Undirected,3
94550,313516,Undirected,3
34379,130221,Undirected,3
34379,213430,Undirected,3
160363,182727,Undirected,4
14602,296277,Undirected,5
53647,149588,Undirected,6
82014,317954,Undirected,6
24807,120131,Undirected,9
59185,120131,Undirected,7
120131,283456,Undirected,5
120131,387973,Undirected,8
133377,196643,Undirected,3
133377,296535,Undirected,3
196643,296535,Undirected,3
120131,281822,Undirected,6
65241,330372,Undirected,12
181126,330372,Undirected,14
302304,370733,Undirected,5
80772,222481,Undirected,3
72109,128010,Undirected,3
128010,364127,Undirected,4
36429,164421,Undirected,3
118564,250618,Undirected,3
36429,302304,Undirected,4
36429,370733,Undirected,3
319847,380399,Undirected,3
74774,144866,Undirected,3
144866,149553,Undirected,3
68292,131497,Undirected,3
68292,169760,Undirected,3
68292,369865,Undirected,3
215636,319183,Undirected,3
118728,157772,Undirected,9
104815,216736,Undirected,3
22737,130221,Undirected,3
53647,161671,Undirected,4
53647,264738,Undirected,3
